Apache Maven 3.9.14 (996c630dbc656c76214ce58821dcc58be960875b)
Maven home: D:\apache-maven-3.9.14
Java version: 17.0.12, vendor: Oracle Corporation, runtime: D:\Develop\JAVA17
Default locale: zh_CN, platform encoding: GBK
OS name: "windows 11", version: "10.0", arch: "amd64", family: "windows"
[DEBUG] Created new class realm maven.api
[DEBUG] Importing foreign packages into class realm maven.api
[DEBUG]   Imported: javax.annotation.* < plexus.core
[DEBUG]   Imported: javax.annotation.security.* < plexus.core
[DEBUG]   Imported: javax.inject.* < plexus.core
[DEBUG]   Imported: org.apache.maven.* < plexus.core
[DEBUG]   Imported: org.apache.maven.artifact < plexus.core
[DEBUG]   Imported: org.apache.maven.classrealm < plexus.core
[DEBUG]   Imported: org.apache.maven.cli < plexus.core
[DEBUG]   Imported: org.apache.maven.configuration < plexus.core
[DEBUG]   Imported: org.apache.maven.exception < plexus.core
[DEBUG]   Imported: org.apache.maven.execution < plexus.core
[DEBUG]   Imported: org.apache.maven.execution.scope < plexus.core
[DEBUG]   Imported: org.apache.maven.graph < plexus.core
[DEBUG]   Imported: org.apache.maven.lifecycle < plexus.core
[DEBUG]   Imported: org.apache.maven.model < plexus.core
[DEBUG]   Imported: org.apache.maven.monitor < plexus.core
[DEBUG]   Imported: org.apache.maven.plugin < plexus.core
[DEBUG]   Imported: org.apache.maven.profiles < plexus.core
[DEBUG]   Imported: org.apache.maven.project < plexus.core
[DEBUG]   Imported: org.apache.maven.reporting < plexus.core
[DEBUG]   Imported: org.apache.maven.repository < plexus.core
[DEBUG]   Imported: org.apache.maven.rtinfo < plexus.core
[DEBUG]   Imported: org.apache.maven.settings < plexus.core
[DEBUG]   Imported: org.apache.maven.toolchain < plexus.core
[DEBUG]   Imported: org.apache.maven.usability < plexus.core
[DEBUG]   Imported: org.apache.maven.wagon.* < plexus.core
[DEBUG]   Imported: org.apache.maven.wagon.authentication < plexus.core
[DEBUG]   Imported: org.apache.maven.wagon.authorization < plexus.core
[DEBUG]   Imported: org.apache.maven.wagon.events < plexus.core
[DEBUG]   Imported: org.apache.maven.wagon.observers < plexus.core
[DEBUG]   Imported: org.apache.maven.wagon.proxy < plexus.core
[DEBUG]   Imported: org.apache.maven.wagon.repository < plexus.core
[DEBUG]   Imported: org.apache.maven.wagon.resource < plexus.core
[DEBUG]   Imported: org.codehaus.classworlds < plexus.core
[DEBUG]   Imported: org.codehaus.plexus.* < plexus.core
[DEBUG]   Imported: org.codehaus.plexus.classworlds < plexus.core
[DEBUG]   Imported: org.codehaus.plexus.component < plexus.core
[DEBUG]   Imported: org.codehaus.plexus.configuration < plexus.core
[DEBUG]   Imported: org.codehaus.plexus.container < plexus.core
[DEBUG]   Imported: org.codehaus.plexus.context < plexus.core
[DEBUG]   Imported: org.codehaus.plexus.lifecycle < plexus.core
[DEBUG]   Imported: org.codehaus.plexus.logging < plexus.core
[DEBUG]   Imported: org.codehaus.plexus.personality < plexus.core
[DEBUG]   Imported: org.codehaus.plexus.util.xml.Xpp3Dom < plexus.core
[DEBUG]   Imported: org.codehaus.plexus.util.xml.pull.XmlPullParser < plexus.core
[DEBUG]   Imported: org.codehaus.plexus.util.xml.pull.XmlPullParserException < plexus.core
[DEBUG]   Imported: org.codehaus.plexus.util.xml.pull.XmlSerializer < plexus.core
[DEBUG]   Imported: org.eclipse.aether.* < plexus.core
[DEBUG]   Imported: org.eclipse.aether.artifact < plexus.core
[DEBUG]   Imported: org.eclipse.aether.collection < plexus.core
[DEBUG]   Imported: org.eclipse.aether.deployment < plexus.core
[DEBUG]   Imported: org.eclipse.aether.graph < plexus.core
[DEBUG]   Imported: org.eclipse.aether.impl < plexus.core
[DEBUG]   Imported: org.eclipse.aether.installation < plexus.core
[DEBUG]   Imported: org.eclipse.aether.internal.impl < plexus.core
[DEBUG]   Imported: org.eclipse.aether.metadata < plexus.core
[DEBUG]   Imported: org.eclipse.aether.repository < plexus.core
[DEBUG]   Imported: org.eclipse.aether.resolution < plexus.core
[DEBUG]   Imported: org.eclipse.aether.spi < plexus.core
[DEBUG]   Imported: org.eclipse.aether.transfer < plexus.core
[DEBUG]   Imported: org.eclipse.aether.util < plexus.core
[DEBUG]   Imported: org.eclipse.aether.version < plexus.core
[DEBUG]   Imported: org.fusesource.jansi.* < plexus.core
[DEBUG]   Imported: org.slf4j.* < plexus.core
[DEBUG]   Imported: org.slf4j.event.* < plexus.core
[DEBUG]   Imported: org.slf4j.helpers.* < plexus.core
[DEBUG]   Imported: org.slf4j.spi.* < plexus.core
[DEBUG] Populating class realm maven.api
[DEBUG] Created adapter factory; available factories [file-lock, rwlock-local, semaphore-local, noop]; available name mappers [discriminating, file-gaecv, file-gav, file-hgaecv, file-hgav, file-static, gaecv, gav, static]
[INFO] Error stacktraces are turned on.
[DEBUG] Message scheme: color
[DEBUG] Message styles: debug info warning error success failure strong mojo project
[DEBUG] Reading global settings from D:\apache-maven-3.9.14\conf\settings.xml
[DEBUG] Reading user settings from C:\Users\ASUS\.m2\settings.xml
[DEBUG] Reading global toolchains from D:\apache-maven-3.9.14\conf\toolchains.xml
[DEBUG] Reading user toolchains from C:\Users\ASUS\.m2\toolchains.xml
[DEBUG] Using local repository at D:\maven_repository
[DEBUG] Using manager EnhancedLocalRepositoryManager with priority 10.0 for D:\maven_repository
[INFO] Scanning for projects...
[DEBUG] Using mirror aliyunmaven (https://maven.aliyun.com/repository/public) for central (https://repo.maven.apache.org/maven2).
[DEBUG] Extension realms for project com.graduation:spark-jobs:jar:0.1.0-SNAPSHOT: (none)
[DEBUG] Looking up lifecycle mappings for packaging jar from ClassRealm[plexus.core, parent: null]
[DEBUG] === REACTOR BUILD PLAN ================================================
[DEBUG] Project: com.graduation:spark-jobs:jar:0.1.0-SNAPSHOT
[DEBUG] Tasks:   [compile]
[DEBUG] Style:   Regular
[DEBUG] =======================================================================
[INFO] 
[INFO] ---------------------< com.graduation:spark-jobs >----------------------
[INFO] Building spark-jobs 0.1.0-SNAPSHOT
[INFO]   from pom.xml
[INFO] --------------------------------[ jar ]---------------------------------
[DEBUG] Lifecycle clean -> [pre-clean, clean, post-clean]
[DEBUG] Lifecycle default -> [validate, initialize, generate-sources, process-sources, generate-resources, process-resources, compile, process-classes, generate-test-sources, process-test-sources, generate-test-resources, process-test-resources, test-compile, process-test-classes, test, prepare-package, package, pre-integration-test, integration-test, post-integration-test, verify, install, deploy]
[DEBUG] Lifecycle site -> [pre-site, site, post-site, site-deploy]
[DEBUG] Creating adapter using nameMapper 'gaecv' and factory 'rwlock-local'
[DEBUG] Lifecycle clean -> [pre-clean, clean, post-clean]
[DEBUG] Lifecycle default -> [validate, initialize, generate-sources, process-sources, generate-resources, process-resources, compile, process-classes, generate-test-sources, process-test-sources, generate-test-resources, process-test-resources, test-compile, process-test-classes, test, prepare-package, package, pre-integration-test, integration-test, post-integration-test, verify, install, deploy]
[DEBUG] Lifecycle site -> [pre-site, site, post-site, site-deploy]
[DEBUG] Lifecycle clean -> [pre-clean, clean, post-clean]
[DEBUG] Lifecycle default -> [validate, initialize, generate-sources, process-sources, generate-resources, process-resources, compile, process-classes, generate-test-sources, process-test-sources, generate-test-resources, process-test-resources, test-compile, process-test-classes, test, prepare-package, package, pre-integration-test, integration-test, post-integration-test, verify, install, deploy]
[DEBUG] Lifecycle site -> [pre-site, site, post-site, site-deploy]
[DEBUG] === PROJECT BUILD PLAN ================================================
[DEBUG] Project:       com.graduation:spark-jobs:0.1.0-SNAPSHOT
[DEBUG] Dependencies (collect): []
[DEBUG] Dependencies (resolve): [compile]
[DEBUG] Repositories (dependencies): [aliyunmaven (https://maven.aliyun.com/repository/public, default, releases)]
[DEBUG] Repositories (plugins)     : [aliyunmaven (https://maven.aliyun.com/repository/public, default, releases)]
[DEBUG] -----------------------------------------------------------------------
[DEBUG] Goal:          org.apache.maven.plugins:maven-resources-plugin:3.4.0:resources (default-resources)
[DEBUG] Style:         Regular
[DEBUG] Configuration: <?xml version="1.0" encoding="UTF-8"?>
<configuration>
  <addDefaultExcludes default-value="true"/>
  <buildFilters default-value="${project.build.filters}"/>
  <encoding default-value="${project.build.sourceEncoding}"/>
  <escapeWindowsPaths default-value="true"/>
  <fileNameFiltering default-value="false"/>
  <includeEmptyDirs default-value="false"/>
  <outputDirectory default-value="${project.build.outputDirectory}"/>
  <overwrite default-value="false"/>
  <project default-value="${project}"/>
  <resources default-value="${project.resources}"/>
  <session default-value="${session}"/>
  <skip default-value="false">${maven.resources.skip}</skip>
  <supportMultiLineFiltering default-value="false"/>
  <useBuildFilters default-value="true"/>
  <useDefaultDelimiters default-value="true"/>
</configuration>
[DEBUG] -----------------------------------------------------------------------
[DEBUG] Goal:          org.apache.maven.plugins:maven-compiler-plugin:3.15.0:compile (default-compile)
[DEBUG] Style:         Regular
[DEBUG] Configuration: <?xml version="1.0" encoding="UTF-8"?>
<configuration>
  <annotationProcessorPathsUseDepMgmt default-value="false"/>
  <basedir default-value="${basedir}"/>
  <buildDirectory default-value="${project.build.directory}"/>
  <compilePath default-value="${project.compileClasspathElements}"/>
  <compileSourceRoots default-value="${project.compileSourceRoots}"/>
  <compilerId default-value="javac">${maven.compiler.compilerId}</compilerId>
  <compilerReuseStrategy default-value="${reuseCreated}">${maven.compiler.compilerReuseStrategy}</compilerReuseStrategy>
  <compilerVersion>${maven.compiler.compilerVersion}</compilerVersion>
  <createMissingPackageInfoClass default-value="true">${maven.compiler.createMissingPackageInfoClass}</createMissingPackageInfoClass>
  <debug default-value="true">${maven.compiler.debug}</debug>
  <debugFileName default-value="javac"/>
  <debuglevel>${maven.compiler.debuglevel}</debuglevel>
  <enablePreview default-value="false">${maven.compiler.enablePreview}</enablePreview>
  <encoding default-value="${project.build.sourceEncoding}">${encoding}</encoding>
  <executable>${maven.compiler.executable}</executable>
  <failOnError default-value="true">${maven.compiler.failOnError}</failOnError>
  <failOnWarning default-value="false">${maven.compiler.failOnWarning}</failOnWarning>
  <fileExtensions default-value="class,jar"/>
  <forceJavacCompilerUse default-value="false">${maven.compiler.forceJavacCompilerUse}</forceJavacCompilerUse>
  <forceLegacyJavacApi default-value="false">${maven.compiler.forceLegacyJavacApi}</forceLegacyJavacApi>
  <fork default-value="false">${maven.compiler.fork}</fork>
  <generatedSourcesDirectory default-value="${project.build.directory}/generated-sources/annotations"/>
  <implicit>${maven.compiler.implicit}</implicit>
  <maxmem>${maven.compiler.maxmem}</maxmem>
  <meminitial>${maven.compiler.meminitial}</meminitial>
  <moduleVersion default-value="${project.version}">${maven.compiler.moduleVersion}</moduleVersion>
  <mojoExecution default-value="${mojoExecution}"/>
  <optimize default-value="false">${maven.compiler.optimize}</optimize>
  <outputDirectory default-value="${project.build.outputDirectory}">${maven.compiler.outputDirectory}</outputDirectory>
  <outputTimestamp default-value="${project.build.outputTimestamp}"/>
  <parameters default-value="false">${maven.compiler.parameters}</parameters>
  <proc>${maven.compiler.proc}</proc>
  <project default-value="${project}"/>
  <projectArtifact default-value="${project.artifact}"/>
  <release>${maven.compiler.release}</release>
  <session default-value="${session}"/>
  <showCompilationChanges default-value="false">${maven.compiler.showCompilationChanges}</showCompilationChanges>
  <showDeprecation default-value="false">${maven.compiler.showDeprecation}</showDeprecation>
  <showWarnings default-value="true">${maven.compiler.showWarnings}</showWarnings>
  <skipMain>${maven.main.skip}</skipMain>
  <skipMultiThreadWarning default-value="false">${maven.compiler.skipMultiThreadWarning}</skipMultiThreadWarning>
  <source default-value="1.8">${maven.compiler.source}</source>
  <staleMillis default-value="0">${lastModGranularityMs}</staleMillis>
  <target default-value="1.8">${maven.compiler.target}</target>
  <useIncrementalCompilation default-value="true">${maven.compiler.useIncrementalCompilation}</useIncrementalCompilation>
  <useModuleVersion default-value="true">${maven.compiler.useModuleVersion}</useModuleVersion>
  <verbose default-value="false">${maven.compiler.verbose}</verbose>
</configuration>
[DEBUG] -----------------------------------------------------------------------
[DEBUG] Goal:          net.alchim31.maven:scala-maven-plugin:4.8.1:compile (default)
[DEBUG] Style:         Regular
[DEBUG] Configuration: <?xml version="1.0" encoding="UTF-8"?>
<configuration>
  <addJavacArgs>${addJavacArgs}</addJavacArgs>
  <addScalacArgs>${addScalacArgs}</addScalacArgs>
  <additionalDependencies>${additionalDependencies}</additionalDependencies>
  <analysisCacheFile default-value="${project.build.directory}/analysis/compile">${analysisCacheFile}</analysisCacheFile>
  <args>
    <arg>-deprecation</arg>
    <arg>-feature</arg>
  </args>
  <checkMultipleScalaVersions default-value="true">${maven.scala.checkConsistency}</checkMultipleScalaVersions>
  <classpath>${classpath}</classpath>
  <compileOrder default-value="Mixed">${compileOrder}</compileOrder>
  <displayCmd default-value="false">${displayCmd}</displayCmd>
  <encoding default-value="UTF-8">${project.build.sourceEncoding}</encoding>
  <failOnMultipleScalaVersions default-value="false"/>
  <forceUseArgFile default-value="false"/>
  <fork default-value="true"/>
  <javacArgs>${javacArgs}</javacArgs>
  <javacGenerateDebugSymbols default-value="true">${javacGenerateDebugSymbols}</javacGenerateDebugSymbols>
  <notifyCompilation default-value="true">${notifyCompilation}</notifyCompilation>
  <outputDir default-value="${project.build.outputDirectory}">${outputDir}</outputDir>
  <pluginArtifacts default-value="${plugin.artifacts}"/>
  <project>${project}</project>
  <recompileMode default-value="incremental">${recompileMode}</recompileMode>
  <release>8</release>
  <scalaClassName>${maven.scala.className}</scalaClassName>
  <scalaCompatVersion>${scala.compat.version}</scalaCompatVersion>
  <scalaHome>${scala.home}</scalaHome>
  <scalaOrganization default-value="org.scala-lang">${scala.organization}</scalaOrganization>
  <scalaVersion>2.12.19</scalaVersion>
  <secondaryCacheDir>${secondaryCacheDir}</secondaryCacheDir>
  <sendJavaToScalac default-value="true"/>
  <session>${session}</session>
  <skipMain>${maven.main.skip}</skipMain>
  <source>${maven.compiler.source}</source>
  <sourceDir default-value="${project.build.sourceDirectory}/../scala"/>
  <target>${maven.compiler.target}</target>
  <useCanonicalPath default-value="true">${maven.scala.useCanonicalPath}</useCanonicalPath>
</configuration>
[DEBUG] =======================================================================
[DEBUG] Using mirror maven-default-http-blocker (http://0.0.0.0/) for apache.snapshots (http://repository.apache.org/snapshots).
[WARNING] 2 problems were encountered while building the effective model for org.apache.yetus:audience-annotations:jar:0.5.0 during dependency collection step for project. Path to offending node from root:
 -> com.graduation:spark-jobs:jar:0.1.0-SNAPSHOT
 -> org.apache.spark:spark-core_2.12:jar:3.5.1 (provided)
 -> org.apache.zookeeper:zookeeper:jar:3.6.3 (compile)
 -> org.apache.zookeeper:zookeeper-jute:jar:3.6.3 (compile)
 => org.apache.yetus:audience-annotations:jar:0.5.0 (compile)
Problems
* 'dependencies.dependency.systemPath' for jdk.tools:jdk.tools:jar refers to a non-existing file D:\Develop\JAVA17\..\lib\tools.jar. Please verify that you run Maven using a JDK and not just a JRE. @ org.apache.yetus:audience-annotations:0.5.0
* 'dependencyManagement.dependencies.dependency.systemPath' for jdk.tools:jdk.tools:jar refers to a non-existing file D:\Develop\JAVA17\..\lib\tools.jar. Please verify that you run Maven using a JDK and not just a JRE. @ org.apache.yetus:audience-annotations:0.5.0
[DEBUG] Using mirror maven-default-http-blocker (http://0.0.0.0/) for ossrh-snapshots (http://oss.sonatype.org/content/repositories/snapshots).
[DEBUG] Using mirror maven-default-http-blocker (http://0.0.0.0/) for apache.snapshots (http://people.apache.org/repo/m2-snapshot-repository).
[DEBUG] Using mirror maven-default-http-blocker (http://0.0.0.0/) for repository.jboss.org (http://repository.jboss.org/nexus/content/groups/public/).
[DEBUG] Using mirror maven-default-http-blocker (http://0.0.0.0/) for eclipselink.repository (http://www.eclipse.org/downloads/download.php?r=1&nf=1&file=/rt/eclipselink/maven.repo).
[DEBUG] Using mirror maven-default-http-blocker (http://0.0.0.0/) for ow2-snapshot (http://repository.ow2.org/nexus/content/repositories/snapshots).
[DEBUG] Using mirror maven-default-http-blocker (http://0.0.0.0/) for glassfish-repository (http://download.java.net/maven/glassfish).
[DEBUG] Using mirror maven-default-http-blocker (http://0.0.0.0/) for m2.dev.java.net (http://download.java.net/maven/2).
[DEBUG] Dependency collection stats {ConflictMarker.analyzeTime=3736400, ConflictMarker.markTime=749700, ConflictMarker.nodeCount=1088, ConflictIdSorter.graphTime=2569200, ConflictIdSorter.topsortTime=1659600, ConflictIdSorter.conflictIdCount=256, ConflictIdSorter.conflictIdCycleCount=0, ConflictResolver.totalTime=26595800, ConflictResolver.conflictItemCount=559, DfDependencyCollector.collectTime=866877900, DfDependencyCollector.transformTime=40116200}
[DEBUG] com.graduation:spark-jobs:jar:0.1.0-SNAPSHOT
[DEBUG]    org.apache.spark:spark-core_2.12:jar:3.5.1:provided
[DEBUG]       org.apache.avro:avro:jar:1.11.2:provided
[DEBUG]          org.slf4j:slf4j-api:jar:1.7.36:provided
[DEBUG]       org.apache.avro:avro-mapred:jar:1.11.2:provided
[DEBUG]          org.apache.avro:avro-ipc:jar:1.11.2:provided
[DEBUG]             org.tukaani:xz:jar:1.9:provided
[DEBUG]       com.twitter:chill_2.12:jar:0.10.0:provided
[DEBUG]          com.esotericsoftware:kryo-shaded:jar:4.0.2:provided
[DEBUG]             com.esotericsoftware:minlog:jar:1.3.0:provided
[DEBUG]             org.objenesis:objenesis:jar:2.5.1:provided
[DEBUG]       com.twitter:chill-java:jar:0.10.0:provided
[DEBUG]       org.apache.xbean:xbean-asm9-shaded:jar:4.23:provided
[DEBUG]       org.apache.hadoop:hadoop-client-api:jar:3.3.4:provided
[DEBUG]       org.apache.hadoop:hadoop-client-runtime:jar:3.3.4:provided
[DEBUG]          commons-logging:commons-logging:jar:1.1.3:provided
[DEBUG]       org.apache.spark:spark-launcher_2.12:jar:3.5.1:provided
[DEBUG]       org.apache.spark:spark-kvstore_2.12:jar:3.5.1:provided
[DEBUG]          org.fusesource.leveldbjni:leveldbjni-all:jar:1.8:provided
[DEBUG]       org.apache.spark:spark-network-common_2.12:jar:3.5.1:provided
[DEBUG]          com.google.crypto.tink:tink:jar:1.9.0:provided
[DEBUG]             joda-time:joda-time:jar:2.12.5:provided
[DEBUG]       org.apache.spark:spark-network-shuffle_2.12:jar:3.5.1:provided
[DEBUG]       org.apache.spark:spark-unsafe_2.12:jar:3.5.1:provided
[DEBUG]       org.apache.spark:spark-common-utils_2.12:jar:3.5.1:provided
[DEBUG]          org.slf4j:jul-to-slf4j:jar:2.0.7:provided
[DEBUG]          org.slf4j:jcl-over-slf4j:jar:2.0.7:provided
[DEBUG]          org.apache.logging.log4j:log4j-slf4j2-impl:jar:2.20.0:provided
[DEBUG]          org.apache.logging.log4j:log4j-api:jar:2.20.0:provided
[DEBUG]          org.apache.logging.log4j:log4j-core:jar:2.20.0:provided
[DEBUG]          org.apache.logging.log4j:log4j-1.2-api:jar:2.20.0:provided
[DEBUG]       javax.activation:activation:jar:1.1.1:provided
[DEBUG]       org.apache.curator:curator-recipes:jar:2.13.0:provided
[DEBUG]          org.apache.curator:curator-framework:jar:2.13.0:provided
[DEBUG]       org.apache.zookeeper:zookeeper:jar:3.6.3:provided
[DEBUG]          org.apache.zookeeper:zookeeper-jute:jar:3.6.3:provided
[DEBUG]          org.apache.yetus:audience-annotations:jar:0.5.0:provided
[DEBUG]       jakarta.servlet:jakarta.servlet-api:jar:4.0.3:provided
[DEBUG]       commons-codec:commons-codec:jar:1.16.0:provided
[DEBUG]       org.apache.commons:commons-compress:jar:1.23.0:provided
[DEBUG]       org.apache.commons:commons-lang3:jar:3.12.0:provided
[DEBUG]       org.apache.commons:commons-math3:jar:3.6.1:provided
[DEBUG]       org.apache.commons:commons-text:jar:1.10.0:provided
[DEBUG]       commons-io:commons-io:jar:2.13.0:provided
[DEBUG]       commons-collections:commons-collections:jar:3.2.2:provided
[DEBUG]       org.apache.commons:commons-collections4:jar:4.4:provided
[DEBUG]       com.google.code.findbugs:jsr305:jar:3.0.0:provided
[DEBUG]       com.ning:compress-lzf:jar:1.1.2:provided
[DEBUG]       org.xerial.snappy:snappy-java:jar:1.1.10.3:provided
[DEBUG]       org.lz4:lz4-java:jar:1.8.0:provided
[DEBUG]       com.github.luben:zstd-jni:jar:1.5.5-4:provided
[DEBUG]       org.roaringbitmap:RoaringBitmap:jar:0.9.45:provided
[DEBUG]          org.roaringbitmap:shims:jar:0.9.45:provided
[DEBUG]       org.scala-lang.modules:scala-xml_2.12:jar:2.1.0:provided
[DEBUG]       org.scala-lang:scala-library:jar:2.12.18:provided
[DEBUG]       org.scala-lang:scala-reflect:jar:2.12.18:provided
[DEBUG]       org.json4s:json4s-jackson_2.12:jar:3.7.0-M11:provided
[DEBUG]          org.json4s:json4s-core_2.12:jar:3.7.0-M11:provided
[DEBUG]             org.json4s:json4s-ast_2.12:jar:3.7.0-M11:provided
[DEBUG]             org.json4s:json4s-scalap_2.12:jar:3.7.0-M11:provided
[DEBUG]       org.glassfish.jersey.core:jersey-client:jar:2.40:provided
[DEBUG]          jakarta.ws.rs:jakarta.ws.rs-api:jar:2.1.6:provided
[DEBUG]          org.glassfish.hk2.external:jakarta.inject:jar:2.6.1:provided
[DEBUG]       org.glassfish.jersey.core:jersey-common:jar:2.40:provided
[DEBUG]          jakarta.annotation:jakarta.annotation-api:jar:1.3.5:provided
[DEBUG]          org.glassfish.hk2:osgi-resource-locator:jar:1.0.3:provided
[DEBUG]       org.glassfish.jersey.core:jersey-server:jar:2.40:provided
[DEBUG]          jakarta.validation:jakarta.validation-api:jar:2.0.2:provided
[DEBUG]       org.glassfish.jersey.containers:jersey-container-servlet:jar:2.40:provided
[DEBUG]       org.glassfish.jersey.containers:jersey-container-servlet-core:jar:2.40:provided
[DEBUG]       org.glassfish.jersey.inject:jersey-hk2:jar:2.40:provided
[DEBUG]          org.glassfish.hk2:hk2-locator:jar:2.6.1:provided
[DEBUG]             org.glassfish.hk2.external:aopalliance-repackaged:jar:2.6.1:provided
[DEBUG]             org.glassfish.hk2:hk2-api:jar:2.6.1:provided
[DEBUG]             org.glassfish.hk2:hk2-utils:jar:2.6.1:provided
[DEBUG]          org.javassist:javassist:jar:3.29.2-GA:provided
[DEBUG]       io.netty:netty-all:jar:4.1.96.Final:provided
[DEBUG]          io.netty:netty-buffer:jar:4.1.96.Final:provided
[DEBUG]          io.netty:netty-codec:jar:4.1.96.Final:provided
[DEBUG]          io.netty:netty-codec-http:jar:4.1.96.Final:provided
[DEBUG]          io.netty:netty-codec-http2:jar:4.1.96.Final:provided
[DEBUG]          io.netty:netty-codec-socks:jar:4.1.96.Final:provided
[DEBUG]          io.netty:netty-common:jar:4.1.96.Final:provided
[DEBUG]          io.netty:netty-handler:jar:4.1.96.Final:provided
[DEBUG]          io.netty:netty-transport-native-unix-common:jar:4.1.96.Final:provided
[DEBUG]          io.netty:netty-handler-proxy:jar:4.1.96.Final:provided
[DEBUG]          io.netty:netty-resolver:jar:4.1.96.Final:provided
[DEBUG]          io.netty:netty-transport:jar:4.1.96.Final:provided
[DEBUG]          io.netty:netty-transport-classes-epoll:jar:4.1.96.Final:provided
[DEBUG]          io.netty:netty-transport-classes-kqueue:jar:4.1.96.Final:provided
[DEBUG]       io.netty:netty-transport-native-epoll:jar:linux-x86_64:4.1.96.Final:provided
[DEBUG]       io.netty:netty-transport-native-epoll:jar:linux-aarch_64:4.1.96.Final:provided
[DEBUG]       io.netty:netty-transport-native-kqueue:jar:osx-aarch_64:4.1.96.Final:provided
[DEBUG]       io.netty:netty-transport-native-kqueue:jar:osx-x86_64:4.1.96.Final:provided
[DEBUG]       com.clearspring.analytics:stream:jar:2.9.6:provided
[DEBUG]       io.dropwizard.metrics:metrics-core:jar:4.2.19:provided
[DEBUG]       io.dropwizard.metrics:metrics-jvm:jar:4.2.19:provided
[DEBUG]       io.dropwizard.metrics:metrics-json:jar:4.2.19:provided
[DEBUG]       io.dropwizard.metrics:metrics-graphite:jar:4.2.19:provided
[DEBUG]       io.dropwizard.metrics:metrics-jmx:jar:4.2.19:provided
[DEBUG]       com.fasterxml.jackson.module:jackson-module-scala_2.12:jar:2.15.2:provided
[DEBUG]          com.thoughtworks.paranamer:paranamer:jar:2.8:provided
[DEBUG]       org.apache.ivy:ivy:jar:2.5.1:provided
[DEBUG]       oro:oro:jar:2.0.8:provided
[DEBUG]       net.razorvine:pickle:jar:1.3:provided
[DEBUG]       net.sf.py4j:py4j:jar:0.10.9.7:provided
[DEBUG]       org.apache.spark:spark-tags_2.12:jar:3.5.1:provided
[DEBUG]       org.apache.commons:commons-crypto:jar:1.1.0:provided
[DEBUG]    org.apache.spark:spark-sql_2.12:jar:3.5.1:provided
[DEBUG]       org.rocksdb:rocksdbjni:jar:8.3.2:provided
[DEBUG]       com.univocity:univocity-parsers:jar:2.9.1:provided
[DEBUG]       org.apache.spark:spark-sketch_2.12:jar:3.5.1:provided
[DEBUG]       org.apache.spark:spark-catalyst_2.12:jar:3.5.1:provided
[DEBUG]          org.apache.spark:spark-sql-api_2.12:jar:3.5.1:provided
[DEBUG]             org.scala-lang.modules:scala-parser-combinators_2.12:jar:2.3.0:provided
[DEBUG]             org.antlr:antlr4-runtime:jar:4.9.3:provided
[DEBUG]             org.apache.arrow:arrow-vector:jar:12.0.1:provided
[DEBUG]                org.apache.arrow:arrow-format:jar:12.0.1:provided
[DEBUG]                org.apache.arrow:arrow-memory-core:jar:12.0.1:provided
[DEBUG]                com.fasterxml.jackson.datatype:jackson-datatype-jsr310:jar:2.15.1:provided
[DEBUG]                com.google.flatbuffers:flatbuffers-java:jar:1.12.0:provided
[DEBUG]             org.apache.arrow:arrow-memory-netty:jar:12.0.1:provided
[DEBUG]          org.codehaus.janino:janino:jar:3.1.9:provided
[DEBUG]          org.codehaus.janino:commons-compiler:jar:3.1.9:provided
[DEBUG]          org.apache.datasketches:datasketches-java:jar:3.3.0:provided
[DEBUG]             org.apache.datasketches:datasketches-memory:jar:2.1.0:provided
[DEBUG]       org.apache.orc:orc-core:jar:shaded-protobuf:1.9.2:provided
[DEBUG]          org.apache.orc:orc-shims:jar:1.9.2:provided
[DEBUG]          io.airlift:aircompressor:jar:0.25:provided
[DEBUG]          org.jetbrains:annotations:jar:17.0.0:provided
[DEBUG]          org.threeten:threeten-extra:jar:1.7.1:provided
[DEBUG]       org.apache.orc:orc-mapreduce:jar:shaded-protobuf:1.9.2:provided
[DEBUG]       org.apache.hive:hive-storage-api:jar:2.8.1:provided
[DEBUG]       org.apache.parquet:parquet-column:jar:1.13.1:provided
[DEBUG]          org.apache.parquet:parquet-common:jar:1.13.1:provided
[DEBUG]          org.apache.parquet:parquet-encoding:jar:1.13.1:provided
[DEBUG]       org.apache.parquet:parquet-hadoop:jar:1.13.1:provided
[DEBUG]          org.apache.parquet:parquet-format-structures:jar:1.13.1:provided
[DEBUG]          org.apache.parquet:parquet-jackson:jar:1.13.1:provided
[DEBUG]    org.apache.hadoop:hadoop-client:jar:3.3.4:provided
[DEBUG]       org.apache.hadoop:hadoop-common:jar:3.3.4:provided
[DEBUG]          org.apache.hadoop.thirdparty:hadoop-shaded-protobuf_3_7:jar:1.1.1:provided
[DEBUG]          org.apache.hadoop.thirdparty:hadoop-shaded-guava:jar:1.1.1:provided
[DEBUG]          com.google.guava:guava:jar:27.0-jre:provided
[DEBUG]             com.google.guava:failureaccess:jar:1.0:provided
[DEBUG]             com.google.guava:listenablefuture:jar:9999.0-empty-to-avoid-conflict-with-guava:provided
[DEBUG]             org.checkerframework:checker-qual:jar:2.5.2:provided
[DEBUG]             com.google.j2objc:j2objc-annotations:jar:1.1:provided
[DEBUG]             org.codehaus.mojo:animal-sniffer-annotations:jar:1.17:provided
[DEBUG]          commons-cli:commons-cli:jar:1.2:provided
[DEBUG]          org.apache.httpcomponents:httpclient:jar:4.5.13:provided
[DEBUG]             org.apache.httpcomponents:httpcore:jar:4.4.13:provided
[DEBUG]          commons-net:commons-net:jar:3.6:provided
[DEBUG]          jakarta.activation:jakarta.activation-api:jar:1.2.1:provided
[DEBUG]          org.eclipse.jetty:jetty-servlet:jar:9.4.43.v20210629:provided
[DEBUG]             org.eclipse.jetty:jetty-security:jar:9.4.43.v20210629:provided
[DEBUG]             org.eclipse.jetty:jetty-util-ajax:jar:9.4.43.v20210629:provided
[DEBUG]          org.eclipse.jetty:jetty-webapp:jar:9.4.43.v20210629:provided
[DEBUG]             org.eclipse.jetty:jetty-xml:jar:9.4.43.v20210629:provided
[DEBUG]          javax.servlet.jsp:jsp-api:jar:2.1:provided
[DEBUG]          com.sun.jersey:jersey-servlet:jar:1.19:provided
[DEBUG]          ch.qos.reload4j:reload4j:jar:1.2.22:provided
[DEBUG]          commons-beanutils:commons-beanutils:jar:1.9.4:provided
[DEBUG]          org.apache.commons:commons-configuration2:jar:2.1.1:provided
[DEBUG]          org.slf4j:slf4j-reload4j:jar:1.7.36:provided
[DEBUG]          com.google.re2j:re2j:jar:1.1:provided
[DEBUG]          com.google.protobuf:protobuf-java:jar:2.5.0:provided
[DEBUG]          com.google.code.gson:gson:jar:2.8.9:provided
[DEBUG]          org.apache.hadoop:hadoop-auth:jar:3.3.4:provided
[DEBUG]             com.nimbusds:nimbus-jose-jwt:jar:9.8.1:provided
[DEBUG]                com.github.stephenc.jcip:jcip-annotations:jar:1.0-1:provided
[DEBUG]             net.minidev:json-smart:jar:2.4.7:provided
[DEBUG]                net.minidev:accessors-smart:jar:2.4.7:provided
[DEBUG]                   org.ow2.asm:asm:jar:9.1:provided
[DEBUG]             org.apache.kerby:kerb-simplekdc:jar:1.0.1:provided
[DEBUG]                org.apache.kerby:kerb-client:jar:1.0.1:provided
[DEBUG]                   org.apache.kerby:kerby-config:jar:1.0.1:provided
[DEBUG]                   org.apache.kerby:kerb-common:jar:1.0.1:provided
[DEBUG]                      org.apache.kerby:kerb-crypto:jar:1.0.1:provided
[DEBUG]                   org.apache.kerby:kerb-util:jar:1.0.1:provided
[DEBUG]                   org.apache.kerby:token-provider:jar:1.0.1:provided
[DEBUG]                org.apache.kerby:kerb-admin:jar:1.0.1:provided
[DEBUG]                   org.apache.kerby:kerb-server:jar:1.0.1:provided
[DEBUG]                      org.apache.kerby:kerb-identity:jar:1.0.1:provided
[DEBUG]                   org.apache.kerby:kerby-xdr:jar:1.0.1:provided
[DEBUG]          org.apache.curator:curator-client:jar:4.2.0:provided
[DEBUG]          org.apache.kerby:kerb-core:jar:1.0.1:provided
[DEBUG]             org.apache.kerby:kerby-pkix:jar:1.0.1:provided
[DEBUG]                org.apache.kerby:kerby-asn1:jar:1.0.1:provided
[DEBUG]                org.apache.kerby:kerby-util:jar:1.0.1:provided
[DEBUG]          org.codehaus.woodstox:stax2-api:jar:4.2.1:provided
[DEBUG]          com.fasterxml.woodstox:woodstox-core:jar:5.3.0:provided
[DEBUG]          dnsjava:dnsjava:jar:2.1.7:provided
[DEBUG]       org.apache.hadoop:hadoop-hdfs-client:jar:3.3.4:provided
[DEBUG]       org.apache.hadoop:hadoop-yarn-api:jar:3.3.4:provided
[DEBUG]          javax.xml.bind:jaxb-api:jar:2.2.11:provided
[DEBUG]       org.apache.hadoop:hadoop-yarn-client:jar:3.3.4:provided
[DEBUG]          org.eclipse.jetty.websocket:websocket-client:jar:9.4.43.v20210629:provided
[DEBUG]             org.eclipse.jetty:jetty-client:jar:9.4.43.v20210629:provided
[DEBUG]                org.eclipse.jetty:jetty-http:jar:9.4.43.v20210629:provided
[DEBUG]             org.eclipse.jetty:jetty-util:jar:9.4.43.v20210629:provided
[DEBUG]             org.eclipse.jetty:jetty-io:jar:9.4.43.v20210629:provided
[DEBUG]             org.eclipse.jetty.websocket:websocket-common:jar:9.4.43.v20210629:provided
[DEBUG]                org.eclipse.jetty.websocket:websocket-api:jar:9.4.43.v20210629:provided
[DEBUG]          org.jline:jline:jar:3.9.0:provided
[DEBUG]       org.apache.hadoop:hadoop-mapreduce-client-core:jar:3.3.4:provided
[DEBUG]          org.apache.hadoop:hadoop-yarn-common:jar:3.3.4:provided
[DEBUG]             javax.servlet:javax.servlet-api:jar:3.1.0:provided
[DEBUG]             com.sun.jersey:jersey-core:jar:1.19:provided
[DEBUG]                javax.ws.rs:jsr311-api:jar:1.1.1:provided
[DEBUG]             com.sun.jersey:jersey-client:jar:1.19:provided
[DEBUG]             com.fasterxml.jackson.module:jackson-module-jaxb-annotations:jar:2.12.7:provided
[DEBUG]                jakarta.xml.bind:jakarta.xml.bind-api:jar:2.3.2:provided
[DEBUG]             com.fasterxml.jackson.jaxrs:jackson-jaxrs-json-provider:jar:2.12.7:provided
[DEBUG]                com.fasterxml.jackson.jaxrs:jackson-jaxrs-base:jar:2.12.7:provided
[DEBUG]       org.apache.hadoop:hadoop-mapreduce-client-jobclient:jar:3.3.4:provided
[DEBUG]          org.apache.hadoop:hadoop-mapreduce-client-common:jar:3.3.4:provided
[DEBUG]       org.apache.hadoop:hadoop-annotations:jar:3.3.4:provided
[DEBUG]    org.scalatest:scalatest_2.12:jar:3.2.19:test
[DEBUG]       org.scalatest:scalatest-core_2.12:jar:3.2.19:test
[DEBUG]          org.scalatest:scalatest-compatible:jar:3.2.19:test
[DEBUG]          org.scalactic:scalactic_2.12:jar:3.2.19:test
[DEBUG]       org.scalatest:scalatest-featurespec_2.12:jar:3.2.19:test
[DEBUG]       org.scalatest:scalatest-flatspec_2.12:jar:3.2.19:test
[DEBUG]       org.scalatest:scalatest-freespec_2.12:jar:3.2.19:test
[DEBUG]       org.scalatest:scalatest-funsuite_2.12:jar:3.2.19:test
[DEBUG]       org.scalatest:scalatest-funspec_2.12:jar:3.2.19:test
[DEBUG]       org.scalatest:scalatest-propspec_2.12:jar:3.2.19:test
[DEBUG]       org.scalatest:scalatest-refspec_2.12:jar:3.2.19:test
[DEBUG]       org.scalatest:scalatest-wordspec_2.12:jar:3.2.19:test
[DEBUG]       org.scalatest:scalatest-diagrams_2.12:jar:3.2.19:test
[DEBUG]       org.scalatest:scalatest-matchers-core_2.12:jar:3.2.19:test
[DEBUG]       org.scalatest:scalatest-shouldmatchers_2.12:jar:3.2.19:test
[DEBUG]       org.scalatest:scalatest-mustmatchers_2.12:jar:3.2.19:test
[DEBUG]    com.fasterxml.jackson.core:jackson-databind:jar:2.15.4:compile
[DEBUG]       com.fasterxml.jackson.core:jackson-annotations:jar:2.15.4:compile
[DEBUG]       com.fasterxml.jackson.core:jackson-core:jar:2.15.4:compile
[INFO] 
[INFO] --- resources:3.4.0:resources (default-resources) @ spark-jobs ---
[DEBUG] Dependency collection stats {ConflictMarker.analyzeTime=71400, ConflictMarker.markTime=14500, ConflictMarker.nodeCount=13, ConflictIdSorter.graphTime=37100, ConflictIdSorter.topsortTime=7600, ConflictIdSorter.conflictIdCount=10, ConflictIdSorter.conflictIdCycleCount=0, ConflictResolver.totalTime=180300, ConflictResolver.conflictItemCount=13, DfDependencyCollector.collectTime=40691400, DfDependencyCollector.transformTime=325600}
[DEBUG] org.apache.maven.plugins:maven-resources-plugin:jar:3.4.0
[DEBUG]    org.apache.maven.shared:maven-filtering:jar:3.4.0:compile
[DEBUG]       org.slf4j:slf4j-api:jar:1.7.36:compile
[DEBUG]       org.sonatype.plexus:plexus-build-api:jar:0.0.7:compile
[DEBUG]       org.codehaus.plexus:plexus-utils:jar:4.0.2:compile (version managed from default)
[DEBUG]       org.codehaus.plexus:plexus-xml:jar:3.0.1:compile (version managed from default)
[DEBUG]       org.codehaus.plexus:plexus-interpolation:jar:1.27:compile
[DEBUG]       commons-io:commons-io:jar:2.16.1:compile
[DEBUG]    org.apache.commons:commons-lang3:jar:3.20.0:compile
[DEBUG]    javax.inject:javax.inject:jar:1:compile
[DEBUG] Created new class realm plugin>org.apache.maven.plugins:maven-resources-plugin:3.4.0
[DEBUG] Importing foreign packages into class realm plugin>org.apache.maven.plugins:maven-resources-plugin:3.4.0
[DEBUG]   Imported:  < maven.api
[DEBUG] Populating class realm plugin>org.apache.maven.plugins:maven-resources-plugin:3.4.0
[DEBUG]   Included: org.apache.maven.plugins:maven-resources-plugin:jar:3.4.0
[DEBUG]   Included: org.apache.maven.shared:maven-filtering:jar:3.4.0
[DEBUG]   Included: org.sonatype.plexus:plexus-build-api:jar:0.0.7
[DEBUG]   Included: org.codehaus.plexus:plexus-utils:jar:4.0.2
[DEBUG]   Included: org.codehaus.plexus:plexus-xml:jar:3.0.1
[DEBUG]   Included: org.codehaus.plexus:plexus-interpolation:jar:1.27
[DEBUG]   Included: commons-io:commons-io:jar:2.16.1
[DEBUG]   Included: org.apache.commons:commons-lang3:jar:3.20.0
[DEBUG] Loading mojo org.apache.maven.plugins:maven-resources-plugin:3.4.0:resources from plugin realm ClassRealm[plugin>org.apache.maven.plugins:maven-resources-plugin:3.4.0, parent: jdk.internal.loader.ClassLoaders$AppClassLoader@70dea4e]
[DEBUG] Configuring mojo execution 'org.apache.maven.plugins:maven-resources-plugin:3.4.0:resources:default-resources' with basic configurator -->
[DEBUG]   (f) addDefaultExcludes = true
[DEBUG]   (f) buildFilters = []
[DEBUG]   (f) escapeWindowsPaths = true
[DEBUG]   (f) fileNameFiltering = false
[DEBUG]   (s) includeEmptyDirs = false
[DEBUG]   (s) outputDirectory = D:\Develop_code\GraduationProject-wt\m3-jdk8fix\spark-jobs\target\classes
[DEBUG]   (s) overwrite = false
[DEBUG]   (f) project = MavenProject: com.graduation:spark-jobs:0.1.0-SNAPSHOT @ D:\Develop_code\GraduationProject-wt\m3-jdk8fix\spark-jobs\pom.xml
[DEBUG]   (s) resources = [Resource {targetPath: null, filtering: false, FileSet {directory: D:\Develop_code\GraduationProject-wt\m3-jdk8fix\spark-jobs\src\main\resources, PatternSet [includes: {}, excludes: {}]}}]
[DEBUG]   (f) session = org.apache.maven.execution.MavenSession@86d6bf7
[DEBUG]   (f) skip = false
[DEBUG]   (f) supportMultiLineFiltering = false
[DEBUG]   (f) useBuildFilters = true
[DEBUG]   (s) useDefaultDelimiters = true
[DEBUG] -- end configuration --
[DEBUG] properties used:
[DEBUG] classworlds.conf: D:\apache-maven-3.9.14\bin\m2.conf
[DEBUG] encoding: UTF-8
[DEBUG] env.=D:: D:\Develop_code\GraduationProject-wt\m3-jdk8fix
[DEBUG] env.=EXITCODE: 00000000
[DEBUG] env.ACSETUPSVCPORT: 23210
[DEBUG] env.ACSVCPORT: 17532
[DEBUG] env.ADB: C:\Users\ASUS\AppData\Local\Android\Sdk\platform-tools
[DEBUG] env.ALLUSERSPROFILE: C:\ProgramData
[DEBUG] env.APPCODE_VM_OPTIONS: D:\Develop\jetbrains\IntelliJ IDEA 2024.1\bin\Crack\jetbra\vmoptions\appcode.vmoptions
[DEBUG] env.APPDATA: C:\Users\ASUS\AppData\Roaming
[DEBUG] env.CATALINA_HOME: D:\apache-tomcat-10.1.53
[DEBUG] env.CLASSWORLDS_JAR: "D:\apache-maven-3.9.14\boot\plexus-classworlds-2.9.0.jar"
[DEBUG] env.CLASSWORLDS_LAUNCHER: org.codehaus.plexus.classworlds.launcher.Launcher
[DEBUG] env.CLION: D:\Develop\jetbrains\CLion 2024.1\bin;
[DEBUG] env.CLION_VM_OPTIONS: D:\Develop\jetbrains\IntelliJ IDEA 2024.1\bin\Crack\jetbra\vmoptions\clion.vmoptions
[DEBUG] env.COLOR: 1
[DEBUG] env.COMMONPROGRAMFILES: C:\Program Files\Common Files
[DEBUG] env.COMMONPROGRAMFILES(X86): C:\Program Files (x86)\Common Files
[DEBUG] env.COMMONPROGRAMW6432: C:\Program Files\Common Files
[DEBUG] env.COMPUTERNAME: DAHAISHUI
[DEBUG] env.COMSPEC: C:\Windows\system32\cmd.exe
[DEBUG] env.DATAGRIP: D:\Develop\jetbrains\DataGrip 2024.1.1\bin;
[DEBUG] env.DATAGRIP_VM_OPTIONS: D:\Develop\jetbrains\IntelliJ IDEA 2024.1\bin\Crack\jetbra\vmoptions\datagrip.vmoptions
[DEBUG] env.DATASPELL_VM_OPTIONS: D:\Develop\jetbrains\IntelliJ IDEA 2024.1\bin\Crack\jetbra\vmoptions\dataspell.vmoptions
[DEBUG] env.DEVECOSTUDIO_VM_OPTIONS: D:\Develop\jetbrains\IntelliJ IDEA 2024.1\bin\Crack\jetbra\vmoptions\devecostudio.vmoptions
[DEBUG] env.DRIVERDATA: C:\Windows\System32\Drivers\DriverData
[DEBUG] env.DSH_HOME: C:\Users\ASUS\.dsh
[DEBUG] env.DSH_SESSION_ID: 488417e6-71ce-4d14-94c0-21858734d145
[DEBUG] env.DSH_SHELL: 1
[DEBUG] env.DSH_WEB_URL: http://127.0.0.1:3000
[DEBUG] env.EDITOR: C:\Windows\notepad.exe
[DEBUG] env.ENABLELOG: INFO
[DEBUG] env.ERROR_CODE: 0
[DEBUG] env.EXEC_DIR: D:\Develop_code\GraduationProject-wt\m3-jdk8fix
[DEBUG] env.FILE_ARG: spark-jobs/pom.xml
[DEBUG] env.GATEWAY_VM_OPTIONS: D:\Develop\jetbrains\IntelliJ IDEA 2024.1\bin\Crack\jetbra\vmoptions\gateway.vmoptions
[DEBUG] env.GIT_PAGER: cat
[DEBUG] env.GOLAND: D:\Develop\jetbrains\GoLand 2024.1\bin;
[DEBUG] env.GOLAND_VM_OPTIONS: D:\Develop\jetbrains\IntelliJ IDEA 2024.1\bin\Crack\jetbra\vmoptions\goland.vmoptions
[DEBUG] env.HADOOP_HOME: D:\soft\hadoop\hadoop-3.3.4
[DEBUG] env.HADOOP_USER_NAME: root
[DEBUG] env.HOME: C:\Users\ASUS
[DEBUG] env.HOMEDRIVE: C:
[DEBUG] env.HOMEPATH: \Users\ASUS
[DEBUG] env.IDEA_VM_OPTIONS: D:\Develop\jetbrains\IntelliJ IDEA 2024.1\bin\Crack\jetbra\vmoptions\idea.vmoptions
[DEBUG] env.INIT_CWD: C:\Users\ASUS\Desktop
[DEBUG] env.INTELLIJ IDEA: D:\Develop\jetbrains\IntelliJ IDEA 2024.1\bin;
[DEBUG] env.INTERNAL_MAVEN_OPTS: --enable-native-access=ALL-UNNAMED 
[DEBUG] env.JAVACMD: D:\Develop\JAVA17\bin\java.exe
[DEBUG] env.JAVA_HOME: D:\Develop\JAVA17
[DEBUG] env.JETBRAINS RIDER: D:\Develop\jetbrains\JetBrains Rider 2024.1\bin;
[DEBUG] env.JETBRAINSCLIENT_VM_OPTIONS: D:\Develop\jetbrains\IntelliJ IDEA 2024.1\bin\Crack\jetbra\vmoptions\jetbrainsclient.vmoptions
[DEBUG] env.JETBRAINS_CLIENT_VM_OPTIONS: D:\Develop\jetbrains\IntelliJ IDEA 2024.1\bin\Crack\jetbra\vmoptions\jetbrains_client.vmoptions
[DEBUG] env.JVMCONFIG: \.mvn\jvm.config
[DEBUG] env.LOCALAPPDATA: C:\Users\ASUS\AppData\Local
[DEBUG] env.LOGONSERVER: \\DAHAISHUI
[DEBUG] env.MAVEN_CMD_LINE_ARGS: -o -f spark-jobs/pom.xml -X compile
[DEBUG] env.MAVEN_HOME: D:\apache-maven-3.9.14
[DEBUG] env.MAVEN_PROJECTBASEDIR: D:\Develop_code\GraduationProject-wt\m3-jdk8fix
[DEBUG] env.NODE: C:\Program Files\nodejs\node.exe
[DEBUG] env.NO_COLOR: 1
[DEBUG] env.NPM_COMMAND: exec
[DEBUG] env.NPM_CONFIG_CACHE: C:\Users\ASUS\AppData\Local\npm-cache
[DEBUG] env.NPM_CONFIG_GLOBALCONFIG: C:\Users\ASUS\AppData\Roaming\npm\etc\npmrc
[DEBUG] env.NPM_CONFIG_GLOBAL_PREFIX: C:\Users\ASUS\AppData\Roaming\npm
[DEBUG] env.NPM_CONFIG_INIT_MODULE: C:\Users\ASUS\.npm-init.js
[DEBUG] env.NPM_CONFIG_LOCAL_PREFIX: C:\Users\ASUS\Desktop
[DEBUG] env.NPM_CONFIG_NODE_GYP: C:\Program Files\nodejs\node_modules\npm\node_modules\node-gyp\bin\node-gyp.js
[DEBUG] env.NPM_CONFIG_NOPROXY: 
[DEBUG] env.NPM_CONFIG_NPM_VERSION: 11.13.0
[DEBUG] env.NPM_CONFIG_PREFIX: C:\Users\ASUS\AppData\Roaming\npm
[DEBUG] env.NPM_CONFIG_REGISTRY: https://registry.npmmirror.com
[DEBUG] env.NPM_CONFIG_USERCONFIG: C:\Users\ASUS\.npmrc
[DEBUG] env.NPM_CONFIG_USER_AGENT: npm/11.13.0 node/v24.16.0 win32 x64 workspaces/false
[DEBUG] env.NPM_EXECPATH: C:\Program Files\nodejs\node_modules\npm\bin\npm-cli.js
[DEBUG] env.NPM_LIFECYCLE_EVENT: npx
[DEBUG] env.NPM_LIFECYCLE_SCRIPT: dsh
[DEBUG] env.NPM_NODE_EXECPATH: C:\Program Files\nodejs\node.exe
[DEBUG] env.NPM_PACKAGE_JSON: C:\Users\ASUS\Desktop\package.json
[DEBUG] env.NUMBER_OF_PROCESSORS: 32
[DEBUG] env.ONEDRIVE: C:\Users\ASUS\OneDrive
[DEBUG] env.OS: Windows_NT
[DEBUG] env.PAGER: cat
[DEBUG] env.PATH: C:\Program Files\WindowsApps\Microsoft.PowerShell_7.6.6.0_x64__8wekyb3d8bbwe;C:\Users\ASUS\AppData\Local\npm-cache\_npx\1e7f6d9597241db0\node_modules\.bin;C:\Users\ASUS\Desktop\node_modules\.bin;C:\Users\ASUS\node_modules\.bin;C:\Users\node_modules\.bin;C:\node_modules\.bin;C:\Program Files\nodejs\node_modules\npm\node_modules\@npmcli\run-script\lib\node-gyp-bin;D:\Develop\JAVA17\bin;D:\Develop\Vmware\bin\;C:\Windows\system32;C:\Windows;C:\Windows\System32\Wbem;C:\Windows\System32\WindowsPowerShell\v1.0\;C:\Windows\System32\OpenSSH\;C:\Program Files (x86)\NVIDIA Corporation\PhysX\Common;C:\Program Files\dotnet\;C:\Program Files\MySQL\MySQL Server 8.0\bin;C:\Program Files\NVIDIA Corporation\NVIDIA App\NvDLISR;D:\apache-maven-3.9.14\bin;C:\Program Files\Git\cmd;D:\apache-tomcat-10.1.53\bin;C:\Users\ASUS\AppData\Local\Android\Sdk\platform-tools;C:\Program Files\nodejs\;C:\Users\ASUS\AppData\Local\Packages\PythonSoftwareFoundation.Python.3.13_qbz5n2kfra8p0\LocalCache\local-packages\Python313\Scripts;D:\soft\XShell\;D:\soft\Xftp\;D:\soft\hadoop\hadoop-3.3.4\bin;D:\soft\hadoop\hadoop-3.3.4\sbin;C:\Program Files\Docker\Docker\resources\bin;D:\Develop\scala\bin;D:\Develop\scala\bin;D:\Develop\Python314\Scripts\;D:\Develop\Python314\;C:\Users\ASUS\AppData\Local\Programs\Python\Launcher\;C:\Users\ASUS\AppData\Local\agy\bin;C:\Program Files\MySQL\MySQL Shell 8.0\bin\;C:\Users\ASUS\AppData\Local\Microsoft\WindowsApps;D:\vscode\Microsoft VS Code\bin;D:\Develop\jetbrains\DataGrip 2024.1.1\bin;C:\Users\ASUS\AppData\Local\Programs\cursor\resources\app\bin;D:\Develop\jetbrains\PyCharm 2024.1\bin;D:\Develop\jetbrains\CLion 2024.1\bin;D:\Develop\jetbrains\GoLand 2024.1\bin;D:\Develop\jetbrains\IntelliJ IDEA 2024.1\bin;D:\Develop\jetbrains\JetBrains Rider 2024.1\bin;D:\Develop\jetbrains\PhpStorm 2024.1\bin;D:\Develop\jetbrains\WebStorm 2024.1\bin;D:\Develop\jetbrains\RubyMine 2024.1\bin;C:\Users\ASUS\AppData\Roaming\npm;C:\Users\ASUS\AppData\Local\Microsoft\WinGet\Packages\JohnMacFarlane.Pandoc_Microsoft.Winget.Source_8wekyb3d8bbwe\pandoc-3.9.0.2;C:\Users\ASUS\AppData\Local\Microsoft\WinGet\Packages\Gyan.FFmpeg_Microsoft.Winget.Source_8wekyb3d8bbwe\ffmpeg-8.1.2-full_build\bin;C:\Users\ASUS\AppData\Local\Programs\Antigravity IDE\bin;C:\Users\ASUS\AppData\Local\GitHubDesktop\bin
[DEBUG] env.PATHEXT: .COM;.EXE;.BAT;.CMD;.VBS;.VBE;.JS;.JSE;.WSF;.WSH;.MSC;.CPL
[DEBUG] env.PHPSTORM: D:\Develop\jetbrains\PhpStorm 2024.1\bin;
[DEBUG] env.PHPSTORM_VM_OPTIONS: D:\Develop\jetbrains\IntelliJ IDEA 2024.1\bin\Crack\jetbra\vmoptions\phpstorm.vmoptions
[DEBUG] env.POM_DIR: D:\Develop_code\GraduationProject-wt\m3-jdk8fix\spark-jobs
[DEBUG] env.PROCESSOR_ARCHITECTURE: AMD64
[DEBUG] env.PROCESSOR_IDENTIFIER: Intel64 Family 6 Model 183 Stepping 1, GenuineIntel
[DEBUG] env.PROCESSOR_LEVEL: 6
[DEBUG] env.PROCESSOR_REVISION: b701
[DEBUG] env.PROGRAMDATA: C:\ProgramData
[DEBUG] env.PROGRAMFILES: C:\Program Files
[DEBUG] env.PROGRAMFILES(X86): C:\Program Files (x86)
[DEBUG] env.PROGRAMW6432: C:\Program Files
[DEBUG] env.PROMPT: $P$G
[DEBUG] env.PSMODULEPATH: C:\Users\ASUS\Documents\PowerShell\Modules;C:\Program Files\PowerShell\Modules;c:\program files\windowsapps\microsoft.powershell_7.6.6.0_x64__8wekyb3d8bbwe\Modules;C:\Users\ASUS\Documents\WindowsPowerShell\Modules;C:\Program Files\WindowsPowerShell\Modules;C:\Windows\system32\WindowsPowerShell\v1.0\Modules
[DEBUG] env.PUBLIC: C:\Users\Public
[DEBUG] env.PYCHARM: D:\Develop\jetbrains\PyCharm 2024.1\bin;
[DEBUG] env.PYCHARM_VM_OPTIONS: D:\Develop\jetbrains\IntelliJ IDEA 2024.1\bin\Crack\jetbra\vmoptions\pycharm.vmoptions
[DEBUG] env.RIDER_VM_OPTIONS: D:\Develop\jetbrains\IntelliJ IDEA 2024.1\bin\Crack\jetbra\vmoptions\rider.vmoptions
[DEBUG] env.RLSSVCPORT: 22112
[DEBUG] env.RUBYMINE: D:\Develop\jetbrains\RubyMine 2024.1\bin;
[DEBUG] env.RUBYMINE_VM_OPTIONS: D:\Develop\jetbrains\IntelliJ IDEA 2024.1\bin\Crack\jetbra\vmoptions\rubymine.vmoptions
[DEBUG] env.SCALA_HOME: D:\Develop\scala
[DEBUG] env.SESSIONNAME: Console
[DEBUG] env.STUDIO_VM_OPTIONS: D:\Develop\jetbrains\IntelliJ IDEA 2024.1\bin\Crack\jetbra\vmoptions\studio.vmoptions
[DEBUG] env.SYSTEMDRIVE: C:
[DEBUG] env.SYSTEMROOT: C:\Windows
[DEBUG] env.TEMP: C:\Users\ASUS\AppData\Local\Temp
[DEBUG] env.TMP: C:\Users\ASUS\AppData\Local\Temp
[DEBUG] env.USERDOMAIN: DAHAISHUI
[DEBUG] env.USERDOMAIN_ROAMINGPROFILE: DAHAISHUI
[DEBUG] env.USERNAME: ASUS
[DEBUG] env.USERPROFILE: C:\Users\ASUS
[DEBUG] env.VIPSHOME: \\?\C:\Users\ASUS\AppData\Local\npm-cache\_npx\1e7f6d9597241db0\node_modules\@img\sharp-win32-x64
[DEBUG] env.WDIR: D:\
[DEBUG] env.WEBIDE_VM_OPTIONS: D:\Develop\jetbrains\IntelliJ IDEA 2024.1\bin\Crack\jetbra\vmoptions\webide.vmoptions
[DEBUG] env.WEBSTORM: D:\Develop\jetbrains\WebStorm 2024.1\bin;
[DEBUG] env.WEBSTORM_VM_OPTIONS: D:\Develop\jetbrains\IntelliJ IDEA 2024.1\bin\Crack\jetbra\vmoptions\webstorm.vmoptions
[DEBUG] env.WINDIR: C:\Windows
[DEBUG] env.WSLENV: WT_SESSION:WT_PROFILE_ID:
[DEBUG] env.WT_PROFILE_ID: {61c54bbd-c2c6-5271-96e7-009a87ff44bf}
[DEBUG] env.WT_SESSION: 0df92d1a-6777-45c4-b76d-1f7e6b1d2edb
[DEBUG] env.ZES_ENABLE_SYSMAN: 1
[DEBUG] file.encoding: GBK
[DEBUG] file.separator: \
[DEBUG] hadoop.version: 3.3.4
[DEBUG] java.class.path: D:\apache-maven-3.9.14\boot\plexus-classworlds-2.9.0.jar
[DEBUG] java.class.version: 61.0
[DEBUG] java.home: D:\Develop\JAVA17
[DEBUG] java.io.tmpdir: C:\Users\ASUS\AppData\Local\Temp\
[DEBUG] java.library.path: D:\Develop\JAVA17\bin;C:\Windows\Sun\Java\bin;C:\Windows\system32;C:\Windows;C:\Program Files\WindowsApps\Microsoft.PowerShell_7.6.6.0_x64__8wekyb3d8bbwe;C:\Users\ASUS\AppData\Local\npm-cache\_npx\1e7f6d9597241db0\node_modules\.bin;C:\Users\ASUS\Desktop\node_modules\.bin;C:\Users\ASUS\node_modules\.bin;C:\Users\node_modules\.bin;C:\node_modules\.bin;C:\Program Files\nodejs\node_modules\npm\node_modules\@npmcli\run-script\lib\node-gyp-bin;D:\Develop\JAVA17\bin;D:\Develop\Vmware\bin\;C:\Windows\system32;C:\Windows;C:\Windows\System32\Wbem;C:\Windows\System32\WindowsPowerShell\v1.0\;C:\Windows\System32\OpenSSH\;C:\Program Files (x86)\NVIDIA Corporation\PhysX\Common;C:\Program Files\dotnet\;C:\Program Files\MySQL\MySQL Server 8.0\bin;C:\Program Files\NVIDIA Corporation\NVIDIA App\NvDLISR;D:\apache-maven-3.9.14\bin;C:\Program Files\Git\cmd;D:\apache-tomcat-10.1.53\bin;C:\Users\ASUS\AppData\Local\Android\Sdk\platform-tools;C:\Program Files\nodejs\;C:\Users\ASUS\AppData\Local\Packages\PythonSoftwareFoundation.Python.3.13_qbz5n2kfra8p0\LocalCache\local-packages\Python313\Scripts;D:\soft\XShell\;D:\soft\Xftp\;D:\soft\hadoop\hadoop-3.3.4\bin;D:\soft\hadoop\hadoop-3.3.4\sbin;C:\Program Files\Docker\Docker\resources\bin;D:\Develop\scala\bin;D:\Develop\scala\bin;D:\Develop\Python314\Scripts\;D:\Develop\Python314\;C:\Users\ASUS\AppData\Local\Programs\Python\Launcher\;C:\Users\ASUS\AppData\Local\agy\bin;C:\Program Files\MySQL\MySQL Shell 8.0\bin\;C:\Users\ASUS\AppData\Local\Microsoft\WindowsApps;D:\vscode\Microsoft VS Code\bin;D:\Develop\jetbrains\DataGrip 2024.1.1\bin;C:\Users\ASUS\AppData\Local\Programs\cursor\resources\app\bin;D:\Develop\jetbrains\PyCharm 2024.1\bin;D:\Develop\jetbrains\CLion 2024.1\bin;D:\Develop\jetbrains\GoLand 2024.1\bin;D:\Develop\jetbrains\IntelliJ IDEA 2024.1\bin;D:\Develop\jetbrains\JetBrains Rider 2024.1\bin;D:\Develop\jetbrains\PhpStorm 2024.1\bin;D:\Develop\jetbrains\WebStorm 2024.1\bin;D:\Develop\jetbrains\RubyMine 2024.1\bin;C:\Users\ASUS\AppData\Roaming\npm;C:\Users\ASUS\AppData\Local\Microsoft\WinGet\Packages\JohnMacFarlane.Pandoc_Microsoft.Winget.Source_8wekyb3d8bbwe\pandoc-3.9.0.2;C:\Users\ASUS\AppData\Local\Microsoft\WinGet\Packages\Gyan.FFmpeg_Microsoft.Winget.Source_8wekyb3d8bbwe\ffmpeg-8.1.2-full_build\bin;C:\Users\ASUS\AppData\Local\Programs\Antigravity IDE\bin;C:\Users\ASUS\AppData\Local\GitHubDesktop\bin;.
[DEBUG] java.runtime.name: Java(TM) SE Runtime Environment
[DEBUG] java.runtime.version: 17.0.12+8-LTS-286
[DEBUG] java.specification.name: Java Platform API Specification
[DEBUG] java.specification.vendor: Oracle Corporation
[DEBUG] java.specification.version: 17
[DEBUG] java.vendor: Oracle Corporation
[DEBUG] java.vendor.url: https://java.oracle.com/
[DEBUG] java.vendor.url.bug: https://bugreport.java.com/bugreport/
[DEBUG] java.version: 17.0.12
[DEBUG] java.version.date: 2024-07-16
[DEBUG] java.vm.compressedOopsMode: Zero based
[DEBUG] java.vm.info: mixed mode, sharing
[DEBUG] java.vm.name: Java HotSpot(TM) 64-Bit Server VM
[DEBUG] java.vm.specification.name: Java Virtual Machine Specification
[DEBUG] java.vm.specification.vendor: Oracle Corporation
[DEBUG] java.vm.specification.version: 17
[DEBUG] java.vm.vendor: Oracle Corporation
[DEBUG] java.vm.version: 17.0.12+8-LTS-286
[DEBUG] jdk.debug: release
[DEBUG] library.jansi.path: D:\apache-maven-3.9.14\lib\jansi-native
[DEBUG] line.separator: 

[DEBUG] maven.build.timestamp: 2026-09-12T08:07:43Z
[DEBUG] maven.build.version: Apache Maven 3.9.14 (996c630dbc656c76214ce58821dcc58be960875b)
[DEBUG] maven.compiler.source: 8
[DEBUG] maven.compiler.target: 8
[DEBUG] maven.conf: D:\apache-maven-3.9.14/conf
[DEBUG] maven.home: D:\apache-maven-3.9.14
[DEBUG] maven.multiModuleProjectDirectory: D:\Develop_code\GraduationProject-wt\m3-jdk8fix
[DEBUG] maven.version: 3.9.14
[DEBUG] native.encoding: GBK
[DEBUG] os.arch: amd64
[DEBUG] os.name: Windows 11
[DEBUG] os.version: 10.0
[DEBUG] path.separator: ;
[DEBUG] project.baseUri: file:/D:/Develop_code/GraduationProject-wt/m3-jdk8fix/spark-jobs/
[DEBUG] scala.version: 2.12.19
[DEBUG] spark.version: 3.5.1
[DEBUG] sun.arch.data.model: 64
[DEBUG] sun.boot.library.path: D:\Develop\JAVA17\bin
[DEBUG] sun.cpu.endian: little
[DEBUG] sun.cpu.isalist: amd64
[DEBUG] sun.io.unicode.encoding: UnicodeLittle
[DEBUG] sun.java.command: org.codehaus.plexus.classworlds.launcher.Launcher -o -f spark-jobs/pom.xml -X compile
[DEBUG] sun.java.launcher: SUN_STANDARD
[DEBUG] sun.jnu.encoding: GBK
[DEBUG] sun.management.compiler: HotSpot 64-Bit Tiered Compilers
[DEBUG] sun.os.patch.level: 
[DEBUG] user.country: CN
[DEBUG] user.dir: D:\Develop_code\GraduationProject-wt\m3-jdk8fix
[DEBUG] user.home: C:\Users\ASUS
[DEBUG] user.language: zh
[DEBUG] user.name: ASUS
[DEBUG] user.script: 
[DEBUG] user.variant: 
[WARNING] Using platform encoding (GBK actually) to copy filtered resources, i.e. build is platform dependent!
[DEBUG] Using 'null' encoding to copy filtered properties files.
[DEBUG] resource with targetPath null
directory D:\Develop_code\GraduationProject-wt\m3-jdk8fix\spark-jobs\src\main\resources
excludes []
includes []
[INFO] skip non existing resourceDirectory D:\Develop_code\GraduationProject-wt\m3-jdk8fix\spark-jobs\src\main\resources
[DEBUG] no user filter components
[INFO] 
[INFO] --- compiler:3.15.0:compile (default-compile) @ spark-jobs ---
[DEBUG] Dependency collection stats {ConflictMarker.analyzeTime=27400, ConflictMarker.markTime=14900, ConflictMarker.nodeCount=23, ConflictIdSorter.graphTime=16200, ConflictIdSorter.topsortTime=10200, ConflictIdSorter.conflictIdCount=14, ConflictIdSorter.conflictIdCycleCount=0, ConflictResolver.totalTime=239200, ConflictResolver.conflictItemCount=23, DfDependencyCollector.collectTime=28328000, DfDependencyCollector.transformTime=332500}
[DEBUG] org.apache.maven.plugins:maven-compiler-plugin:jar:3.15.0
[DEBUG]    org.ow2.asm:asm:jar:9.9.1:compile
[DEBUG]    org.apache.maven.shared:maven-shared-utils:jar:3.4.2:compile
[DEBUG]       org.slf4j:slf4j-api:jar:1.7.36:compile
[DEBUG]       commons-io:commons-io:jar:2.11.0:compile
[DEBUG]    org.apache.maven.shared:maven-shared-incremental:jar:1.1:compile
[DEBUG]    org.codehaus.plexus:plexus-java:jar:1.5.2:compile
[DEBUG]       com.thoughtworks.qdox:qdox:jar:2.2.0:compile
[DEBUG]    org.codehaus.plexus:plexus-compiler-api:jar:2.16.2:compile
[DEBUG]    org.codehaus.plexus:plexus-compiler-manager:jar:2.16.2:compile
[DEBUG]       javax.inject:javax.inject:jar:1:compile
[DEBUG]       org.codehaus.plexus:plexus-xml:jar:3.0.1:compile (version managed from default)
[DEBUG]    org.codehaus.plexus:plexus-compiler-javac:jar:2.16.2:runtime
[DEBUG]    org.codehaus.plexus:plexus-utils:jar:4.0.2:compile
[DEBUG] Created new class realm plugin>org.apache.maven.plugins:maven-compiler-plugin:3.15.0
[DEBUG] Importing foreign packages into class realm plugin>org.apache.maven.plugins:maven-compiler-plugin:3.15.0
[DEBUG]   Imported:  < maven.api
[DEBUG] Populating class realm plugin>org.apache.maven.plugins:maven-compiler-plugin:3.15.0
[DEBUG]   Included: org.apache.maven.plugins:maven-compiler-plugin:jar:3.15.0
[DEBUG]   Included: org.ow2.asm:asm:jar:9.9.1
[DEBUG]   Included: org.apache.maven.shared:maven-shared-utils:jar:3.4.2
[DEBUG]   Included: commons-io:commons-io:jar:2.11.0
[DEBUG]   Included: org.apache.maven.shared:maven-shared-incremental:jar:1.1
[DEBUG]   Included: org.codehaus.plexus:plexus-java:jar:1.5.2
[DEBUG]   Included: com.thoughtworks.qdox:qdox:jar:2.2.0
[DEBUG]   Included: org.codehaus.plexus:plexus-compiler-api:jar:2.16.2
[DEBUG]   Included: org.codehaus.plexus:plexus-compiler-manager:jar:2.16.2
[DEBUG]   Included: org.codehaus.plexus:plexus-xml:jar:3.0.1
[DEBUG]   Included: org.codehaus.plexus:plexus-compiler-javac:jar:2.16.2
[DEBUG]   Included: org.codehaus.plexus:plexus-utils:jar:4.0.2
[DEBUG] Loading mojo org.apache.maven.plugins:maven-compiler-plugin:3.15.0:compile from plugin realm ClassRealm[plugin>org.apache.maven.plugins:maven-compiler-plugin:3.15.0, parent: jdk.internal.loader.ClassLoaders$AppClassLoader@70dea4e]
[DEBUG] Configuring mojo execution 'org.apache.maven.plugins:maven-compiler-plugin:3.15.0:compile:default-compile' with basic configurator -->
[DEBUG]   (f) annotationProcessorPathsUseDepMgmt = false
[DEBUG]   (f) basedir = D:\Develop_code\GraduationProject-wt\m3-jdk8fix\spark-jobs
[DEBUG]   (f) buildDirectory = D:\Develop_code\GraduationProject-wt\m3-jdk8fix\spark-jobs\target
[DEBUG]   (f) compilePath = [D:\Develop_code\GraduationProject-wt\m3-jdk8fix\spark-jobs\target\classes, D:\maven_repository\org\apache\spark\spark-core_2.12\3.5.1\spark-core_2.12-3.5.1.jar, D:\maven_repository\org\apache\avro\avro\1.11.2\avro-1.11.2.jar, D:\maven_repository\org\slf4j\slf4j-api\1.7.36\slf4j-api-1.7.36.jar, D:\maven_repository\org\apache\avro\avro-mapred\1.11.2\avro-mapred-1.11.2.jar, D:\maven_repository\org\apache\avro\avro-ipc\1.11.2\avro-ipc-1.11.2.jar, D:\maven_repository\org\tukaani\xz\1.9\xz-1.9.jar, D:\maven_repository\com\twitter\chill_2.12\0.10.0\chill_2.12-0.10.0.jar, D:\maven_repository\com\esotericsoftware\kryo-shaded\4.0.2\kryo-shaded-4.0.2.jar, D:\maven_repository\com\esotericsoftware\minlog\1.3.0\minlog-1.3.0.jar, D:\maven_repository\org\objenesis\objenesis\2.5.1\objenesis-2.5.1.jar, D:\maven_repository\com\twitter\chill-java\0.10.0\chill-java-0.10.0.jar, D:\maven_repository\org\apache\xbean\xbean-asm9-shaded\4.23\xbean-asm9-shaded-4.23.jar, D:\maven_repository\org\apache\hadoop\hadoop-client-api\3.3.4\hadoop-client-api-3.3.4.jar, D:\maven_repository\org\apache\hadoop\hadoop-client-runtime\3.3.4\hadoop-client-runtime-3.3.4.jar, D:\maven_repository\commons-logging\commons-logging\1.1.3\commons-logging-1.1.3.jar, D:\maven_repository\org\apache\spark\spark-launcher_2.12\3.5.1\spark-launcher_2.12-3.5.1.jar, D:\maven_repository\org\apache\spark\spark-kvstore_2.12\3.5.1\spark-kvstore_2.12-3.5.1.jar, D:\maven_repository\org\fusesource\leveldbjni\leveldbjni-all\1.8\leveldbjni-all-1.8.jar, D:\maven_repository\org\apache\spark\spark-network-common_2.12\3.5.1\spark-network-common_2.12-3.5.1.jar, D:\maven_repository\com\google\crypto\tink\tink\1.9.0\tink-1.9.0.jar, D:\maven_repository\joda-time\joda-time\2.12.5\joda-time-2.12.5.jar, D:\maven_repository\org\apache\spark\spark-network-shuffle_2.12\3.5.1\spark-network-shuffle_2.12-3.5.1.jar, D:\maven_repository\org\apache\spark\spark-unsafe_2.12\3.5.1\spark-unsafe_2.12-3.5.1.jar, D:\maven_repository\org\apache\spark\spark-common-utils_2.12\3.5.1\spark-common-utils_2.12-3.5.1.jar, D:\maven_repository\org\slf4j\jul-to-slf4j\2.0.7\jul-to-slf4j-2.0.7.jar, D:\maven_repository\org\slf4j\jcl-over-slf4j\2.0.7\jcl-over-slf4j-2.0.7.jar, D:\maven_repository\org\apache\logging\log4j\log4j-slf4j2-impl\2.20.0\log4j-slf4j2-impl-2.20.0.jar, D:\maven_repository\org\apache\logging\log4j\log4j-api\2.20.0\log4j-api-2.20.0.jar, D:\maven_repository\org\apache\logging\log4j\log4j-core\2.20.0\log4j-core-2.20.0.jar, D:\maven_repository\org\apache\logging\log4j\log4j-1.2-api\2.20.0\log4j-1.2-api-2.20.0.jar, D:\maven_repository\javax\activation\activation\1.1.1\activation-1.1.1.jar, D:\maven_repository\org\apache\curator\curator-recipes\2.13.0\curator-recipes-2.13.0.jar, D:\maven_repository\org\apache\curator\curator-framework\2.13.0\curator-framework-2.13.0.jar, D:\maven_repository\org\apache\zookeeper\zookeeper\3.6.3\zookeeper-3.6.3.jar, D:\maven_repository\org\apache\zookeeper\zookeeper-jute\3.6.3\zookeeper-jute-3.6.3.jar, D:\maven_repository\org\apache\yetus\audience-annotations\0.5.0\audience-annotations-0.5.0.jar, D:\maven_repository\jakarta\servlet\jakarta.servlet-api\4.0.3\jakarta.servlet-api-4.0.3.jar, D:\maven_repository\commons-codec\commons-codec\1.16.0\commons-codec-1.16.0.jar, D:\maven_repository\org\apache\commons\commons-compress\1.23.0\commons-compress-1.23.0.jar, D:\maven_repository\org\apache\commons\commons-lang3\3.12.0\commons-lang3-3.12.0.jar, D:\maven_repository\org\apache\commons\commons-math3\3.6.1\commons-math3-3.6.1.jar, D:\maven_repository\org\apache\commons\commons-text\1.10.0\commons-text-1.10.0.jar, D:\maven_repository\commons-io\commons-io\2.13.0\commons-io-2.13.0.jar, D:\maven_repository\commons-collections\commons-collections\3.2.2\commons-collections-3.2.2.jar, D:\maven_repository\org\apache\commons\commons-collections4\4.4\commons-collections4-4.4.jar, D:\maven_repository\com\google\code\findbugs\jsr305\3.0.0\jsr305-3.0.0.jar, D:\maven_repository\com\ning\compress-lzf\1.1.2\compress-lzf-1.1.2.jar, D:\maven_repository\org\xerial\snappy\snappy-java\1.1.10.3\snappy-java-1.1.10.3.jar, D:\maven_repository\org\lz4\lz4-java\1.8.0\lz4-java-1.8.0.jar, D:\maven_repository\com\github\luben\zstd-jni\1.5.5-4\zstd-jni-1.5.5-4.jar, D:\maven_repository\org\roaringbitmap\RoaringBitmap\0.9.45\RoaringBitmap-0.9.45.jar, D:\maven_repository\org\roaringbitmap\shims\0.9.45\shims-0.9.45.jar, D:\maven_repository\org\scala-lang\modules\scala-xml_2.12\2.1.0\scala-xml_2.12-2.1.0.jar, D:\maven_repository\org\scala-lang\scala-library\2.12.18\scala-library-2.12.18.jar, D:\maven_repository\org\scala-lang\scala-reflect\2.12.18\scala-reflect-2.12.18.jar, D:\maven_repository\org\json4s\json4s-jackson_2.12\3.7.0-M11\json4s-jackson_2.12-3.7.0-M11.jar, D:\maven_repository\org\json4s\json4s-core_2.12\3.7.0-M11\json4s-core_2.12-3.7.0-M11.jar, D:\maven_repository\org\json4s\json4s-ast_2.12\3.7.0-M11\json4s-ast_2.12-3.7.0-M11.jar, D:\maven_repository\org\json4s\json4s-scalap_2.12\3.7.0-M11\json4s-scalap_2.12-3.7.0-M11.jar, D:\maven_repository\org\glassfish\jersey\core\jersey-client\2.40\jersey-client-2.40.jar, D:\maven_repository\jakarta\ws\rs\jakarta.ws.rs-api\2.1.6\jakarta.ws.rs-api-2.1.6.jar, D:\maven_repository\org\glassfish\hk2\external\jakarta.inject\2.6.1\jakarta.inject-2.6.1.jar, D:\maven_repository\org\glassfish\jersey\core\jersey-common\2.40\jersey-common-2.40.jar, D:\maven_repository\jakarta\annotation\jakarta.annotation-api\1.3.5\jakarta.annotation-api-1.3.5.jar, D:\maven_repository\org\glassfish\hk2\osgi-resource-locator\1.0.3\osgi-resource-locator-1.0.3.jar, D:\maven_repository\org\glassfish\jersey\core\jersey-server\2.40\jersey-server-2.40.jar, D:\maven_repository\jakarta\validation\jakarta.validation-api\2.0.2\jakarta.validation-api-2.0.2.jar, D:\maven_repository\org\glassfish\jersey\containers\jersey-container-servlet\2.40\jersey-container-servlet-2.40.jar, D:\maven_repository\org\glassfish\jersey\containers\jersey-container-servlet-core\2.40\jersey-container-servlet-core-2.40.jar, D:\maven_repository\org\glassfish\jersey\inject\jersey-hk2\2.40\jersey-hk2-2.40.jar, D:\maven_repository\org\glassfish\hk2\hk2-locator\2.6.1\hk2-locator-2.6.1.jar, D:\maven_repository\org\glassfish\hk2\external\aopalliance-repackaged\2.6.1\aopalliance-repackaged-2.6.1.jar, D:\maven_repository\org\glassfish\hk2\hk2-api\2.6.1\hk2-api-2.6.1.jar, D:\maven_repository\org\glassfish\hk2\hk2-utils\2.6.1\hk2-utils-2.6.1.jar, D:\maven_repository\org\javassist\javassist\3.29.2-GA\javassist-3.29.2-GA.jar, D:\maven_repository\io\netty\netty-all\4.1.96.Final\netty-all-4.1.96.Final.jar, D:\maven_repository\io\netty\netty-buffer\4.1.96.Final\netty-buffer-4.1.96.Final.jar, D:\maven_repository\io\netty\netty-codec\4.1.96.Final\netty-codec-4.1.96.Final.jar, D:\maven_repository\io\netty\netty-codec-http\4.1.96.Final\netty-codec-http-4.1.96.Final.jar, D:\maven_repository\io\netty\netty-codec-http2\4.1.96.Final\netty-codec-http2-4.1.96.Final.jar, D:\maven_repository\io\netty\netty-codec-socks\4.1.96.Final\netty-codec-socks-4.1.96.Final.jar, D:\maven_repository\io\netty\netty-common\4.1.96.Final\netty-common-4.1.96.Final.jar, D:\maven_repository\io\netty\netty-handler\4.1.96.Final\netty-handler-4.1.96.Final.jar, D:\maven_repository\io\netty\netty-transport-native-unix-common\4.1.96.Final\netty-transport-native-unix-common-4.1.96.Final.jar, D:\maven_repository\io\netty\netty-handler-proxy\4.1.96.Final\netty-handler-proxy-4.1.96.Final.jar, D:\maven_repository\io\netty\netty-resolver\4.1.96.Final\netty-resolver-4.1.96.Final.jar, D:\maven_repository\io\netty\netty-transport\4.1.96.Final\netty-transport-4.1.96.Final.jar, D:\maven_repository\io\netty\netty-transport-classes-epoll\4.1.96.Final\netty-transport-classes-epoll-4.1.96.Final.jar, D:\maven_repository\io\netty\netty-transport-classes-kqueue\4.1.96.Final\netty-transport-classes-kqueue-4.1.96.Final.jar, D:\maven_repository\io\netty\netty-transport-native-epoll\4.1.96.Final\netty-transport-native-epoll-4.1.96.Final-linux-x86_64.jar, D:\maven_repository\io\netty\netty-transport-native-epoll\4.1.96.Final\netty-transport-native-epoll-4.1.96.Final-linux-aarch_64.jar, D:\maven_repository\io\netty\netty-transport-native-kqueue\4.1.96.Final\netty-transport-native-kqueue-4.1.96.Final-osx-aarch_64.jar, D:\maven_repository\io\netty\netty-transport-native-kqueue\4.1.96.Final\netty-transport-native-kqueue-4.1.96.Final-osx-x86_64.jar, D:\maven_repository\com\clearspring\analytics\stream\2.9.6\stream-2.9.6.jar, D:\maven_repository\io\dropwizard\metrics\metrics-core\4.2.19\metrics-core-4.2.19.jar, D:\maven_repository\io\dropwizard\metrics\metrics-jvm\4.2.19\metrics-jvm-4.2.19.jar, D:\maven_repository\io\dropwizard\metrics\metrics-json\4.2.19\metrics-json-4.2.19.jar, D:\maven_repository\io\dropwizard\metrics\metrics-graphite\4.2.19\metrics-graphite-4.2.19.jar, D:\maven_repository\io\dropwizard\metrics\metrics-jmx\4.2.19\metrics-jmx-4.2.19.jar, D:\maven_repository\com\fasterxml\jackson\module\jackson-module-scala_2.12\2.15.2\jackson-module-scala_2.12-2.15.2.jar, D:\maven_repository\com\thoughtworks\paranamer\paranamer\2.8\paranamer-2.8.jar, D:\maven_repository\org\apache\ivy\ivy\2.5.1\ivy-2.5.1.jar, D:\maven_repository\oro\oro\2.0.8\oro-2.0.8.jar, D:\maven_repository\net\razorvine\pickle\1.3\pickle-1.3.jar, D:\maven_repository\net\sf\py4j\py4j\0.10.9.7\py4j-0.10.9.7.jar, D:\maven_repository\org\apache\spark\spark-tags_2.12\3.5.1\spark-tags_2.12-3.5.1.jar, D:\maven_repository\org\apache\commons\commons-crypto\1.1.0\commons-crypto-1.1.0.jar, D:\maven_repository\org\apache\spark\spark-sql_2.12\3.5.1\spark-sql_2.12-3.5.1.jar, D:\maven_repository\org\rocksdb\rocksdbjni\8.3.2\rocksdbjni-8.3.2.jar, D:\maven_repository\com\univocity\univocity-parsers\2.9.1\univocity-parsers-2.9.1.jar, D:\maven_repository\org\apache\spark\spark-sketch_2.12\3.5.1\spark-sketch_2.12-3.5.1.jar, D:\maven_repository\org\apache\spark\spark-catalyst_2.12\3.5.1\spark-catalyst_2.12-3.5.1.jar, D:\maven_repository\org\apache\spark\spark-sql-api_2.12\3.5.1\spark-sql-api_2.12-3.5.1.jar, D:\maven_repository\org\scala-lang\modules\scala-parser-combinators_2.12\2.3.0\scala-parser-combinators_2.12-2.3.0.jar, D:\maven_repository\org\antlr\antlr4-runtime\4.9.3\antlr4-runtime-4.9.3.jar, D:\maven_repository\org\apache\arrow\arrow-vector\12.0.1\arrow-vector-12.0.1.jar, D:\maven_repository\org\apache\arrow\arrow-format\12.0.1\arrow-format-12.0.1.jar, D:\maven_repository\org\apache\arrow\arrow-memory-core\12.0.1\arrow-memory-core-12.0.1.jar, D:\maven_repository\com\fasterxml\jackson\datatype\jackson-datatype-jsr310\2.15.1\jackson-datatype-jsr310-2.15.1.jar, D:\maven_repository\com\google\flatbuffers\flatbuffers-java\1.12.0\flatbuffers-java-1.12.0.jar, D:\maven_repository\org\apache\arrow\arrow-memory-netty\12.0.1\arrow-memory-netty-12.0.1.jar, D:\maven_repository\org\codehaus\janino\janino\3.1.9\janino-3.1.9.jar, D:\maven_repository\org\codehaus\janino\commons-compiler\3.1.9\commons-compiler-3.1.9.jar, D:\maven_repository\org\apache\datasketches\datasketches-java\3.3.0\datasketches-java-3.3.0.jar, D:\maven_repository\org\apache\datasketches\datasketches-memory\2.1.0\datasketches-memory-2.1.0.jar, D:\maven_repository\org\apache\orc\orc-core\1.9.2\orc-core-1.9.2-shaded-protobuf.jar, D:\maven_repository\org\apache\orc\orc-shims\1.9.2\orc-shims-1.9.2.jar, D:\maven_repository\io\airlift\aircompressor\0.25\aircompressor-0.25.jar, D:\maven_repository\org\jetbrains\annotations\17.0.0\annotations-17.0.0.jar, D:\maven_repository\org\threeten\threeten-extra\1.7.1\threeten-extra-1.7.1.jar, D:\maven_repository\org\apache\orc\orc-mapreduce\1.9.2\orc-mapreduce-1.9.2-shaded-protobuf.jar, D:\maven_repository\org\apache\hive\hive-storage-api\2.8.1\hive-storage-api-2.8.1.jar, D:\maven_repository\org\apache\parquet\parquet-column\1.13.1\parquet-column-1.13.1.jar, D:\maven_repository\org\apache\parquet\parquet-common\1.13.1\parquet-common-1.13.1.jar, D:\maven_repository\org\apache\parquet\parquet-encoding\1.13.1\parquet-encoding-1.13.1.jar, D:\maven_repository\org\apache\parquet\parquet-hadoop\1.13.1\parquet-hadoop-1.13.1.jar, D:\maven_repository\org\apache\parquet\parquet-format-structures\1.13.1\parquet-format-structures-1.13.1.jar, D:\maven_repository\org\apache\parquet\parquet-jackson\1.13.1\parquet-jackson-1.13.1.jar, D:\maven_repository\org\apache\hadoop\hadoop-client\3.3.4\hadoop-client-3.3.4.jar, D:\maven_repository\org\apache\hadoop\hadoop-common\3.3.4\hadoop-common-3.3.4.jar, D:\maven_repository\org\apache\hadoop\thirdparty\hadoop-shaded-protobuf_3_7\1.1.1\hadoop-shaded-protobuf_3_7-1.1.1.jar, D:\maven_repository\org\apache\hadoop\thirdparty\hadoop-shaded-guava\1.1.1\hadoop-shaded-guava-1.1.1.jar, D:\maven_repository\com\google\guava\guava\27.0-jre\guava-27.0-jre.jar, D:\maven_repository\com\google\guava\failureaccess\1.0\failureaccess-1.0.jar, D:\maven_repository\com\google\guava\listenablefuture\9999.0-empty-to-avoid-conflict-with-guava\listenablefuture-9999.0-empty-to-avoid-conflict-with-guava.jar, D:\maven_repository\org\checkerframework\checker-qual\2.5.2\checker-qual-2.5.2.jar, D:\maven_repository\com\google\j2objc\j2objc-annotations\1.1\j2objc-annotations-1.1.jar, D:\maven_repository\org\codehaus\mojo\animal-sniffer-annotations\1.17\animal-sniffer-annotations-1.17.jar, D:\maven_repository\commons-cli\commons-cli\1.2\commons-cli-1.2.jar, D:\maven_repository\org\apache\httpcomponents\httpclient\4.5.13\httpclient-4.5.13.jar, D:\maven_repository\org\apache\httpcomponents\httpcore\4.4.13\httpcore-4.4.13.jar, D:\maven_repository\commons-net\commons-net\3.6\commons-net-3.6.jar, D:\maven_repository\jakarta\activation\jakarta.activation-api\1.2.1\jakarta.activation-api-1.2.1.jar, D:\maven_repository\org\eclipse\jetty\jetty-servlet\9.4.43.v20210629\jetty-servlet-9.4.43.v20210629.jar, D:\maven_repository\org\eclipse\jetty\jetty-security\9.4.43.v20210629\jetty-security-9.4.43.v20210629.jar, D:\maven_repository\org\eclipse\jetty\jetty-util-ajax\9.4.43.v20210629\jetty-util-ajax-9.4.43.v20210629.jar, D:\maven_repository\org\eclipse\jetty\jetty-webapp\9.4.43.v20210629\jetty-webapp-9.4.43.v20210629.jar, D:\maven_repository\org\eclipse\jetty\jetty-xml\9.4.43.v20210629\jetty-xml-9.4.43.v20210629.jar, D:\maven_repository\javax\servlet\jsp\jsp-api\2.1\jsp-api-2.1.jar, D:\maven_repository\com\sun\jersey\jersey-servlet\1.19\jersey-servlet-1.19.jar, D:\maven_repository\ch\qos\reload4j\reload4j\1.2.22\reload4j-1.2.22.jar, D:\maven_repository\commons-beanutils\commons-beanutils\1.9.4\commons-beanutils-1.9.4.jar, D:\maven_repository\org\apache\commons\commons-configuration2\2.1.1\commons-configuration2-2.1.1.jar, D:\maven_repository\org\slf4j\slf4j-reload4j\1.7.36\slf4j-reload4j-1.7.36.jar, D:\maven_repository\com\google\re2j\re2j\1.1\re2j-1.1.jar, D:\maven_repository\com\google\protobuf\protobuf-java\2.5.0\protobuf-java-2.5.0.jar, D:\maven_repository\com\google\code\gson\gson\2.8.9\gson-2.8.9.jar, D:\maven_repository\org\apache\hadoop\hadoop-auth\3.3.4\hadoop-auth-3.3.4.jar, D:\maven_repository\com\nimbusds\nimbus-jose-jwt\9.8.1\nimbus-jose-jwt-9.8.1.jar, D:\maven_repository\com\github\stephenc\jcip\jcip-annotations\1.0-1\jcip-annotations-1.0-1.jar, D:\maven_repository\net\minidev\json-smart\2.4.7\json-smart-2.4.7.jar, D:\maven_repository\net\minidev\accessors-smart\2.4.7\accessors-smart-2.4.7.jar, D:\maven_repository\org\ow2\asm\asm\9.1\asm-9.1.jar, D:\maven_repository\org\apache\kerby\kerb-simplekdc\1.0.1\kerb-simplekdc-1.0.1.jar, D:\maven_repository\org\apache\kerby\kerb-client\1.0.1\kerb-client-1.0.1.jar, D:\maven_repository\org\apache\kerby\kerby-config\1.0.1\kerby-config-1.0.1.jar, D:\maven_repository\org\apache\kerby\kerb-common\1.0.1\kerb-common-1.0.1.jar, D:\maven_repository\org\apache\kerby\kerb-crypto\1.0.1\kerb-crypto-1.0.1.jar, D:\maven_repository\org\apache\kerby\kerb-util\1.0.1\kerb-util-1.0.1.jar, D:\maven_repository\org\apache\kerby\token-provider\1.0.1\token-provider-1.0.1.jar, D:\maven_repository\org\apache\kerby\kerb-admin\1.0.1\kerb-admin-1.0.1.jar, D:\maven_repository\org\apache\kerby\kerb-server\1.0.1\kerb-server-1.0.1.jar, D:\maven_repository\org\apache\kerby\kerb-identity\1.0.1\kerb-identity-1.0.1.jar, D:\maven_repository\org\apache\kerby\kerby-xdr\1.0.1\kerby-xdr-1.0.1.jar, D:\maven_repository\org\apache\curator\curator-client\4.2.0\curator-client-4.2.0.jar, D:\maven_repository\org\apache\kerby\kerb-core\1.0.1\kerb-core-1.0.1.jar, D:\maven_repository\org\apache\kerby\kerby-pkix\1.0.1\kerby-pkix-1.0.1.jar, D:\maven_repository\org\apache\kerby\kerby-asn1\1.0.1\kerby-asn1-1.0.1.jar, D:\maven_repository\org\apache\kerby\kerby-util\1.0.1\kerby-util-1.0.1.jar, D:\maven_repository\org\codehaus\woodstox\stax2-api\4.2.1\stax2-api-4.2.1.jar, D:\maven_repository\com\fasterxml\woodstox\woodstox-core\5.3.0\woodstox-core-5.3.0.jar, D:\maven_repository\dnsjava\dnsjava\2.1.7\dnsjava-2.1.7.jar, D:\maven_repository\org\apache\hadoop\hadoop-hdfs-client\3.3.4\hadoop-hdfs-client-3.3.4.jar, D:\maven_repository\org\apache\hadoop\hadoop-yarn-api\3.3.4\hadoop-yarn-api-3.3.4.jar, D:\maven_repository\javax\xml\bind\jaxb-api\2.2.11\jaxb-api-2.2.11.jar, D:\maven_repository\org\apache\hadoop\hadoop-yarn-client\3.3.4\hadoop-yarn-client-3.3.4.jar, D:\maven_repository\org\eclipse\jetty\websocket\websocket-client\9.4.43.v20210629\websocket-client-9.4.43.v20210629.jar, D:\maven_repository\org\eclipse\jetty\jetty-client\9.4.43.v20210629\jetty-client-9.4.43.v20210629.jar, D:\maven_repository\org\eclipse\jetty\jetty-http\9.4.43.v20210629\jetty-http-9.4.43.v20210629.jar, D:\maven_repository\org\eclipse\jetty\jetty-util\9.4.43.v20210629\jetty-util-9.4.43.v20210629.jar, D:\maven_repository\org\eclipse\jetty\jetty-io\9.4.43.v20210629\jetty-io-9.4.43.v20210629.jar, D:\maven_repository\org\eclipse\jetty\websocket\websocket-common\9.4.43.v20210629\websocket-common-9.4.43.v20210629.jar, D:\maven_repository\org\eclipse\jetty\websocket\websocket-api\9.4.43.v20210629\websocket-api-9.4.43.v20210629.jar, D:\maven_repository\org\jline\jline\3.9.0\jline-3.9.0.jar, D:\maven_repository\org\apache\hadoop\hadoop-mapreduce-client-core\3.3.4\hadoop-mapreduce-client-core-3.3.4.jar, D:\maven_repository\org\apache\hadoop\hadoop-yarn-common\3.3.4\hadoop-yarn-common-3.3.4.jar, D:\maven_repository\javax\servlet\javax.servlet-api\3.1.0\javax.servlet-api-3.1.0.jar, D:\maven_repository\com\sun\jersey\jersey-core\1.19\jersey-core-1.19.jar, D:\maven_repository\javax\ws\rs\jsr311-api\1.1.1\jsr311-api-1.1.1.jar, D:\maven_repository\com\sun\jersey\jersey-client\1.19\jersey-client-1.19.jar, D:\maven_repository\com\fasterxml\jackson\module\jackson-module-jaxb-annotations\2.12.7\jackson-module-jaxb-annotations-2.12.7.jar, D:\maven_repository\jakarta\xml\bind\jakarta.xml.bind-api\2.3.2\jakarta.xml.bind-api-2.3.2.jar, D:\maven_repository\com\fasterxml\jackson\jaxrs\jackson-jaxrs-json-provider\2.12.7\jackson-jaxrs-json-provider-2.12.7.jar, D:\maven_repository\com\fasterxml\jackson\jaxrs\jackson-jaxrs-base\2.12.7\jackson-jaxrs-base-2.12.7.jar, D:\maven_repository\org\apache\hadoop\hadoop-mapreduce-client-jobclient\3.3.4\hadoop-mapreduce-client-jobclient-3.3.4.jar, D:\maven_repository\org\apache\hadoop\hadoop-mapreduce-client-common\3.3.4\hadoop-mapreduce-client-common-3.3.4.jar, D:\maven_repository\org\apache\hadoop\hadoop-annotations\3.3.4\hadoop-annotations-3.3.4.jar, D:\maven_repository\com\fasterxml\jackson\core\jackson-databind\2.15.4\jackson-databind-2.15.4.jar, D:\maven_repository\com\fasterxml\jackson\core\jackson-annotations\2.15.4\jackson-annotations-2.15.4.jar, D:\maven_repository\com\fasterxml\jackson\core\jackson-core\2.15.4\jackson-core-2.15.4.jar]
[DEBUG]   (f) compileSourceRoots = [D:\Develop_code\GraduationProject-wt\m3-jdk8fix\spark-jobs\src\main\scala]
[DEBUG]   (f) compilerId = javac
[DEBUG]   (f) createMissingPackageInfoClass = true
[DEBUG]   (f) debug = true
[DEBUG]   (f) debugFileName = javac
[DEBUG]   (f) enablePreview = false
[DEBUG]   (f) encoding = UTF-8
[DEBUG]   (f) failOnError = true
[DEBUG]   (f) failOnWarning = false
[DEBUG]   (f) fileExtensions = [jar, class]
[DEBUG]   (f) forceJavacCompilerUse = false
[DEBUG]   (f) forceLegacyJavacApi = false
[DEBUG]   (f) fork = false
[DEBUG]   (f) generatedSourcesDirectory = D:\Develop_code\GraduationProject-wt\m3-jdk8fix\spark-jobs\target\generated-sources\annotations
[DEBUG]   (f) moduleVersion = 0.1.0-SNAPSHOT
[DEBUG]   (f) mojoExecution = org.apache.maven.plugins:maven-compiler-plugin:3.15.0:compile {execution: default-compile}
[DEBUG]   (f) optimize = false
[DEBUG]   (f) outputDirectory = D:\Develop_code\GraduationProject-wt\m3-jdk8fix\spark-jobs\target\classes
[DEBUG]   (f) parameters = false
[DEBUG]   (f) project = MavenProject: com.graduation:spark-jobs:0.1.0-SNAPSHOT @ D:\Develop_code\GraduationProject-wt\m3-jdk8fix\spark-jobs\pom.xml
[DEBUG]   (f) projectArtifact = com.graduation:spark-jobs:jar:0.1.0-SNAPSHOT
[DEBUG]   (f) session = org.apache.maven.execution.MavenSession@86d6bf7
[DEBUG]   (f) showCompilationChanges = false
[DEBUG]   (f) showDeprecation = false
[DEBUG]   (f) showWarnings = true
[DEBUG]   (f) skipMultiThreadWarning = false
[DEBUG]   (f) source = 8
[DEBUG]   (f) staleMillis = 0
[DEBUG]   (s) target = 8
[DEBUG]   (f) useIncrementalCompilation = true
[DEBUG]   (f) useModuleVersion = true
[DEBUG]   (f) verbose = false
[DEBUG] -- end configuration --
[DEBUG] Using compiler 'javac'.
[DEBUG] CompilerReuseStrategy: reuseCreated
[DEBUG] useIncrementalCompilation enabled
[INFO] Nothing to compile - all classes are up to date.
[DEBUG] Adding D:\Develop_code\GraduationProject-wt\m3-jdk8fix\spark-jobs\target\generated-sources\annotations to the project compile source roots but NOT the actual compile source roots:
  D:\Develop_code\GraduationProject-wt\m3-jdk8fix\spark-jobs\src\main\scala
[INFO] 
[INFO] --- scala:4.8.1:compile (default) @ spark-jobs ---
[DEBUG] Dependency collection stats {ConflictMarker.analyzeTime=58100, ConflictMarker.markTime=31900, ConflictMarker.nodeCount=112, ConflictIdSorter.graphTime=68100, ConflictIdSorter.topsortTime=26600, ConflictIdSorter.conflictIdCount=49, ConflictIdSorter.conflictIdCycleCount=0, ConflictResolver.totalTime=643400, ConflictResolver.conflictItemCount=101, DfDependencyCollector.collectTime=70146100, DfDependencyCollector.transformTime=852200}
[DEBUG] net.alchim31.maven:scala-maven-plugin:jar:4.8.1
[DEBUG]    org.apache.maven.shared:maven-dependency-tree:jar:3.2.1:compile
[DEBUG]       org.eclipse.aether:aether-util:jar:1.0.0.v20140518:compile
[DEBUG]          org.eclipse.aether:aether-api:jar:1.0.0.v20140518:compile
[DEBUG]       org.slf4j:slf4j-api:jar:1.7.36:compile
[DEBUG]    org.apache.maven.reporting:maven-reporting-api:jar:3.1.1:compile
[DEBUG]       org.apache.maven.doxia:doxia-sink-api:jar:1.11.1:compile
[DEBUG]          org.apache.maven.doxia:doxia-logging-api:jar:1.11.1:compile
[DEBUG]    org.apache.maven:maven-archiver:jar:3.6.0:compile
[DEBUG]       org.codehaus.plexus:plexus-io:jar:3.4.0:compile
[DEBUG]       org.codehaus.plexus:plexus-interpolation:jar:1.26:compile
[DEBUG]    org.apache.commons:commons-exec:jar:1.3:compile
[DEBUG]    org.codehaus.plexus:plexus-utils:jar:3.5.0:compile
[DEBUG]    org.codehaus.plexus:plexus-archiver:jar:4.6.1:compile
[DEBUG]       javax.inject:javax.inject:jar:1:compile
[DEBUG]       commons-io:commons-io:jar:2.11.0:compile
[DEBUG]       org.apache.commons:commons-compress:jar:1.22:compile
[DEBUG]       org.iq80.snappy:snappy:jar:0.4:compile
[DEBUG]       org.tukaani:xz:jar:1.9:runtime
[DEBUG]       com.github.luben:zstd-jni:jar:1.5.2-5:runtime
[DEBUG]    org.codehaus.plexus:plexus-classworlds:jar:2.7.0:compile
[DEBUG]    org.scala-sbt:zinc_2.13:jar:1.8.0:compile
[DEBUG]       org.scala-lang:scala-library:jar:2.13.8:compile
[DEBUG]       org.scala-sbt:zinc-core_2.13:jar:1.8.0:compile
[DEBUG]          org.scala-sbt:zinc-apiinfo_2.13:jar:1.8.0:compile
[DEBUG]             org.scala-sbt:compiler-bridge_2.13:jar:1.8.0:compile
[DEBUG]          org.scala-sbt:zinc-classpath_2.13:jar:1.8.0:compile
[DEBUG]             org.scala-lang:scala-compiler:jar:2.13.8:compile
[DEBUG]          org.scala-sbt:compiler-interface:jar:1.8.0:compile
[DEBUG]             org.scala-sbt:util-interface:jar:1.8.0:compile
[DEBUG]          org.scala-sbt:zinc-persist-core-assembly:jar:1.8.0:compile
[DEBUG]          org.scala-lang.modules:scala-parallel-collections_2.13:jar:0.2.0:compile
[DEBUG]          org.scala-sbt:io_2.13:jar:1.8.0:compile
[DEBUG]             com.swoval:file-tree-views:jar:2.1.9:compile
[DEBUG]             net.java.dev.jna:jna:jar:5.12.0:compile
[DEBUG]             net.java.dev.jna:jna-platform:jar:5.12.0:compile
[DEBUG]          org.scala-sbt:util-logging_2.13:jar:1.8.0:compile
[DEBUG]             org.scala-sbt:collections_2.13:jar:1.8.0:compile
[DEBUG]                org.scala-sbt:util-position_2.13:jar:1.8.0:compile
[DEBUG]             org.scala-sbt:core-macros_2.13:jar:1.8.0:compile
[DEBUG]             org.jline:jline-terminal:jar:3.19.0:compile
[DEBUG]             org.scala-lang:scala-reflect:jar:2.13.8:compile
[DEBUG]          org.scala-sbt:util-relation_2.13:jar:1.8.0:compile
[DEBUG]       org.scala-sbt:zinc-persist_2.13:jar:1.8.0:compile
[DEBUG]       org.scala-sbt:zinc-compile-core_2.13:jar:1.8.0:compile
[DEBUG]          org.scala-lang.modules:scala-parser-combinators_2.13:jar:1.1.2:compile
[DEBUG]          net.openhft:zero-allocation-hashing:jar:0.10.1:compile
[DEBUG]          org.scala-sbt:util-control_2.13:jar:1.8.0:compile
[DEBUG]       org.scala-sbt:zinc-classfile_2.13:jar:1.8.0:compile
[DEBUG] Created new class realm plugin>net.alchim31.maven:scala-maven-plugin:4.8.1
[DEBUG] Importing foreign packages into class realm plugin>net.alchim31.maven:scala-maven-plugin:4.8.1
[DEBUG]   Imported:  < maven.api
[DEBUG] Populating class realm plugin>net.alchim31.maven:scala-maven-plugin:4.8.1
[DEBUG]   Included: net.alchim31.maven:scala-maven-plugin:jar:4.8.1
[DEBUG]   Included: org.apache.maven.shared:maven-dependency-tree:jar:3.2.1
[DEBUG]   Included: org.apache.maven.reporting:maven-reporting-api:jar:3.1.1
[DEBUG]   Included: org.apache.maven.doxia:doxia-sink-api:jar:1.11.1
[DEBUG]   Included: org.apache.maven.doxia:doxia-logging-api:jar:1.11.1
[DEBUG]   Included: org.apache.maven:maven-archiver:jar:3.6.0
[DEBUG]   Included: org.codehaus.plexus:plexus-io:jar:3.4.0
[DEBUG]   Included: org.codehaus.plexus:plexus-interpolation:jar:1.26
[DEBUG]   Included: org.apache.commons:commons-exec:jar:1.3
[DEBUG]   Included: org.codehaus.plexus:plexus-utils:jar:3.5.0
[DEBUG]   Included: org.codehaus.plexus:plexus-archiver:jar:4.6.1
[DEBUG]   Included: commons-io:commons-io:jar:2.11.0
[DEBUG]   Included: org.apache.commons:commons-compress:jar:1.22
[DEBUG]   Included: org.iq80.snappy:snappy:jar:0.4
[DEBUG]   Included: org.tukaani:xz:jar:1.9
[DEBUG]   Included: com.github.luben:zstd-jni:jar:1.5.2-5
[DEBUG]   Included: org.scala-sbt:zinc_2.13:jar:1.8.0
[DEBUG]   Included: org.scala-lang:scala-library:jar:2.13.8
[DEBUG]   Included: org.scala-sbt:zinc-core_2.13:jar:1.8.0
[DEBUG]   Included: org.scala-sbt:zinc-apiinfo_2.13:jar:1.8.0
[DEBUG]   Included: org.scala-sbt:compiler-bridge_2.13:jar:1.8.0
[DEBUG]   Included: org.scala-sbt:zinc-classpath_2.13:jar:1.8.0
[DEBUG]   Included: org.scala-lang:scala-compiler:jar:2.13.8
[DEBUG]   Included: org.scala-sbt:compiler-interface:jar:1.8.0
[DEBUG]   Included: org.scala-sbt:util-interface:jar:1.8.0
[DEBUG]   Included: org.scala-sbt:zinc-persist-core-assembly:jar:1.8.0
[DEBUG]   Included: org.scala-lang.modules:scala-parallel-collections_2.13:jar:0.2.0
[DEBUG]   Included: org.scala-sbt:io_2.13:jar:1.8.0
[DEBUG]   Included: com.swoval:file-tree-views:jar:2.1.9
[DEBUG]   Included: net.java.dev.jna:jna:jar:5.12.0
[DEBUG]   Included: net.java.dev.jna:jna-platform:jar:5.12.0
[DEBUG]   Included: org.scala-sbt:util-logging_2.13:jar:1.8.0
[DEBUG]   Included: org.scala-sbt:collections_2.13:jar:1.8.0
[DEBUG]   Included: org.scala-sbt:util-position_2.13:jar:1.8.0
[DEBUG]   Included: org.scala-sbt:core-macros_2.13:jar:1.8.0
[DEBUG]   Included: org.jline:jline-terminal:jar:3.19.0
[DEBUG]   Included: org.scala-lang:scala-reflect:jar:2.13.8
[DEBUG]   Included: org.scala-sbt:util-relation_2.13:jar:1.8.0
[DEBUG]   Included: org.scala-sbt:zinc-persist_2.13:jar:1.8.0
[DEBUG]   Included: org.scala-sbt:zinc-compile-core_2.13:jar:1.8.0
[DEBUG]   Included: org.scala-lang.modules:scala-parser-combinators_2.13:jar:1.1.2
[DEBUG]   Included: net.openhft:zero-allocation-hashing:jar:0.10.1
[DEBUG]   Included: org.scala-sbt:util-control_2.13:jar:1.8.0
[DEBUG]   Included: org.scala-sbt:zinc-classfile_2.13:jar:1.8.0
[DEBUG] Loading mojo net.alchim31.maven:scala-maven-plugin:4.8.1:compile from plugin realm ClassRealm[plugin>net.alchim31.maven:scala-maven-plugin:4.8.1, parent: jdk.internal.loader.ClassLoaders$AppClassLoader@70dea4e]
[DEBUG] Configuring mojo execution 'net.alchim31.maven:scala-maven-plugin:4.8.1:compile:default' with basic configurator -->
[DEBUG]   (f) additionalDependencies = []
[DEBUG]   (f) analysisCacheFile = D:\Develop_code\GraduationProject-wt\m3-jdk8fix\spark-jobs\target\analysis\compile
[DEBUG]   (f) args = [-deprecation, -feature]
[DEBUG]   (f) checkMultipleScalaVersions = true
[DEBUG]   (f) classpath = scala_maven.Classpath@4faf1f4
[DEBUG]   (f) compileOrder = Mixed
[DEBUG]   (f) displayCmd = false
[DEBUG]   (f) encoding = UTF-8
[DEBUG]   (f) failOnMultipleScalaVersions = false
[DEBUG]   (f) forceUseArgFile = false
[DEBUG]   (f) fork = true
[DEBUG]   (f) javacArgs = []
[DEBUG]   (f) javacGenerateDebugSymbols = true
[DEBUG]   (f) notifyCompilation = true
[DEBUG]   (f) outputDir = D:\Develop_code\GraduationProject-wt\m3-jdk8fix\spark-jobs\target\classes
[DEBUG]   (f) pluginArtifacts = [net.alchim31.maven:scala-maven-plugin:maven-plugin:4.8.1:, org.apache.maven.shared:maven-dependency-tree:jar:3.2.1:compile, org.eclipse.aether:aether-util:jar:1.0.0.v20140518:compile, org.eclipse.aether:aether-api:jar:1.0.0.v20140518:compile, org.slf4j:slf4j-api:jar:1.7.36:compile, org.apache.maven.reporting:maven-reporting-api:jar:3.1.1:compile, org.apache.maven.doxia:doxia-sink-api:jar:1.11.1:compile, org.apache.maven.doxia:doxia-logging-api:jar:1.11.1:compile, org.apache.maven:maven-archiver:jar:3.6.0:compile, org.codehaus.plexus:plexus-io:jar:3.4.0:compile, org.codehaus.plexus:plexus-interpolation:jar:1.26:compile, org.apache.commons:commons-exec:jar:1.3:compile, org.codehaus.plexus:plexus-utils:jar:3.5.0:compile, org.codehaus.plexus:plexus-archiver:jar:4.6.1:compile, javax.inject:javax.inject:jar:1:compile, commons-io:commons-io:jar:2.11.0:compile, org.apache.commons:commons-compress:jar:1.22:compile, org.iq80.snappy:snappy:jar:0.4:compile, org.tukaani:xz:jar:1.9:runtime, com.github.luben:zstd-jni:jar:1.5.2-5:runtime, org.codehaus.plexus:plexus-classworlds:jar:2.7.0:compile, org.scala-sbt:zinc_2.13:jar:1.8.0:compile, org.scala-lang:scala-library:jar:2.13.8:compile, org.scala-sbt:zinc-core_2.13:jar:1.8.0:compile, org.scala-sbt:zinc-apiinfo_2.13:jar:1.8.0:compile, org.scala-sbt:compiler-bridge_2.13:jar:1.8.0:compile, org.scala-sbt:zinc-classpath_2.13:jar:1.8.0:compile, org.scala-lang:scala-compiler:jar:2.13.8:compile, org.scala-sbt:compiler-interface:jar:1.8.0:compile, org.scala-sbt:util-interface:jar:1.8.0:compile, org.scala-sbt:zinc-persist-core-assembly:jar:1.8.0:compile, org.scala-lang.modules:scala-parallel-collections_2.13:jar:0.2.0:compile, org.scala-sbt:io_2.13:jar:1.8.0:compile, com.swoval:file-tree-views:jar:2.1.9:compile, net.java.dev.jna:jna:jar:5.12.0:compile, net.java.dev.jna:jna-platform:jar:5.12.0:compile, org.scala-sbt:util-logging_2.13:jar:1.8.0:compile, org.scala-sbt:collections_2.13:jar:1.8.0:compile, org.scala-sbt:util-position_2.13:jar:1.8.0:compile, org.scala-sbt:core-macros_2.13:jar:1.8.0:compile, org.jline:jline-terminal:jar:3.19.0:compile, org.scala-lang:scala-reflect:jar:2.13.8:compile, org.scala-sbt:util-relation_2.13:jar:1.8.0:compile, org.scala-sbt:zinc-persist_2.13:jar:1.8.0:compile, org.scala-sbt:zinc-compile-core_2.13:jar:1.8.0:compile, org.scala-lang.modules:scala-parser-combinators_2.13:jar:1.1.2:compile, net.openhft:zero-allocation-hashing:jar:0.10.1:compile, org.scala-sbt:util-control_2.13:jar:1.8.0:compile, org.scala-sbt:zinc-classfile_2.13:jar:1.8.0:compile]
[DEBUG]   (f) project = MavenProject: com.graduation:spark-jobs:0.1.0-SNAPSHOT @ D:\Develop_code\GraduationProject-wt\m3-jdk8fix\spark-jobs\pom.xml
[DEBUG]   (f) recompileMode = incremental
[DEBUG]   (f) release = 8
[DEBUG]   (f) scalaOrganization = org.scala-lang
[DEBUG]   (f) scalaVersion = 2.12.19
[DEBUG]   (f) sendJavaToScalac = true
[DEBUG]   (f) session = org.apache.maven.execution.MavenSession@86d6bf7
[DEBUG]   (f) source = 8
[DEBUG]   (f) sourceDir = D:\Develop_code\GraduationProject-wt\m3-jdk8fix\spark-jobs\src\main\scala\..\scala
[DEBUG]   (f) target = 8
[DEBUG]   (f) useCanonicalPath = true
[DEBUG] -- end configuration --
[DEBUG] Checking for multiple versions of scala
[DEBUG] Dependency collection stats {ConflictMarker.analyzeTime=306400, ConflictMarker.markTime=254300, ConflictMarker.nodeCount=1088, ConflictIdSorter.graphTime=139700, ConflictIdSorter.topsortTime=95100, ConflictIdSorter.conflictIdCount=256, ConflictIdSorter.conflictIdCycleCount=0, ConflictResolver.totalTime=3112700, ConflictResolver.conflictItemCount=559, DfDependencyCollector.collectTime=5384300, DfDependencyCollector.transformTime=4106900}
[DEBUG] com.graduation:spark-jobs:jar:0.1.0-SNAPSHOT
[DEBUG]    org.apache.spark:spark-core_2.12:jar:3.5.1:provided
[DEBUG]       org.apache.avro:avro:jar:1.11.2:provided
[DEBUG]          org.slf4j:slf4j-api:jar:1.7.36:provided
[DEBUG]       org.apache.avro:avro-mapred:jar:1.11.2:provided
[DEBUG]          org.apache.avro:avro-ipc:jar:1.11.2:provided
[DEBUG]             org.tukaani:xz:jar:1.9:provided
[DEBUG]       com.twitter:chill_2.12:jar:0.10.0:provided
[DEBUG]          com.esotericsoftware:kryo-shaded:jar:4.0.2:provided
[DEBUG]             com.esotericsoftware:minlog:jar:1.3.0:provided
[DEBUG]             org.objenesis:objenesis:jar:2.5.1:provided
[DEBUG]       com.twitter:chill-java:jar:0.10.0:provided
[DEBUG]       org.apache.xbean:xbean-asm9-shaded:jar:4.23:provided
[DEBUG]       org.apache.hadoop:hadoop-client-api:jar:3.3.4:provided
[DEBUG]       org.apache.hadoop:hadoop-client-runtime:jar:3.3.4:provided
[DEBUG]          commons-logging:commons-logging:jar:1.1.3:provided
[DEBUG]       org.apache.spark:spark-launcher_2.12:jar:3.5.1:provided
[DEBUG]       org.apache.spark:spark-kvstore_2.12:jar:3.5.1:provided
[DEBUG]          org.fusesource.leveldbjni:leveldbjni-all:jar:1.8:provided
[DEBUG]       org.apache.spark:spark-network-common_2.12:jar:3.5.1:provided
[DEBUG]          com.google.crypto.tink:tink:jar:1.9.0:provided
[DEBUG]             joda-time:joda-time:jar:2.12.5:provided
[DEBUG]       org.apache.spark:spark-network-shuffle_2.12:jar:3.5.1:provided
[DEBUG]       org.apache.spark:spark-unsafe_2.12:jar:3.5.1:provided
[DEBUG]       org.apache.spark:spark-common-utils_2.12:jar:3.5.1:provided
[DEBUG]          org.slf4j:jul-to-slf4j:jar:2.0.7:provided
[DEBUG]          org.slf4j:jcl-over-slf4j:jar:2.0.7:provided
[DEBUG]          org.apache.logging.log4j:log4j-slf4j2-impl:jar:2.20.0:provided
[DEBUG]          org.apache.logging.log4j:log4j-api:jar:2.20.0:provided
[DEBUG]          org.apache.logging.log4j:log4j-core:jar:2.20.0:provided
[DEBUG]          org.apache.logging.log4j:log4j-1.2-api:jar:2.20.0:provided
[DEBUG]       javax.activation:activation:jar:1.1.1:provided
[DEBUG]       org.apache.curator:curator-recipes:jar:2.13.0:provided
[DEBUG]          org.apache.curator:curator-framework:jar:2.13.0:provided
[DEBUG]       org.apache.zookeeper:zookeeper:jar:3.6.3:provided
[DEBUG]          org.apache.zookeeper:zookeeper-jute:jar:3.6.3:provided
[DEBUG]          org.apache.yetus:audience-annotations:jar:0.5.0:provided
[DEBUG]       jakarta.servlet:jakarta.servlet-api:jar:4.0.3:provided
[DEBUG]       commons-codec:commons-codec:jar:1.16.0:provided
[DEBUG]       org.apache.commons:commons-compress:jar:1.23.0:provided
[DEBUG]       org.apache.commons:commons-lang3:jar:3.12.0:provided
[DEBUG]       org.apache.commons:commons-math3:jar:3.6.1:provided
[DEBUG]       org.apache.commons:commons-text:jar:1.10.0:provided
[DEBUG]       commons-io:commons-io:jar:2.13.0:provided
[DEBUG]       commons-collections:commons-collections:jar:3.2.2:provided
[DEBUG]       org.apache.commons:commons-collections4:jar:4.4:provided
[DEBUG]       com.google.code.findbugs:jsr305:jar:3.0.0:provided
[DEBUG]       com.ning:compress-lzf:jar:1.1.2:provided
[DEBUG]       org.xerial.snappy:snappy-java:jar:1.1.10.3:provided
[DEBUG]       org.lz4:lz4-java:jar:1.8.0:provided
[DEBUG]       com.github.luben:zstd-jni:jar:1.5.5-4:provided
[DEBUG]       org.roaringbitmap:RoaringBitmap:jar:0.9.45:provided
[DEBUG]          org.roaringbitmap:shims:jar:0.9.45:provided
[DEBUG]       org.scala-lang.modules:scala-xml_2.12:jar:2.1.0:provided
[DEBUG]       org.scala-lang:scala-library:jar:2.12.18:provided
[DEBUG]       org.scala-lang:scala-reflect:jar:2.12.18:provided
[DEBUG]       org.json4s:json4s-jackson_2.12:jar:3.7.0-M11:provided
[DEBUG]          org.json4s:json4s-core_2.12:jar:3.7.0-M11:provided
[DEBUG]             org.json4s:json4s-ast_2.12:jar:3.7.0-M11:provided
[DEBUG]             org.json4s:json4s-scalap_2.12:jar:3.7.0-M11:provided
[DEBUG]       org.glassfish.jersey.core:jersey-client:jar:2.40:provided
[DEBUG]          jakarta.ws.rs:jakarta.ws.rs-api:jar:2.1.6:provided
[DEBUG]          org.glassfish.hk2.external:jakarta.inject:jar:2.6.1:provided
[DEBUG]       org.glassfish.jersey.core:jersey-common:jar:2.40:provided
[DEBUG]          jakarta.annotation:jakarta.annotation-api:jar:1.3.5:provided
[DEBUG]          org.glassfish.hk2:osgi-resource-locator:jar:1.0.3:provided
[DEBUG]       org.glassfish.jersey.core:jersey-server:jar:2.40:provided
[DEBUG]          jakarta.validation:jakarta.validation-api:jar:2.0.2:provided
[DEBUG]       org.glassfish.jersey.containers:jersey-container-servlet:jar:2.40:provided
[DEBUG]       org.glassfish.jersey.containers:jersey-container-servlet-core:jar:2.40:provided
[DEBUG]       org.glassfish.jersey.inject:jersey-hk2:jar:2.40:provided
[DEBUG]          org.glassfish.hk2:hk2-locator:jar:2.6.1:provided
[DEBUG]             org.glassfish.hk2.external:aopalliance-repackaged:jar:2.6.1:provided
[DEBUG]             org.glassfish.hk2:hk2-api:jar:2.6.1:provided
[DEBUG]             org.glassfish.hk2:hk2-utils:jar:2.6.1:provided
[DEBUG]          org.javassist:javassist:jar:3.29.2-GA:provided
[DEBUG]       io.netty:netty-all:jar:4.1.96.Final:provided
[DEBUG]          io.netty:netty-buffer:jar:4.1.96.Final:provided
[DEBUG]          io.netty:netty-codec:jar:4.1.96.Final:provided
[DEBUG]          io.netty:netty-codec-http:jar:4.1.96.Final:provided
[DEBUG]          io.netty:netty-codec-http2:jar:4.1.96.Final:provided
[DEBUG]          io.netty:netty-codec-socks:jar:4.1.96.Final:provided
[DEBUG]          io.netty:netty-common:jar:4.1.96.Final:provided
[DEBUG]          io.netty:netty-handler:jar:4.1.96.Final:provided
[DEBUG]          io.netty:netty-transport-native-unix-common:jar:4.1.96.Final:provided
[DEBUG]          io.netty:netty-handler-proxy:jar:4.1.96.Final:provided
[DEBUG]          io.netty:netty-resolver:jar:4.1.96.Final:provided
[DEBUG]          io.netty:netty-transport:jar:4.1.96.Final:provided
[DEBUG]          io.netty:netty-transport-classes-epoll:jar:4.1.96.Final:provided
[DEBUG]          io.netty:netty-transport-classes-kqueue:jar:4.1.96.Final:provided
[DEBUG]       io.netty:netty-transport-native-epoll:jar:linux-x86_64:4.1.96.Final:provided
[DEBUG]       io.netty:netty-transport-native-epoll:jar:linux-aarch_64:4.1.96.Final:provided
[DEBUG]       io.netty:netty-transport-native-kqueue:jar:osx-aarch_64:4.1.96.Final:provided
[DEBUG]       io.netty:netty-transport-native-kqueue:jar:osx-x86_64:4.1.96.Final:provided
[DEBUG]       com.clearspring.analytics:stream:jar:2.9.6:provided
[DEBUG]       io.dropwizard.metrics:metrics-core:jar:4.2.19:provided
[DEBUG]       io.dropwizard.metrics:metrics-jvm:jar:4.2.19:provided
[DEBUG]       io.dropwizard.metrics:metrics-json:jar:4.2.19:provided
[DEBUG]       io.dropwizard.metrics:metrics-graphite:jar:4.2.19:provided
[DEBUG]       io.dropwizard.metrics:metrics-jmx:jar:4.2.19:provided
[DEBUG]       com.fasterxml.jackson.module:jackson-module-scala_2.12:jar:2.15.2:provided
[DEBUG]          com.thoughtworks.paranamer:paranamer:jar:2.8:provided
[DEBUG]       org.apache.ivy:ivy:jar:2.5.1:provided
[DEBUG]       oro:oro:jar:2.0.8:provided
[DEBUG]       net.razorvine:pickle:jar:1.3:provided
[DEBUG]       net.sf.py4j:py4j:jar:0.10.9.7:provided
[DEBUG]       org.apache.spark:spark-tags_2.12:jar:3.5.1:provided
[DEBUG]       org.apache.commons:commons-crypto:jar:1.1.0:provided
[DEBUG]    org.apache.spark:spark-sql_2.12:jar:3.5.1:provided
[DEBUG]       org.rocksdb:rocksdbjni:jar:8.3.2:provided
[DEBUG]       com.univocity:univocity-parsers:jar:2.9.1:provided
[DEBUG]       org.apache.spark:spark-sketch_2.12:jar:3.5.1:provided
[DEBUG]       org.apache.spark:spark-catalyst_2.12:jar:3.5.1:provided
[DEBUG]          org.apache.spark:spark-sql-api_2.12:jar:3.5.1:provided
[DEBUG]             org.scala-lang.modules:scala-parser-combinators_2.12:jar:2.3.0:provided
[DEBUG]             org.antlr:antlr4-runtime:jar:4.9.3:provided
[DEBUG]             org.apache.arrow:arrow-vector:jar:12.0.1:provided
[DEBUG]                org.apache.arrow:arrow-format:jar:12.0.1:provided
[DEBUG]                org.apache.arrow:arrow-memory-core:jar:12.0.1:provided
[DEBUG]                com.fasterxml.jackson.datatype:jackson-datatype-jsr310:jar:2.15.1:provided
[DEBUG]                com.google.flatbuffers:flatbuffers-java:jar:1.12.0:provided
[DEBUG]             org.apache.arrow:arrow-memory-netty:jar:12.0.1:provided
[DEBUG]          org.codehaus.janino:janino:jar:3.1.9:provided
[DEBUG]          org.codehaus.janino:commons-compiler:jar:3.1.9:provided
[DEBUG]          org.apache.datasketches:datasketches-java:jar:3.3.0:provided
[DEBUG]             org.apache.datasketches:datasketches-memory:jar:2.1.0:provided
[DEBUG]       org.apache.orc:orc-core:jar:shaded-protobuf:1.9.2:provided
[DEBUG]          org.apache.orc:orc-shims:jar:1.9.2:provided
[DEBUG]          io.airlift:aircompressor:jar:0.25:provided
[DEBUG]          org.jetbrains:annotations:jar:17.0.0:provided
[DEBUG]          org.threeten:threeten-extra:jar:1.7.1:provided
[DEBUG]       org.apache.orc:orc-mapreduce:jar:shaded-protobuf:1.9.2:provided
[DEBUG]       org.apache.hive:hive-storage-api:jar:2.8.1:provided
[DEBUG]       org.apache.parquet:parquet-column:jar:1.13.1:provided
[DEBUG]          org.apache.parquet:parquet-common:jar:1.13.1:provided
[DEBUG]          org.apache.parquet:parquet-encoding:jar:1.13.1:provided
[DEBUG]       org.apache.parquet:parquet-hadoop:jar:1.13.1:provided
[DEBUG]          org.apache.parquet:parquet-format-structures:jar:1.13.1:provided
[DEBUG]          org.apache.parquet:parquet-jackson:jar:1.13.1:provided
[DEBUG]    org.apache.hadoop:hadoop-client:jar:3.3.4:provided
[DEBUG]       org.apache.hadoop:hadoop-common:jar:3.3.4:provided
[DEBUG]          org.apache.hadoop.thirdparty:hadoop-shaded-protobuf_3_7:jar:1.1.1:provided
[DEBUG]          org.apache.hadoop.thirdparty:hadoop-shaded-guava:jar:1.1.1:provided
[DEBUG]          com.google.guava:guava:jar:27.0-jre:provided
[DEBUG]             com.google.guava:failureaccess:jar:1.0:provided
[DEBUG]             com.google.guava:listenablefuture:jar:9999.0-empty-to-avoid-conflict-with-guava:provided
[DEBUG]             org.checkerframework:checker-qual:jar:2.5.2:provided
[DEBUG]             com.google.j2objc:j2objc-annotations:jar:1.1:provided
[DEBUG]             org.codehaus.mojo:animal-sniffer-annotations:jar:1.17:provided
[DEBUG]          commons-cli:commons-cli:jar:1.2:provided
[DEBUG]          org.apache.httpcomponents:httpclient:jar:4.5.13:provided
[DEBUG]             org.apache.httpcomponents:httpcore:jar:4.4.13:provided
[DEBUG]          commons-net:commons-net:jar:3.6:provided
[DEBUG]          jakarta.activation:jakarta.activation-api:jar:1.2.1:provided
[DEBUG]          org.eclipse.jetty:jetty-servlet:jar:9.4.43.v20210629:provided
[DEBUG]             org.eclipse.jetty:jetty-security:jar:9.4.43.v20210629:provided
[DEBUG]             org.eclipse.jetty:jetty-util-ajax:jar:9.4.43.v20210629:provided
[DEBUG]          org.eclipse.jetty:jetty-webapp:jar:9.4.43.v20210629:provided
[DEBUG]             org.eclipse.jetty:jetty-xml:jar:9.4.43.v20210629:provided
[DEBUG]          javax.servlet.jsp:jsp-api:jar:2.1:provided
[DEBUG]          com.sun.jersey:jersey-servlet:jar:1.19:provided
[DEBUG]          ch.qos.reload4j:reload4j:jar:1.2.22:provided
[DEBUG]          commons-beanutils:commons-beanutils:jar:1.9.4:provided
[DEBUG]          org.apache.commons:commons-configuration2:jar:2.1.1:provided
[DEBUG]          org.slf4j:slf4j-reload4j:jar:1.7.36:provided
[DEBUG]          com.google.re2j:re2j:jar:1.1:provided
[DEBUG]          com.google.protobuf:protobuf-java:jar:2.5.0:provided
[DEBUG]          com.google.code.gson:gson:jar:2.8.9:provided
[DEBUG]          org.apache.hadoop:hadoop-auth:jar:3.3.4:provided
[DEBUG]             com.nimbusds:nimbus-jose-jwt:jar:9.8.1:provided
[DEBUG]                com.github.stephenc.jcip:jcip-annotations:jar:1.0-1:provided
[DEBUG]             net.minidev:json-smart:jar:2.4.7:provided
[DEBUG]                net.minidev:accessors-smart:jar:2.4.7:provided
[DEBUG]                   org.ow2.asm:asm:jar:9.1:provided
[DEBUG]             org.apache.kerby:kerb-simplekdc:jar:1.0.1:provided
[DEBUG]                org.apache.kerby:kerb-client:jar:1.0.1:provided
[DEBUG]                   org.apache.kerby:kerby-config:jar:1.0.1:provided
[DEBUG]                   org.apache.kerby:kerb-common:jar:1.0.1:provided
[DEBUG]                      org.apache.kerby:kerb-crypto:jar:1.0.1:provided
[DEBUG]                   org.apache.kerby:kerb-util:jar:1.0.1:provided
[DEBUG]                   org.apache.kerby:token-provider:jar:1.0.1:provided
[DEBUG]                org.apache.kerby:kerb-admin:jar:1.0.1:provided
[DEBUG]                   org.apache.kerby:kerb-server:jar:1.0.1:provided
[DEBUG]                      org.apache.kerby:kerb-identity:jar:1.0.1:provided
[DEBUG]                   org.apache.kerby:kerby-xdr:jar:1.0.1:provided
[DEBUG]          org.apache.curator:curator-client:jar:4.2.0:provided
[DEBUG]          org.apache.kerby:kerb-core:jar:1.0.1:provided
[DEBUG]             org.apache.kerby:kerby-pkix:jar:1.0.1:provided
[DEBUG]                org.apache.kerby:kerby-asn1:jar:1.0.1:provided
[DEBUG]                org.apache.kerby:kerby-util:jar:1.0.1:provided
[DEBUG]          org.codehaus.woodstox:stax2-api:jar:4.2.1:provided
[DEBUG]          com.fasterxml.woodstox:woodstox-core:jar:5.3.0:provided
[DEBUG]          dnsjava:dnsjava:jar:2.1.7:provided
[DEBUG]       org.apache.hadoop:hadoop-hdfs-client:jar:3.3.4:provided
[DEBUG]       org.apache.hadoop:hadoop-yarn-api:jar:3.3.4:provided
[DEBUG]          javax.xml.bind:jaxb-api:jar:2.2.11:provided
[DEBUG]       org.apache.hadoop:hadoop-yarn-client:jar:3.3.4:provided
[DEBUG]          org.eclipse.jetty.websocket:websocket-client:jar:9.4.43.v20210629:provided
[DEBUG]             org.eclipse.jetty:jetty-client:jar:9.4.43.v20210629:provided
[DEBUG]                org.eclipse.jetty:jetty-http:jar:9.4.43.v20210629:provided
[DEBUG]             org.eclipse.jetty:jetty-util:jar:9.4.43.v20210629:provided
[DEBUG]             org.eclipse.jetty:jetty-io:jar:9.4.43.v20210629:provided
[DEBUG]             org.eclipse.jetty.websocket:websocket-common:jar:9.4.43.v20210629:provided
[DEBUG]                org.eclipse.jetty.websocket:websocket-api:jar:9.4.43.v20210629:provided
[DEBUG]          org.jline:jline:jar:3.9.0:provided
[DEBUG]       org.apache.hadoop:hadoop-mapreduce-client-core:jar:3.3.4:provided
[DEBUG]          org.apache.hadoop:hadoop-yarn-common:jar:3.3.4:provided
[DEBUG]             javax.servlet:javax.servlet-api:jar:3.1.0:provided
[DEBUG]             com.sun.jersey:jersey-core:jar:1.19:provided
[DEBUG]                javax.ws.rs:jsr311-api:jar:1.1.1:provided
[DEBUG]             com.sun.jersey:jersey-client:jar:1.19:provided
[DEBUG]             com.fasterxml.jackson.module:jackson-module-jaxb-annotations:jar:2.12.7:provided
[DEBUG]                jakarta.xml.bind:jakarta.xml.bind-api:jar:2.3.2:provided
[DEBUG]             com.fasterxml.jackson.jaxrs:jackson-jaxrs-json-provider:jar:2.12.7:provided
[DEBUG]                com.fasterxml.jackson.jaxrs:jackson-jaxrs-base:jar:2.12.7:provided
[DEBUG]       org.apache.hadoop:hadoop-mapreduce-client-jobclient:jar:3.3.4:provided
[DEBUG]          org.apache.hadoop:hadoop-mapreduce-client-common:jar:3.3.4:provided
[DEBUG]       org.apache.hadoop:hadoop-annotations:jar:3.3.4:provided
[DEBUG]    org.scalatest:scalatest_2.12:jar:3.2.19:test
[DEBUG]       org.scalatest:scalatest-core_2.12:jar:3.2.19:test
[DEBUG]          org.scalatest:scalatest-compatible:jar:3.2.19:test
[DEBUG]          org.scalactic:scalactic_2.12:jar:3.2.19:test
[DEBUG]       org.scalatest:scalatest-featurespec_2.12:jar:3.2.19:test
[DEBUG]       org.scalatest:scalatest-flatspec_2.12:jar:3.2.19:test
[DEBUG]       org.scalatest:scalatest-freespec_2.12:jar:3.2.19:test
[DEBUG]       org.scalatest:scalatest-funsuite_2.12:jar:3.2.19:test
[DEBUG]       org.scalatest:scalatest-funspec_2.12:jar:3.2.19:test
[DEBUG]       org.scalatest:scalatest-propspec_2.12:jar:3.2.19:test
[DEBUG]       org.scalatest:scalatest-refspec_2.12:jar:3.2.19:test
[DEBUG]       org.scalatest:scalatest-wordspec_2.12:jar:3.2.19:test
[DEBUG]       org.scalatest:scalatest-diagrams_2.12:jar:3.2.19:test
[DEBUG]       org.scalatest:scalatest-matchers-core_2.12:jar:3.2.19:test
[DEBUG]       org.scalatest:scalatest-shouldmatchers_2.12:jar:3.2.19:test
[DEBUG]       org.scalatest:scalatest-mustmatchers_2.12:jar:3.2.19:test
[DEBUG]    com.fasterxml.jackson.core:jackson-databind:jar:2.15.4:compile
[DEBUG]       com.fasterxml.jackson.core:jackson-annotations:jar:2.15.4:compile
[DEBUG]       com.fasterxml.jackson.core:jackson-core:jar:2.15.4:compile
[DEBUG] checking [com.graduation:spark-jobs:jar:0.1.0-SNAPSHOT] for scala version
[DEBUG] checking [org.apache.spark:spark-core_2.12:jar:3.5.1:provided] for scala version
[DEBUG] checking [org.scala-lang:scala-library:jar:2.12.18:provided] for scala version
[WARNING]  Expected all dependencies to require Scala version: 2.12.19
[WARNING]  org.apache.spark:spark-core_2.12:3.5.1 requires scala version: 2.12.18
[WARNING] Multiple versions of scala libraries detected!
[DEBUG] D:\Develop_code\GraduationProject-wt\m3-jdk8fix\spark-jobs\src\main\scala
[DEBUG] D:\Develop_code\GraduationProject-wt\m3-jdk8fix\spark-jobs\target\generated-sources\annotations
[DEBUG] includes = [**/*.java,**/*.scala,]
[DEBUG] excludes = []
[INFO] Compiler bridge file: C:\Users\ASUS\.sbt\1.0\zinc\org.scala-sbt\org.scala-sbt-compiler-bridge_2.12-1.8.0-bin_2.12.19__61.0-1.8.0_20221110T195421.jar
[DEBUG] [zinc] IncrementalCompile -----------
[DEBUG] IncrementalCompile.incrementalCompile
[DEBUG] previous = Stamps for: 0 products, 0 sources, 0 libraries
[DEBUG] current source = HashSet(D:/Develop_code/GraduationProject-wt/m3-jdk8fix/spark-jobs/src/main/scala/com/graduation/analytics/algorithm/QuartileStats.scala, D:/Develop_code/GraduationProject-wt/m3-jdk8fix/spark-jobs/src/main/scala/com/graduation/analytics/job/JobRegistry.scala, D:/Develop_code/GraduationProject-wt/m3-jdk8fix/spark-jobs/src/main/scala/com/graduation/analytics/job/AdsQualityJob.scala, D:/Develop_code/GraduationProject-wt/m3-jdk8fix/spark-jobs/src/main/scala/com/graduation/analytics/sql/IdCodec.scala, D:/Develop_code/GraduationProject-wt/m3-jdk8fix/spark-jobs/src/main/scala/com/graduation/analytics/sql/JsonObjectSlicer.scala, D:/Develop_code/GraduationProject-wt/m3-jdk8fix/spark-jobs/src/main/scala/com/graduation/analytics/algorithm/AnomalyDetector.scala, D:/Develop_code/GraduationProject-wt/m3-jdk8fix/spark-jobs/src/main/scala/com/graduation/analytics/sql/DimSql.scala, D:/Develop_code/GraduationProject-wt/m3-jdk8fix/spark-jobs/src/main/scala/com/graduation/analytics/algorithm/ProductHeat.scala, D:/Develop_code/GraduationProject-wt/m3-jdk8fix/spark-jobs/src/main/scala/com/graduation/analytics/sql/OdsLoadSql.scala, D:/Develop_code/GraduationProject-wt/m3-jdk8fix/spark-jobs/src/main/scala/com/graduation/analytics/sql/AdsSql.scala, D:/Develop_code/GraduationProject-wt/m3-jdk8fix/spark-jobs/src/main/scala/com/graduation/analytics/job/JobRunner.scala, D:/Develop_code/GraduationProject-wt/m3-jdk8fix/spark-jobs/src/main/scala/com/graduation/analytics/job/EventOdsLoadJob.scala, D:/Develop_code/GraduationProject-wt/m3-jdk8fix/spark-jobs/src/main/scala/com/graduation/analytics/job/LocalJsonParquetJob.scala, D:/Develop_code/GraduationProject-wt/m3-jdk8fix/spark-jobs/src/main/scala/com/graduation/analytics/algorithm/RfmScorer.scala, D:/Develop_code/GraduationProject-wt/m3-jdk8fix/spark-jobs/src/main/scala/com/graduation/analytics/job/MetricExportJob.scala, D:/Develop_code/GraduationProject-wt/m3-jdk8fix/spark-jobs/src/main/scala/com/graduation/analytics/sql/DwsSql.scala, D:/Develop_code/GraduationProject-wt/m3-jdk8fix/spark-jobs/src/main/scala/com/graduation/analytics/job/JobArgs.scala, D:/Develop_code/GraduationProject-wt/m3-jdk8fix/spark-jobs/src/main/scala/com/graduation/analytics/warehouse/WarehouseNamespace.scala, D:/Develop_code/GraduationProject-wt/m3-jdk8fix/spark-jobs/src/main/scala/com/graduation/analytics/job/LocalSchemaInitJob.scala, D:/Develop_code/GraduationProject-wt/m3-jdk8fix/spark-jobs/src/main/scala/com/graduation/analytics/job/WarehouseJob.scala, D:/Develop_code/GraduationProject-wt/m3-jdk8fix/spark-jobs/src/main/scala/com/graduation/analytics/job/SparkSessionFactory.scala, D:/Develop_code/GraduationProject-wt/m3-jdk8fix/spark-jobs/src/main/scala/com/graduation/analytics/job/PartitionEvidence.scala, D:/Develop_code/GraduationProject-wt/m3-jdk8fix/spark-jobs/src/main/scala/com/graduation/analytics/metric/MetricAdsSpec.scala, D:/Develop_code/GraduationProject-wt/m3-jdk8fix/spark-jobs/src/main/scala/com/graduation/analytics/algorithm/Cleaners.scala, D:/Develop_code/GraduationProject-wt/m3-jdk8fix/spark-jobs/src/main/scala/com/graduation/analytics/job/DimensionBuildJob.scala, D:/Develop_code/GraduationProject-wt/m3-jdk8fix/spark-jobs/src/main/scala/com/graduation/analytics/sql/OdsV2Columns.scala, D:/Develop_code/GraduationProject-wt/m3-jdk8fix/spark-jobs/src/main/scala/com/graduation/analytics/sql/DwdSql.scala, D:/Develop_code/GraduationProject-wt/m3-jdk8fix/spark-jobs/src/main/scala/com/graduation/analytics/algorithm/FunnelComputer.scala, D:/Develop_code/GraduationProject-wt/m3-jdk8fix/spark-jobs/src/main/scala/com/graduation/analytics/job/AdsPublishJob.scala, D:/Develop_code/GraduationProject-wt/m3-jdk8fix/spark-jobs/src/main/scala/com/graduation/analytics/job/BehaviorDwdJob.scala, D:/Develop_code/GraduationProject-wt/m3-jdk8fix/spark-jobs/src/main/scala/com/graduation/analytics/job/JobResult.scala, D:/Develop_code/GraduationProject-wt/m3-jdk8fix/spark-jobs/src/main/scala/com/graduation/analytics/job/TradeDwdJob.scala, D:/Develop_code/GraduationProject-wt/m3-jdk8fix/spark-jobs/src/main/scala/com/graduation/analytics/algorithm/OrderTradeCompiler.scala, D:/Develop_code/GraduationProject-wt/m3-jdk8fix/spark-jobs/src/main/scala/com/graduation/analytics/job/FunnelAdsJob.scala, D:/Develop_code/GraduationProject-wt/m3-jdk8fix/spark-jobs/src/main/scala/com/graduation/analytics/job/UserProductDwsJob.scala)
[DEBUG] > initialChanges = InitialChanges(Changes(added = Set(D:/Develop_code/GraduationProject-wt/m3-jdk8fix/spark-jobs/src/main/scala/com/graduation/analytics/job/JobArgs.scala, D:/Develop_code/GraduationProject-wt/m3-jdk8fix/spark-jobs/src/main/scala/com/graduation/analytics/job/SparkSessionFactory.scala, D:/Develop_code/GraduationProject-wt/m3-jdk8fix/spark-jobs/src/main/scala/com/graduation/analytics/sql/AdsSql.scala, D:/Develop_code/GraduationProject-wt/m3-jdk8fix/spark-jobs/src/main/scala/com/graduation/analytics/job/MetricExportJob.scala, D:/Develop_code/GraduationProject-wt/m3-jdk8fix/spark-jobs/src/main/scala/com/graduation/analytics/job/AdsQualityJob.scala, D:/Develop_code/GraduationProject-wt/m3-jdk8fix/spark-jobs/src/main/scala/com/graduation/analytics/warehouse/WarehouseNamespace.scala, D:/Develop_code/GraduationProject-wt/m3-jdk8fix/spark-jobs/src/main/scala/com/graduation/analytics/algorithm/Cleaners.scala, D:/Develop_code/GraduationProject-wt/m3-jdk8fix/spark-jobs/src/main/scala/com/graduation/analytics/algorithm/ProductHeat.scala, D:/Develop_code/GraduationProject-wt/m3-jdk8fix/spark-jobs/src/main/scala/com/graduation/analytics/job/BehaviorDwdJob.scala, D:/Develop_code/GraduationProject-wt/m3-jdk8fix/spark-jobs/src/main/scala/com/graduation/analytics/job/AdsPublishJob.scala, D:/Develop_code/GraduationProject-wt/m3-jdk8fix/spark-jobs/src/main/scala/com/graduation/analytics/metric/MetricAdsSpec.scala, D:/Develop_code/GraduationProject-wt/m3-jdk8fix/spark-jobs/src/main/scala/com/graduation/analytics/algorithm/FunnelComputer.scala, D:/Develop_code/GraduationProject-wt/m3-jdk8fix/spark-jobs/src/main/scala/com/graduation/analytics/job/LocalSchemaInitJob.scala, D:/Develop_code/GraduationProject-wt/m3-jdk8fix/spark-jobs/src/main/scala/com/graduation/analytics/job/LocalJsonParquetJob.scala, D:/Develop_code/GraduationProject-wt/m3-jdk8fix/spark-jobs/src/main/scala/com/graduation/analytics/sql/DwsSql.scala, D:/Develop_code/GraduationProject-wt/m3-jdk8fix/spark-jobs/src/main/scala/com/graduation/analytics/algorithm/QuartileStats.scala, D:/Develop_code/GraduationProject-wt/m3-jdk8fix/spark-jobs/src/main/scala/com/graduation/analytics/algorithm/RfmScorer.scala, D:/Develop_code/GraduationProject-wt/m3-jdk8fix/spark-jobs/src/main/scala/com/graduation/analytics/job/JobRegistry.scala, D:/Develop_code/GraduationProject-wt/m3-jdk8fix/spark-jobs/src/main/scala/com/graduation/analytics/sql/DwdSql.scala, D:/Develop_code/GraduationProject-wt/m3-jdk8fix/spark-jobs/src/main/scala/com/graduation/analytics/job/TradeDwdJob.scala, D:/Develop_code/GraduationProject-wt/m3-jdk8fix/spark-jobs/src/main/scala/com/graduation/analytics/job/JobResult.scala, D:/Develop_code/GraduationProject-wt/m3-jdk8fix/spark-jobs/src/main/scala/com/graduation/analytics/job/DimensionBuildJob.scala, D:/Develop_code/GraduationProject-wt/m3-jdk8fix/spark-jobs/src/main/scala/com/graduation/analytics/job/JobRunner.scala, D:/Develop_code/GraduationProject-wt/m3-jdk8fix/spark-jobs/src/main/scala/com/graduation/analytics/job/EventOdsLoadJob.scala, D:/Develop_code/GraduationProject-wt/m3-jdk8fix/spark-jobs/src/main/scala/com/graduation/analytics/sql/OdsV2Columns.scala, D:/Develop_code/GraduationProject-wt/m3-jdk8fix/spark-jobs/src/main/scala/com/graduation/analytics/job/UserProductDwsJob.scala, D:/Develop_code/GraduationProject-wt/m3-jdk8fix/spark-jobs/src/main/scala/com/graduation/analytics/sql/IdCodec.scala, D:/Develop_code/GraduationProject-wt/m3-jdk8fix/spark-jobs/src/main/scala/com/graduation/analytics/job/FunnelAdsJob.scala, D:/Develop_code/GraduationProject-wt/m3-jdk8fix/spark-jobs/src/main/scala/com/graduation/analytics/job/WarehouseJob.scala, D:/Develop_code/GraduationProject-wt/m3-jdk8fix/spark-jobs/src/main/scala/com/graduation/analytics/algorithm/AnomalyDetector.scala, D:/Develop_code/GraduationProject-wt/m3-jdk8fix/spark-jobs/src/main/scala/com/graduation/analytics/sql/OdsLoadSql.scala, D:/Develop_code/GraduationProject-wt/m3-jdk8fix/spark-jobs/src/main/scala/com/graduation/analytics/sql/JsonObjectSlicer.scala, D:/Develop_code/GraduationProject-wt/m3-jdk8fix/spark-jobs/src/main/scala/com/graduation/analytics/sql/DimSql.scala, D:/Develop_code/GraduationProject-wt/m3-jdk8fix/spark-jobs/src/main/scala/com/graduation/analytics/algorithm/OrderTradeCompiler.scala, D:/Develop_code/GraduationProject-wt/m3-jdk8fix/spark-jobs/src/main/scala/com/graduation/analytics/job/PartitionEvidence.scala), removed = Set(), changed = Set(), unmodified = ...),Set(),Set(),API Changes: Set())
[DEBUG] Full compilation, no sources in previous analysis.
[DEBUG] all 35 sources are invalidated
[DEBUG] Initial set of included nodes: 
[DEBUG] Recompiling all sources: number of invalidated sources > 50.0 percent of all sources
[DEBUG] compilation cycle 1
[INFO] compiling 35 Scala sources to D:\Develop_code\GraduationProject-wt\m3-jdk8fix\spark-jobs\target\classes ...
[DEBUG] Returning already retrieved and compiled bridge: C:\Users\ASUS\.sbt\1.0\zinc\org.scala-sbt\org.scala-sbt-compiler-bridge_2.12-1.8.0-bin_2.12.19__61.0-1.8.0_20221110T195421.jar.
[DEBUG] [zinc] Running cached compiler 62a81453 for Scala compiler version 2.12.19
[DEBUG] [zinc] The Scala compiler is invoked with:
	-deprecation
	-feature
	-release
	8
	-bootclasspath
	D:\maven_repository\org\scala-lang\scala-library\2.12.19\scala-library-2.12.19.jar
	-classpath
	D:\maven_repository\com\thoughtworks\paranamer\paranamer\2.8\paranamer-2.8.jar;D:\maven_repository\org\eclipse\jetty\jetty-webapp\9.4.43.v20210629\jetty-webapp-9.4.43.v20210629.jar;D:\maven_repository\org\apache\hadoop\hadoop-client-runtime\3.3.4\hadoop-client-runtime-3.3.4.jar;D:\maven_repository\org\apache\kerby\kerb-core\1.0.1\kerb-core-1.0.1.jar;D:\maven_repository\org\eclipse\jetty\websocket\websocket-api\9.4.43.v20210629\websocket-api-9.4.43.v20210629.jar;D:\maven_repository\org\apache\curator\curator-client\4.2.0\curator-client-4.2.0.jar;D:\maven_repository\org\apache\spark\spark-kvstore_2.12\3.5.1\spark-kvstore_2.12-3.5.1.jar;D:\maven_repository\jakarta\validation\jakarta.validation-api\2.0.2\jakarta.validation-api-2.0.2.jar;D:\maven_repository\org\jetbrains\annotations\17.0.0\annotations-17.0.0.jar;D:\maven_repository\org\apache\parquet\parquet-hadoop\1.13.1\parquet-hadoop-1.13.1.jar;D:\maven_repository\javax\activation\activation\1.1.1\activation-1.1.1.jar;D:\maven_repository\org\scala-lang\scala-reflect\2.12.18\scala-reflect-2.12.18.jar;D:\maven_repository\org\apache\orc\orc-shims\1.9.2\orc-shims-1.9.2.jar;D:\maven_repository\org\apache\parquet\parquet-encoding\1.13.1\parquet-encoding-1.13.1.jar;D:\maven_repository\com\google\j2objc\j2objc-annotations\1.1\j2objc-annotations-1.1.jar;D:\maven_repository\org\apache\avro\avro-mapred\1.11.2\avro-mapred-1.11.2.jar;D:\maven_repository\org\apache\parquet\parquet-jackson\1.13.1\parquet-jackson-1.13.1.jar;D:\maven_repository\org\apache\kerby\kerby-pkix\1.0.1\kerby-pkix-1.0.1.jar;D:\maven_repository\org\apache\logging\log4j\log4j-api\2.20.0\log4j-api-2.20.0.jar;D:\maven_repository\org\glassfish\hk2\external\jakarta.inject\2.6.1\jakarta.inject-2.6.1.jar;D:\maven_repository\com\github\luben\zstd-jni\1.5.5-4\zstd-jni-1.5.5-4.jar;D:\maven_repository\org\apache\httpcomponents\httpcore\4.4.13\httpcore-4.4.13.jar;D:\maven_repository\com\google\crypto\tink\tink\1.9.0\tink-1.9.0.jar;D:\maven_repository\org\apache\hive\hive-storage-api\2.8.1\hive-storage-api-2.8.1.jar;D:\maven_repository\com\fasterxml\jackson\module\jackson-module-jaxb-annotations\2.12.7\jackson-module-jaxb-annotations-2.12.7.jar;D:\maven_repository\com\twitter\chill-java\0.10.0\chill-java-0.10.0.jar;D:\maven_repository\org\apache\orc\orc-mapreduce\1.9.2\orc-mapreduce-1.9.2-shaded-protobuf.jar;D:\maven_repository\com\google\protobuf\protobuf-java\2.5.0\protobuf-java-2.5.0.jar;D:\maven_repository\org\apache\hadoop\hadoop-yarn-client\3.3.4\hadoop-yarn-client-3.3.4.jar;D:\maven_repository\org\apache\spark\spark-sql-api_2.12\3.5.1\spark-sql-api_2.12-3.5.1.jar;D:\maven_repository\org\apache\datasketches\datasketches-memory\2.1.0\datasketches-memory-2.1.0.jar;D:\maven_repository\org\slf4j\slf4j-reload4j\1.7.36\slf4j-reload4j-1.7.36.jar;D:\maven_repository\org\ow2\asm\asm\9.1\asm-9.1.jar;D:\maven_repository\oro\oro\2.0.8\oro-2.0.8.jar;D:\maven_repository\org\codehaus\mojo\animal-sniffer-annotations\1.17\animal-sniffer-annotations-1.17.jar;D:\maven_repository\com\fasterxml\jackson\core\jackson-core\2.15.4\jackson-core-2.15.4.jar;D:\maven_repository\org\apache\zookeeper\zookeeper\3.6.3\zookeeper-3.6.3.jar;D:\maven_repository\org\eclipse\jetty\jetty-util-ajax\9.4.43.v20210629\jetty-util-ajax-9.4.43.v20210629.jar;D:\maven_repository\org\apache\parquet\parquet-column\1.13.1\parquet-column-1.13.1.jar;D:\maven_repository\org\apache\arrow\arrow-vector\12.0.1\arrow-vector-12.0.1.jar;D:\maven_repository\com\nimbusds\nimbus-jose-jwt\9.8.1\nimbus-jose-jwt-9.8.1.jar;D:\maven_repository\org\apache\hadoop\thirdparty\hadoop-shaded-protobuf_3_7\1.1.1\hadoop-shaded-protobuf_3_7-1.1.1.jar;D:\maven_repository\org\apache\hadoop\hadoop-hdfs-client\3.3.4\hadoop-hdfs-client-3.3.4.jar;D:\maven_repository\commons-io\commons-io\2.13.0\commons-io-2.13.0.jar;D:\maven_repository\io\netty\netty-transport\4.1.96.Final\netty-transport-4.1.96.Final.jar;D:\maven_repository\jakarta\annotation\jakarta.annotation-api\1.3.5\jakarta.annotation-api-1.3.5.jar;D:\maven_repository\org\apache\hadoop\hadoop-annotations\3.3.4\hadoop-annotations-3.3.4.jar;D:\maven_repository\org\roaringbitmap\RoaringBitmap\0.9.45\RoaringBitmap-0.9.45.jar;D:\maven_repository\org\apache\spark\spark-tags_2.12\3.5.1\spark-tags_2.12-3.5.1.jar;D:\maven_repository\com\sun\jersey\jersey-client\1.19\jersey-client-1.19.jar;D:\maven_repository\org\threeten\threeten-extra\1.7.1\threeten-extra-1.7.1.jar;D:\maven_repository\javax\xml\bind\jaxb-api\2.2.11\jaxb-api-2.2.11.jar;D:\maven_repository\org\apache\xbean\xbean-asm9-shaded\4.23\xbean-asm9-shaded-4.23.jar;D:\maven_repository\org\glassfish\hk2\osgi-resource-locator\1.0.3\osgi-resource-locator-1.0.3.jar;D:\maven_repository\org\eclipse\jetty\websocket\websocket-client\9.4.43.v20210629\websocket-client-9.4.43.v20210629.jar;D:\maven_repository\org\apache\curator\curator-recipes\2.13.0\curator-recipes-2.13.0.jar;D:\maven_repository\org\apache\spark\spark-sketch_2.12\3.5.1\spark-sketch_2.12-3.5.1.jar;D:\maven_repository\io\dropwizard\metrics\metrics-jvm\4.2.19\metrics-jvm-4.2.19.jar;D:\maven_repository\io\netty\netty-codec-http\4.1.96.Final\netty-codec-http-4.1.96.Final.jar;D:\maven_repository\com\clearspring\analytics\stream\2.9.6\stream-2.9.6.jar;D:\maven_repository\org\eclipse\jetty\jetty-io\9.4.43.v20210629\jetty-io-9.4.43.v20210629.jar;D:\maven_repository\org\apache\zookeeper\zookeeper-jute\3.6.3\zookeeper-jute-3.6.3.jar;D:\maven_repository\org\apache\datasketches\datasketches-java\3.3.0\datasketches-java-3.3.0.jar;D:\maven_repository\org\apache\kerby\kerb-identity\1.0.1\kerb-identity-1.0.1.jar;D:\maven_repository\org\apache\spark\spark-unsafe_2.12\3.5.1\spark-unsafe_2.12-3.5.1.jar;D:\maven_repository\org\apache\commons\commons-math3\3.6.1\commons-math3-3.6.1.jar;D:\maven_repository\org\apache\hadoop\hadoop-client-api\3.3.4\hadoop-client-api-3.3.4.jar;D:\maven_repository\io\netty\netty-transport-native-unix-common\4.1.96.Final\netty-transport-native-unix-common-4.1.96.Final.jar;D:\maven_repository\joda-time\joda-time\2.12.5\joda-time-2.12.5.jar;D:\maven_repository\org\roaringbitmap\shims\0.9.45\shims-0.9.45.jar;D:\maven_repository\com\sun\jersey\jersey-core\1.19\jersey-core-1.19.jar;D:\maven_repository\org\apache\ivy\ivy\2.5.1\ivy-2.5.1.jar;D:\maven_repository\org\glassfish\hk2\hk2-utils\2.6.1\hk2-utils-2.6.1.jar;D:\maven_repository\org\apache\commons\commons-configuration2\2.1.1\commons-configuration2-2.1.1.jar;D:\maven_repository\org\apache\commons\commons-compress\1.23.0\commons-compress-1.23.0.jar;D:\maven_repository\net\minidev\json-smart\2.4.7\json-smart-2.4.7.jar;D:\maven_repository\org\apache\kerby\kerb-admin\1.0.1\kerb-admin-1.0.1.jar;D:\maven_repository\org\glassfish\jersey\containers\jersey-container-servlet\2.40\jersey-container-servlet-2.40.jar;D:\maven_repository\org\codehaus\janino\janino\3.1.9\janino-3.1.9.jar;D:\maven_repository\org\glassfish\hk2\hk2-locator\2.6.1\hk2-locator-2.6.1.jar;D:\maven_repository\org\apache\commons\commons-text\1.10.0\commons-text-1.10.0.jar;D:\maven_repository\org\apache\parquet\parquet-common\1.13.1\parquet-common-1.13.1.jar;D:\maven_repository\org\scala-lang\modules\scala-xml_2.12\2.1.0\scala-xml_2.12-2.1.0.jar;D:\maven_repository\ch\qos\reload4j\reload4j\1.2.22\reload4j-1.2.22.jar;D:\maven_repository\org\eclipse\jetty\jetty-util\9.4.43.v20210629\jetty-util-9.4.43.v20210629.jar;D:\maven_repository\io\dropwizard\metrics\metrics-jmx\4.2.19\metrics-jmx-4.2.19.jar;D:\maven_repository\org\apache\spark\spark-network-shuffle_2.12\3.5.1\spark-network-shuffle_2.12-3.5.1.jar;D:\maven_repository\org\apache\parquet\parquet-format-structures\1.13.1\parquet-format-structures-1.13.1.jar;D:\maven_repository\com\google\flatbuffers\flatbuffers-java\1.12.0\flatbuffers-java-1.12.0.jar;D:\maven_repository\org\eclipse\jetty\websocket\websocket-common\9.4.43.v20210629\websocket-common-9.4.43.v20210629.jar;D:\maven_repository\com\fasterxml\jackson\core\jackson-databind\2.15.4\jackson-databind-2.15.4.jar;D:\maven_repository\com\google\code\findbugs\jsr305\3.0.0\jsr305-3.0.0.jar;D:\maven_repository\io\dropwizard\metrics\metrics-graphite\4.2.19\metrics-graphite-4.2.19.jar;D:\maven_repository\org\apache\kerby\kerb-client\1.0.1\kerb-client-1.0.1.jar;D:\maven_repository\org\apache\yetus\audience-annotations\0.5.0\audience-annotations-0.5.0.jar;D:\maven_repository\org\apache\kerby\kerby-xdr\1.0.1\kerby-xdr-1.0.1.jar;D:\maven_repository\org\apache\spark\spark-common-utils_2.12\3.5.1\spark-common-utils_2.12-3.5.1.jar;D:\maven_repository\org\apache\kerby\kerb-common\1.0.1\kerb-common-1.0.1.jar;D:\maven_repository\org\apache\spark\spark-sql_2.12\3.5.1\spark-sql_2.12-3.5.1.jar;D:\maven_repository\org\json4s\json4s-jackson_2.12\3.7.0-M11\json4s-jackson_2.12-3.7.0-M11.jar;D:\maven_repository\com\fasterxml\jackson\jaxrs\jackson-jaxrs-base\2.12.7\jackson-jaxrs-base-2.12.7.jar;D:\maven_repository\org\apache\arrow\arrow-memory-netty\12.0.1\arrow-memory-netty-12.0.1.jar;D:\maven_repository\org\scala-lang\modules\scala-parser-combinators_2.12\2.3.0\scala-parser-combinators_2.12-2.3.0.jar;D:\maven_repository\io\netty\netty-codec\4.1.96.Final\netty-codec-4.1.96.Final.jar;D:\maven_repository\com\google\guava\guava\27.0-jre\guava-27.0-jre.jar;D:\maven_repository\org\apache\hadoop\hadoop-yarn-common\3.3.4\hadoop-yarn-common-3.3.4.jar;D:\maven_repository\commons-net\commons-net\3.6\commons-net-3.6.jar;D:\maven_repository\org\tukaani\xz\1.9\xz-1.9.jar;D:\maven_repository\com\github\stephenc\jcip\jcip-annotations\1.0-1\jcip-annotations-1.0-1.jar;D:\maven_repository\io\netty\netty-codec-http2\4.1.96.Final\netty-codec-http2-4.1.96.Final.jar;D:\maven_repository\io\dropwizard\metrics\metrics-json\4.2.19\metrics-json-4.2.19.jar;D:\maven_repository\org\slf4j\slf4j-api\1.7.36\slf4j-api-1.7.36.jar;D:\maven_repository\io\dropwizard\metrics\metrics-core\4.2.19\metrics-core-4.2.19.jar;D:\maven_repository\org\apache\logging\log4j\log4j-slf4j2-impl\2.20.0\log4j-slf4j2-impl-2.20.0.jar;D:\maven_repository\org\javassist\javassist\3.29.2-GA\javassist-3.29.2-GA.jar;D:\maven_repository\org\apache\kerby\kerby-util\1.0.1\kerby-util-1.0.1.jar;D:\maven_repository\io\airlift\aircompressor\0.25\aircompressor-0.25.jar;D:\maven_repository\org\apache\kerby\kerby-asn1\1.0.1\kerby-asn1-1.0.1.jar;D:\maven_repository\org\apache\kerby\kerby-config\1.0.1\kerby-config-1.0.1.jar;D:\maven_repository\org\apache\curator\curator-framework\2.13.0\curator-framework-2.13.0.jar;D:\maven_repository\org\apache\kerby\kerb-server\1.0.1\kerb-server-1.0.1.jar;D:\maven_repository\org\apache\commons\commons-lang3\3.12.0\commons-lang3-3.12.0.jar;D:\maven_repository\io\netty\netty-transport-native-epoll\4.1.96.Final\netty-transport-native-epoll-4.1.96.Final-linux-aarch_64.jar;D:\maven_repository\com\univocity\univocity-parsers\2.9.1\univocity-parsers-2.9.1.jar;D:\maven_repository\org\eclipse\jetty\jetty-servlet\9.4.43.v20210629\jetty-servlet-9.4.43.v20210629.jar;D:\maven_repository\javax\servlet\javax.servlet-api\3.1.0\javax.servlet-api-3.1.0.jar;D:\maven_repository\net\sf\py4j\py4j\0.10.9.7\py4j-0.10.9.7.jar;D:\maven_repository\org\checkerframework\checker-qual\2.5.2\checker-qual-2.5.2.jar;D:\maven_repository\org\apache\kerby\token-provider\1.0.1\token-provider-1.0.1.jar;D:\maven_repository\org\eclipse\jetty\jetty-client\9.4.43.v20210629\jetty-client-9.4.43.v20210629.jar;D:\maven_repository\commons-codec\commons-codec\1.16.0\commons-codec-1.16.0.jar;D:\maven_repository\org\eclipse\jetty\jetty-http\9.4.43.v20210629\jetty-http-9.4.43.v20210629.jar;D:\maven_repository\org\codehaus\woodstox\stax2-api\4.2.1\stax2-api-4.2.1.jar;D:\maven_repository\org\apache\kerby\kerb-simplekdc\1.0.1\kerb-simplekdc-1.0.1.jar;D:\maven_repository\org\apache\spark\spark-catalyst_2.12\3.5.1\spark-catalyst_2.12-3.5.1.jar;D:\maven_repository\com\fasterxml\jackson\jaxrs\jackson-jaxrs-json-provider\2.12.7\jackson-jaxrs-json-provider-2.12.7.jar;D:\maven_repository\org\antlr\antlr4-runtime\4.9.3\antlr4-runtime-4.9.3.jar;D:\maven_repository\com\fasterxml\jackson\datatype\jackson-datatype-jsr310\2.15.1\jackson-datatype-jsr310-2.15.1.jar;D:\maven_repository\org\apache\avro\avro\1.11.2\avro-1.11.2.jar;D:\maven_repository\org\glassfish\jersey\containers\jersey-container-servlet-core\2.40\jersey-container-servlet-core-2.40.jar;D:\maven_repository\commons-logging\commons-logging\1.1.3\commons-logging-1.1.3.jar;D:\maven_repository\org\apache\commons\commons-collections4\4.4\commons-collections4-4.4.jar;D:\maven_repository\io\netty\netty-buffer\4.1.96.Final\netty-buffer-4.1.96.Final.jar;D:\maven_repository\jakarta\activation\jakarta.activation-api\1.2.1\jakarta.activation-api-1.2.1.jar;D:\maven_repository\io\netty\netty-transport-classes-epoll\4.1.96.Final\netty-transport-classes-epoll-4.1.96.Final.jar;D:\maven_repository\com\esotericsoftware\kryo-shaded\4.0.2\kryo-shaded-4.0.2.jar;D:\maven_repository\org\glassfish\jersey\core\jersey-common\2.40\jersey-common-2.40.jar;D:\maven_repository\org\json4s\json4s-core_2.12\3.7.0-M11\json4s-core_2.12-3.7.0-M11.jar;D:\maven_repository\org\codehaus\janino\commons-compiler\3.1.9\commons-compiler-3.1.9.jar;D:\maven_repository\org\json4s\json4s-scalap_2.12\3.7.0-M11\json4s-scalap_2.12-3.7.0-M11.jar;D:\maven_repository\org\apache\hadoop\hadoop-common\3.3.4\hadoop-common-3.3.4.jar;D:\maven_repository\org\apache\arrow\arrow-format\12.0.1\arrow-format-12.0.1.jar;D:\maven_repository\jakarta\ws\rs\jakarta.ws.rs-api\2.1.6\jakarta.ws.rs-api-2.1.6.jar;D:\maven_repository\io\netty\netty-transport-native-kqueue\4.1.96.Final\netty-transport-native-kqueue-4.1.96.Final-osx-aarch_64.jar;D:\maven_repository\dnsjava\dnsjava\2.1.7\dnsjava-2.1.7.jar;D:\maven_repository\org\jline\jline\3.9.0\jline-3.9.0.jar;D:\maven_repository\io\netty\netty-handler-proxy\4.1.96.Final\netty-handler-proxy-4.1.96.Final.jar;D:\maven_repository\org\json4s\json4s-ast_2.12\3.7.0-M11\json4s-ast_2.12-3.7.0-M11.jar;D:\maven_repository\net\minidev\accessors-smart\2.4.7\accessors-smart-2.4.7.jar;D:\maven_repository\io\netty\netty-transport-classes-kqueue\4.1.96.Final\netty-transport-classes-kqueue-4.1.96.Final.jar;D:\maven_repository\org\apache\hadoop\thirdparty\hadoop-shaded-guava\1.1.1\hadoop-shaded-guava-1.1.1.jar;D:\maven_repository\com\google\guava\failureaccess\1.0\failureaccess-1.0.jar;D:\maven_repository\org\slf4j\jul-to-slf4j\2.0.7\jul-to-slf4j-2.0.7.jar;D:\maven_repository\com\google\re2j\re2j\1.1\re2j-1.1.jar;D:\maven_repository\io\netty\netty-transport-native-kqueue\4.1.96.Final\netty-transport-native-kqueue-4.1.96.Final-osx-x86_64.jar;D:\maven_repository\org\apache\hadoop\hadoop-mapreduce-client-common\3.3.4\hadoop-mapreduce-client-common-3.3.4.jar;D:\maven_repository\org\eclipse\jetty\jetty-security\9.4.43.v20210629\jetty-security-9.4.43.v20210629.jar;D:\maven_repository\io\netty\netty-all\4.1.96.Final\netty-all-4.1.96.Final.jar;D:\maven_repository\org\apache\commons\commons-crypto\1.1.0\commons-crypto-1.1.0.jar;D:\maven_repository\org\apache\httpcomponents\httpclient\4.5.13\httpclient-4.5.13.jar;D:\maven_repository\org\fusesource\leveldbjni\leveldbjni-all\1.8\leveldbjni-all-1.8.jar;D:\maven_repository\org\apache\kerby\kerb-util\1.0.1\kerb-util-1.0.1.jar;D:\maven_repository\org\glassfish\jersey\core\jersey-server\2.40\jersey-server-2.40.jar;D:\maven_repository\org\apache\arrow\arrow-memory-core\12.0.1\arrow-memory-core-12.0.1.jar;D:\maven_repository\io\netty\netty-transport-native-epoll\4.1.96.Final\netty-transport-native-epoll-4.1.96.Final-linux-x86_64.jar;D:\maven_repository\org\glassfish\jersey\core\jersey-client\2.40\jersey-client-2.40.jar;D:\maven_repository\org\xerial\snappy\snappy-java\1.1.10.3\snappy-java-1.1.10.3.jar;D:\maven_repository\io\netty\netty-resolver\4.1.96.Final\netty-resolver-4.1.96.Final.jar;D:\maven_repository\org\apache\hadoop\hadoop-client\3.3.4\hadoop-client-3.3.4.jar;D:\maven_repository\org\apache\hadoop\hadoop-mapreduce-client-jobclient\3.3.4\hadoop-mapreduce-client-jobclient-3.3.4.jar;D:\maven_repository\com\google\guava\listenablefuture\9999.0-empty-to-avoid-conflict-with-guava\listenablefuture-9999.0-empty-to-avoid-conflict-with-guava.jar;D:\maven_repository\org\apache\logging\log4j\log4j-core\2.20.0\log4j-core-2.20.0.jar;D:\maven_repository\io\netty\netty-codec-socks\4.1.96.Final\netty-codec-socks-4.1.96.Final.jar;D:\maven_repository\jakarta\servlet\jakarta.servlet-api\4.0.3\jakarta.servlet-api-4.0.3.jar;D:\maven_repository\org\eclipse\jetty\jetty-xml\9.4.43.v20210629\jetty-xml-9.4.43.v20210629.jar;D:\maven_repository\javax\ws\rs\jsr311-api\1.1.1\jsr311-api-1.1.1.jar;D:\maven_repository\org\apache\avro\avro-ipc\1.11.2\avro-ipc-1.11.2.jar;D:\maven_repository\org\apache\logging\log4j\log4j-1.2-api\2.20.0\log4j-1.2-api-2.20.0.jar;D:\maven_repository\com\google\code\gson\gson\2.8.9\gson-2.8.9.jar;D:\maven_repository\io\netty\netty-common\4.1.96.Final\netty-common-4.1.96.Final.jar;D:\maven_repository\javax\servlet\jsp\jsp-api\2.1\jsp-api-2.1.jar;D:\maven_repository\com\fasterxml\jackson\core\jackson-annotations\2.15.4\jackson-annotations-2.15.4.jar;D:\maven_repository\org\apache\hadoop\hadoop-mapreduce-client-core\3.3.4\hadoop-mapreduce-client-core-3.3.4.jar;D:\maven_repository\org\glassfish\jersey\inject\jersey-hk2\2.40\jersey-hk2-2.40.jar;D:\maven_repository\net\razorvine\pickle\1.3\pickle-1.3.jar;D:\maven_repository\org\apache\spark\spark-launcher_2.12\3.5.1\spark-launcher_2.12-3.5.1.jar;D:\maven_repository\io\netty\netty-handler\4.1.96.Final\netty-handler-4.1.96.Final.jar;D:\maven_repository\com\fasterxml\woodstox\woodstox-core\5.3.0\woodstox-core-5.3.0.jar;D:\maven_repository\org\rocksdb\rocksdbjni\8.3.2\rocksdbjni-8.3.2.jar;D:\maven_repository\org\apache\orc\orc-core\1.9.2\orc-core-1.9.2-shaded-protobuf.jar;D:\maven_repository\org\apache\spark\spark-network-common_2.12\3.5.1\spark-network-common_2.12-3.5.1.jar;D:\maven_repository\com\sun\jersey\jersey-servlet\1.19\jersey-servlet-1.19.jar;D:\maven_repository\org\apache\kerby\kerb-crypto\1.0.1\kerb-crypto-1.0.1.jar;D:\maven_repository\commons-cli\commons-cli\1.2\commons-cli-1.2.jar;D:\maven_repository\org\slf4j\jcl-over-slf4j\2.0.7\jcl-over-slf4j-2.0.7.jar;D:\maven_repository\com\ning\compress-lzf\1.1.2\compress-lzf-1.1.2.jar;D:\maven_repository\org\apache\hadoop\hadoop-auth\3.3.4\hadoop-auth-3.3.4.jar;D:\maven_repository\org\apache\hadoop\hadoop-yarn-api\3.3.4\hadoop-yarn-api-3.3.4.jar;D:\maven_repository\com\fasterxml\jackson\module\jackson-module-scala_2.12\2.15.2\jackson-module-scala_2.12-2.15.2.jar;D:\maven_repository\org\glassfish\hk2\hk2-api\2.6.1\hk2-api-2.6.1.jar;D:\maven_repository\com\twitter\chill_2.12\0.10.0\chill_2.12-0.10.0.jar;D:\maven_repository\org\apache\spark\spark-core_2.12\3.5.1\spark-core_2.12-3.5.1.jar;D:\maven_repository\com\esotericsoftware\minlog\1.3.0\minlog-1.3.0.jar;D:\maven_repository\commons-collections\commons-collections\3.2.2\commons-collections-3.2.2.jar;D:\maven_repository\org\glassfish\hk2\external\aopalliance-repackaged\2.6.1\aopalliance-repackaged-2.6.1.jar;D:\maven_repository\jakarta\xml\bind\jakarta.xml.bind-api\2.3.2\jakarta.xml.bind-api-2.3.2.jar;D:\maven_repository\org\objenesis\objenesis\2.5.1\objenesis-2.5.1.jar;D:\maven_repository\org\lz4\lz4-java\1.8.0\lz4-java-1.8.0.jar;D:\maven_repository\commons-beanutils\commons-beanutils\1.9.4\commons-beanutils-1.9.4.jar;D:\Develop_code\GraduationProject-wt\m3-jdk8fix\spark-jobs\target\classes;D:\maven_repository\org\scala-lang\scala-reflect\2.12.19\scala-reflect-2.12.19.jar;D:\maven_repository\jline\jline\2.14.6\jline-2.14.6.jar;D:\maven_repository\org\scala-lang\scala-compiler\2.12.19\scala-compiler-2.12.19.jar;D:\maven_repository\org\scala-lang\scala-library\2.12.19\scala-library-2.12.19.jar;D:\maven_repository\org\scala-lang\modules\scala-xml_2.12\2.2.0\scala-xml_2.12-2.2.0.jar
[DEBUG] Scala compilation took 10.3779859 s
[INFO] done compiling
[INFO] compile in 12.1 s
[INFO] ------------------------------------------------------------------------
[INFO] BUILD SUCCESS
[INFO] ------------------------------------------------------------------------
[INFO] Total time:  14.155 s
[INFO] Finished at: 2026-09-12T16:07:56+08:00
[INFO] ------------------------------------------------------------------------
[DEBUG] Shutting down adapter factory; available factories [file-lock, rwlock-local, semaphore-local, noop]; available name mappers [discriminating, file-gaecv, file-gav, file-hgaecv, file-hgav, file-static, gaecv, gav, static]
[DEBUG] Shutting down 'file-lock' factory
[DEBUG] Shutting down 'rwlock-local' factory
[DEBUG] Shutting down 'semaphore-local' factory
[DEBUG] Shutting down 'noop' factory
