2026-09-12 15:44:14,393 INFO  [main] client.DefaultNoHARMFailoverProxyProvider (DefaultNoHARMFailoverProxyProvider.java:init(64)) - Connecting to ResourceManager at node01/192.168.18.10x:8032
Container: container_e35_1789195359269_0004_01_000001 on node03_43710
LogAggregationType: AGGREGATED
=====================================================================
LogType:directory.info
LogLastModifiedTime:周六 9月 12 15:41:40 +0800 2026
LogLength:31389
LogContents:
ls -l:
total 72
lrwxrwxrwx 1 root root    77 Sep 12 15:41 __app__.jar -> /var/yjx/hadoop/ha/nm-local-dir/usercache/root/filecache/15/cluster-probe.jar
-rw-r--r-- 1 root root    69 Sep 12 15:41 container_tokens
-rwx------ 1 root root   704 Sep 12 15:41 default_container_executor_session.sh
-rwx------ 1 root root   759 Sep 12 15:41 default_container_executor.sh
-rwx------ 1 root root 44264 Sep 12 15:41 launch_container.sh
lrwxrwxrwx 1 root root    78 Sep 12 15:41 __spark_conf__ -> /var/yjx/hadoop/ha/nm-local-dir/usercache/root/filecache/16/__spark_conf__.zip
drwxr-xr-x 2 root root 12288 Sep 12 15:41 __spark_libs__
drwx--x--- 2 root root     6 Sep 12 15:41 tmp
find -L . -maxdepth 5 -ls:
206018300    4 drwx--x---   4 root     root         4096 Sep 12 15:41 .
70451718    0 drwx--x---   2 root     root            6 Sep 12 15:41 ./tmp
206018301    4 -rw-r--r--   1 root     root           69 Sep 12 15:41 ./container_tokens
206018302    4 -rw-r--r--   1 root     root           12 Sep 12 15:41 ./.container_tokens.crc
206018303   44 -rwx------   1 root     root        44264 Sep 12 15:41 ./launch_container.sh
206049984    4 -rw-r--r--   1 root     root          356 Sep 12 15:41 ./.launch_container.sh.crc
206049985    4 -rwx------   1 root     root          704 Sep 12 15:41 ./default_container_executor_session.sh
206049986    4 -rw-r--r--   1 root     root           16 Sep 12 15:41 ./.default_container_executor_session.sh.crc
206049987    4 -rwx------   1 root     root          759 Sep 12 15:41 ./default_container_executor.sh
206049988    4 -rw-r--r--   1 root     root           16 Sep 12 15:41 ./.default_container_executor.sh.crc
137707883   16 drwxr-xr-x   2 root     root        12288 Sep 12 15:41 ./__spark_libs__
7154285  932 -r-xr-xr-x   1 root     root       953001 Sep 12 15:40 ./__spark_libs__/kubernetes-model-autoscaling-6.7.2.jar
70028023  180 -r-xr-xr-x   1 root     root       183633 Sep 12 15:40 ./__spark_libs__/hive-beeline-2.3.9.jar
70442059  328 -r-xr-xr-x   1 root     root       334803 Sep 12 15:40 ./__spark_libs__/snakeyaml-2.0.jar
70028017  404 -r-xr-xr-x   1 root     root       410874 Sep 12 15:40 ./__spark_libs__/kryo-shaded-4.0.2.jar
206003489   36 -r-xr-xr-x   1 root     root        35518 Sep 12 15:40 ./__spark_libs__/zjsonpatch-0.3.0.jar
70430538   20 -r-xr-xr-x   1 root     root        20437 Sep 12 15:40 ./__spark_libs__/audience-annotations-0.5.0.jar
206018273  532 -r-xr-xr-x   1 root     root       541587 Sep 12 15:40 ./__spark_libs__/spark-kubernetes_2.12-3.5.1.jar
70430520  112 -r-xr-xr-x   1 root     root       111010 Sep 12 15:40 ./__spark_libs__/arrow-memory-core-12.0.1.jar
7153931 8004 -r-xr-xr-x   1 root     root      8195966 Sep 12 15:40 ./__spark_libs__/hive-metastore-2.3.9.jar
206018255  420 -r-xr-xr-x   1 root     root       427674 Sep 12 15:40 ./__spark_libs__/okhttp-3.12.12.jar
7154273  244 -r-xr-xr-x   1 root     root       249790 Sep 12 15:40 ./__spark_libs__/javax.jdo-3.2.0-m3.jar
7160386  252 -r-xr-xr-x   1 root     root       256667 Sep 12 15:40 ./__spark_libs__/threeten-extra-1.7.1.jar
137388720 7176 -r-xr-xr-x   1 root     root      7345382 Sep 12 15:40 ./__spark_libs__/mesos-1.4.3-shaded-protobuf.jar
206003043  424 -r-xr-xr-x   1 root     root       432651 Sep 12 15:40 ./__spark_libs__/spark-graphx_2.12-3.5.1.jar
70442086  188 -r-xr-xr-x   1 root     root       188465 Sep 12 15:40 ./__spark_libs__/avro-mapred-1.11.2.jar
137388693  324 -r-xr-xr-x   1 root     root       327891 Sep 12 15:40 ./__spark_libs__/httpcore-4.4.16.jar
7154258  440 -r-xr-xr-x   1 root     root       447005 Sep 12 15:40 ./__spark_libs__/univocity-parsers-2.9.1.jar
70442050  244 -r-xr-xr-x   1 root     root       246445 Sep 12 15:40 ./__spark_libs__/libthrift-0.12.0.jar
135997922   56 -r-xr-xr-x   1 root     root        54630 Sep 12 15:40 ./__spark_libs__/jackson-dataformat-yaml-2.15.2.jar
205776827   84 -r-xr-xr-x   1 root     root        82872 Sep 12 15:40 ./__spark_libs__/jakarta.servlet-api-4.0.3.jar
7154300   28 -r-xr-xr-x   1 root     root        25486 Sep 12 15:40 ./__spark_libs__/netty-handler-proxy-4.1.96.Final.jar
206003522  292 -r-xr-xr-x   1 root     root       297253 Sep 12 15:40 ./__spark_libs__/spark-mesos_2.12-3.5.1.jar
135997946 3588 -r-xr-xr-x   1 root     root      3670535 Sep 12 15:40 ./__spark_libs__/scala-reflect-2.12.18.jar
70430496   60 -r-xr-xr-x   1 root     root        58284 Sep 12 15:40 ./__spark_libs__/commons-cli-1.5.0.jar
137388732 1152 -r-xr-xr-x   1 root     root      1175798 Sep 12 15:40 ./__spark_libs__/JTransforms-3.1.jar
135997678  344 -r-xr-xr-x   1 root     root       351778 Sep 12 15:40 ./__spark_libs__/spark-yarn_2.12-3.5.1.jar
70451690   16 -r-xr-xr-x   1 root     root        15071 Sep 12 15:40 ./__spark_libs__/jta-1.1.jar
206003531  984 -r-xr-xr-x   1 root     root      1004811 Sep 12 15:40 ./__spark_libs__/parquet-hadoop-1.13.1.jar
137388681  124 -r-xr-xr-x   1 root     root       124506 Sep 12 15:40 ./__spark_libs__/py4j-0.10.9.7.jar
70442101  116 -r-xr-xr-x   1 root     root       116013 Sep 12 15:40 ./__spark_libs__/xz-1.9.jar
206003540  236 -r-xr-xr-x   1 root     root       238400 Sep 12 15:40 ./__spark_libs__/commons-text-1.10.0.jar
137388696 1644 -r-xr-xr-x   1 root     root      1679366 Sep 12 15:40 ./__spark_libs__/hive-service-rpc-3.1.3.jar
7154264  768 -r-xr-xr-x   1 root     root       785639 Sep 12 15:40 ./__spark_libs__/httpclient-4.5.14.jar
7153886   16 -r-xr-xr-x   1 root     root        15160 Sep 12 15:40 ./__spark_libs__/spark-tags_2.12-3.5.1.jar
7153943 29384 -r-xr-xr-x   1 root     root     30085504 Sep 12 15:40 ./__spark_libs__/hadoop-client-runtime-3.3.4.jar
137388684  896 -r-xr-xr-x   1 root     root       916630 Sep 12 15:40 ./__spark_libs__/hive-serde-2.3.9.jar
70430541 2012 -r-xr-xr-x   1 root     root      2058806 Sep 12 15:40 ./__spark_libs__/snappy-java-1.1.10.3.jar
7153928  516 -r-xr-xr-x   1 root     root       526286 Sep 12 15:40 ./__spark_libs__/json4s-core_2.12-3.7.0-M11.jar
135997904  232 -r-xr-xr-x   1 root     root       236660 Sep 12 15:40 ./__spark_libs__/ST4-4.0.4.jar
7153940   20 -r-xr-xr-x   1 root     root        19479 Sep 12 15:40 ./__spark_libs__/osgi-resource-locator-1.0.3.jar
135997949   12 -r-xr-xr-x   1 root     root         8786 Sep 12 15:40 ./__spark_libs__/hive-shims-2.3.9.jar
7154303  172 -r-xr-xr-x   1 root     root       174487 Sep 12 15:40 ./__spark_libs__/kubernetes-model-rbac-6.7.2.jar
7154255   12 -r-xr-xr-x   1 root     root        12131 Sep 12 15:40 ./__spark_libs__/jpam-1.1.jar
70451696 4796 -r-xr-xr-x   1 root     root      4907714 Sep 12 15:40 ./__spark_libs__/kubernetes-model-core-6.7.2.jar
7154291  264 -r-xr-xr-x   1 root     root       268780 Sep 12 15:40 ./__spark_libs__/jline-2.14.6.jar
70430526  200 -r-xr-xr-x   1 root     root       203358 Sep 12 15:40 ./__spark_libs__/hk2-locator-2.6.1.jar
7153919  112 -r-xr-xr-x   1 root     root       110600 Sep 12 15:40 ./__spark_libs__/bonecp-0.8.0.RELEASE.jar
7153937 1836 -r-xr-xr-x   1 root     root      1878304 Sep 12 15:40 ./__spark_libs__/arrow-vector-12.0.1.jar
206018249  708 -r-xr-xr-x   1 root     root       724280 Sep 12 15:40 ./__spark_libs__/spark-hive_2.12-3.5.1.jar
7154249  176 -r-xr-xr-x   1 root     root       178149 Sep 12 15:40 ./__spark_libs__/stream-2.9.6.jar
206003022  712 -r-xr-xr-x   1 root     root       726071 Sep 12 15:40 ./__spark_libs__/parquet-format-structures-1.13.1.jar
137388687  288 -r-xr-xr-x   1 root     root       292124 Sep 12 15:40 ./__spark_libs__/snakeyaml-engine-2.6.jar
206018258   32 -r-xr-xr-x   1 root     root        28997 Sep 12 15:40 ./__spark_libs__/orc-shims-1.9.2.jar
70028002  384 -r-xr-xr-x   1 root     root       392179 Sep 12 15:40 ./__spark_libs__/kubernetes-client-6.7.2.jar
135997940  472 -r-xr-xr-x   1 root     root       483284 Sep 12 15:40 ./__spark_libs__/netty-codec-http2-4.1.96.Final.jar
206003504  356 -r-xr-xr-x   1 root     root       360738 Sep 12 15:40 ./__spark_libs__/commons-codec-1.16.0.jar
7154279  200 -r-xr-xr-x   1 root     root       201965 Sep 12 15:40 ./__spark_libs__/curator-framework-2.13.0.jar
206003019   44 -r-xr-xr-x   1 root     root        44704 Sep 12 15:40 ./__spark_libs__/hive-cli-2.3.9.jar
7154282  848 -r-xr-xr-x   1 root     root       867679 Sep 12 15:40 ./__spark_libs__/lapack-3.0.3.jar
135997670   28 -r-xr-xr-x   1 root     root        26430 Sep 12 15:40 ./__spark_libs__/log4j-slf4j2-impl-2.20.0.jar
135997889  340 -r-xr-xr-x   1 root     root       344788 Sep 12 15:40 ./__spark_libs__/netty-codec-4.1.96.Final.jar
70430556  240 -r-xr-xr-x   1 root     root       244621 Sep 12 15:40 ./__spark_libs__/spark-common-utils_2.12-3.5.1.jar
70442110  164 -r-xr-xr-x   1 root     root       166244 Sep 12 15:40 ./__spark_libs__/commons-crypto-1.1.0.jar
206003028 6000 -r-xr-xr-x   1 root     root      6143759 Sep 12 15:40 ./__spark_libs__/spark-mllib_2.12-3.5.1.jar
206003537  256 -r-xr-xr-x   1 root     root       258346 Sep 12 15:40 ./__spark_libs__/hive-storage-api-2.8.1.jar
7153910  120 -r-xr-xr-x   1 root     root       120974 Sep 12 15:40 ./__spark_libs__/netty-codec-socks-4.1.96.Final.jar
70442062   64 -r-xr-xr-x   1 root     root        64873 Sep 12 15:40 ./__spark_libs__/flatbuffers-java-1.12.0.jar
135997934  300 -r-xr-xr-x   1 root     root       306489 Sep 12 15:40 ./__spark_libs__/netty-buffer-4.1.96.Final.jar
70028026   40 -r-xr-xr-x   1 root     root        38970 Sep 12 15:40 ./__spark_libs__/netty-transport-native-epoll-4.1.96.Final-linux-x86_64.jar
206003016  164 -r-xr-xr-x   1 root     root       166259 Sep 12 15:40 ./__spark_libs__/blas-3.0.3.jar
137388690  624 -r-xr-xr-x   1 root     root       637993 Sep 12 15:40 ./__spark_libs__/joda-time-2.12.5.jar
137388735  108 -r-xr-xr-x   1 root     root       108433 Sep 12 15:40 ./__spark_libs__/netty-transport-classes-kqueue-4.1.96.Final.jar
7153877   40 -r-xr-xr-x   1 root     root        37065 Sep 12 15:40 ./__spark_libs__/json4s-jackson_2.12-3.7.0-M11.jar
206003067  344 -r-xr-xr-x   1 root     root       348265 Sep 12 15:40 ./__spark_libs__/json4s-scalap_2.12-3.7.0-M11.jar
135997901   40 -r-xr-xr-x   1 root     root        37791 Sep 12 15:40 ./__spark_libs__/netty-resolver-4.1.96.Final.jar
70430544  132 -r-xr-xr-x   1 root     root       131590 Sep 12 15:40 ./__spark_libs__/hk2-utils-2.6.1.jar
70442089    8 -r-xr-xr-x   1 root     root         4468 Sep 12 15:40 ./__spark_libs__/netty-all-4.1.96.Final.jar
7153916  764 -r-xr-xr-x   1 root     root       780664 Sep 12 15:40 ./__spark_libs__/jackson-mapper-asl-1.9.13.jar
206003498  280 -r-xr-xr-x   1 root     root       283653 Sep 12 15:40 ./__spark_libs__/curator-recipes-2.13.0.jar
135997696  144 -r-xr-xr-x   1 root     root       145397 Sep 12 15:40 ./__spark_libs__/kubernetes-model-certificates-6.7.2.jar
206018264  540 -r-xr-xr-x   1 root     root       549207 Sep 12 15:40 ./__spark_libs__/jackson-core-2.15.2.jar
135997674   92 -r-xr-xr-x   1 root     root        93210 Sep 12 15:40 ./__spark_libs__/super-csv-2.2.0.jar
137388705   72 -r-xr-xr-x   1 root     root        73256 Sep 12 15:40 ./__spark_libs__/jersey-container-servlet-core-2.40.jar
135997720   20 -r-xr-xr-x   1 root     root        19827 Sep 12 15:40 ./__spark_libs__/opencsv-2.3.jar
70451699   28 -r-xr-xr-x   1 root     root        26514 Sep 12 15:40 ./__spark_libs__/stax-api-1.0.1.jar
206003064   24 -r-xr-xr-x   1 root     root        21143 Sep 12 15:40 ./__spark_libs__/jcl-over-slf4j-2.0.7.jar
7160389  184 -r-xr-xr-x   1 root     root       185432 Sep 12 15:40 ./__spark_libs__/avro-ipc-1.11.2.jar
135997705  120 -r-xr-xr-x   1 root     root       120293 Sep 12 15:40 ./__spark_libs__/hive-shims-common-2.3.9.jar
7154252 2368 -r-xr-xr-x   1 root     root      2422356 Sep 12 15:40 ./__spark_libs__/spark-network-common_2.12-3.5.1.jar
70028029  188 -r-xr-xr-x   1 root     root       190432 Sep 12 15:40 ./__spark_libs__/gson-2.2.4.jar
206018270   80 -r-xr-xr-x   1 root     root        77939 Sep 12 15:40 ./__spark_libs__/kubernetes-model-metrics-6.7.2.jar
70451687  420 -r-xr-xr-x   1 root     root       427780 Sep 12 15:40 ./__spark_libs__/jodd-core-3.5.2.jar
206003013  116 -r-xr-xr-x   1 root     root       117002 Sep 12 15:40 ./__spark_libs__/spark-mllib-local_2.12-3.5.1.jar
7153925   36 -r-xr-xr-x   1 root     root        34654 Sep 12 15:40 ./__spark_libs__/paranamer-2.8.jar
205776824   28 -r-xr-xr-x   1 root     root        24665 Sep 12 15:40 ./__spark_libs__/netty-transport-native-kqueue-4.1.96.Final-osx-x86_64.jar
7153851   76 -r-xr-xr-x   1 root     root        75567 Sep 12 15:40 ./__spark_libs__/jackson-annotations-2.15.2.jar
70430550  144 -r-xr-xr-x   1 root     root       147152 Sep 12 15:40 ./__spark_libs__/netty-transport-classes-epoll-4.1.96.Final.jar
7160401   24 -r-xr-xr-x   1 root     root        21568 Sep 12 15:40 ./__spark_libs__/metrics-jmx-4.2.19.jar
137388675   88 -r-xr-xr-x   1 root     root        89855 Sep 12 15:40 ./__spark_libs__/json4s-ast_2.12-3.7.0-M11.jar
206018252 10588 -r-xr-xr-x   1 root     root     10840949 Sep 12 15:40 ./__spark_libs__/hive-exec-2.3.9-core.jar
206018291  108 -r-xr-xr-x   1 root     root       110232 Sep 12 15:40 ./__spark_libs__/arrow-format-12.0.1.jar
7153871 2120 -r-xr-xr-x   1 root     root      2168533 Sep 12 15:40 ./__spark_libs__/tink-1.9.0.jar
70451684 1168 -r-xr-xr-x   1 root     root      1194003 Sep 12 15:40 ./__spark_libs__/arpack_combined_all-0.1.jar
70430505   92 -r-xr-xr-x   1 root     root        91930 Sep 12 15:40 ./__spark_libs__/jakarta.validation-api-2.0.2.jar
7154240  564 -r-xr-xr-x   1 root     root       577133 Sep 12 15:40 ./__spark_libs__/kubernetes-model-networking-6.7.2.jar
137388678   40 -r-xr-xr-x   1 root     root        39487 Sep 12 15:40 ./__spark_libs__/arrow-memory-netty-12.0.1.jar
137388708 1228 -r-xr-xr-x   1 root     root      1254153 Sep 12 15:40 ./__spark_libs__/zookeeper-3.6.3.jar
137388672   28 -r-xr-xr-x   1 root     root        25400 Sep 12 15:40 ./__spark_libs__/netty-transport-native-kqueue-4.1.96.Final-osx-aarch_64.jar
206018279   80 -r-xr-xr-x   1 root     root        81831 Sep 12 15:40 ./__spark_libs__/compress-lzf-1.1.2.jar
206003055  992 -r-xr-xr-x   1 root     root      1013367 Sep 12 15:40 ./__spark_libs__/jaxb-runtime-2.3.2.jar
206003513   32 -r-xr-xr-x   1 root     root        31604 Sep 12 15:40 ./__spark_libs__/kubernetes-httpclient-okhttp-6.7.2.jar
135997916   80 -r-xr-xr-x   1 root     root        80384 Sep 12 15:40 ./__spark_libs__/breeze-macros_2.12-2.1.0.jar
70442095  940 -r-xr-xr-x   1 root     root       961299 Sep 12 15:40 ./__spark_libs__/kubernetes-model-admissionregistration-6.7.2.jar
70451681 9420 -r-xr-xr-x   1 root     root      9644368 Sep 12 15:40 ./__spark_libs__/spark-sql_2.12-3.5.1.jar
206018288   36 -r-xr-xr-x   1 root     root        33031 Sep 12 15:40 ./__spark_libs__/jsr305-3.0.0.jar
70442056 1732 -r-xr-xr-x   1 root     root      1772199 Sep 12 15:40 ./__spark_libs__/spark-sql-api_2.12-3.5.1.jar
70430511   20 -r-xr-xr-x   1 root     root        18140 Sep 12 15:40 ./__spark_libs__/jakarta.inject-2.6.1.jar
135997723  476 -r-xr-xr-x   1 root     root       483954 Sep 12 15:40 ./__spark_libs__/commons-io-2.13.0.jar
206003058   56 -r-xr-xr-x   1 root     root        54774 Sep 12 15:40 ./__spark_libs__/spark-unsafe_2.12-3.5.1.jar
206003528   84 -r-xr-xr-x   1 root     root        84199 Sep 12 15:40 ./__spark_libs__/spark-kvstore_2.12-3.5.1.jar
206018285  436 -r-xr-xr-x   1 root     root       443362 Sep 12 15:40 ./__spark_libs__/RoaringBitmap-0.9.45.jar
135997702  308 -r-xr-xr-x   1 root     root       313296 Sep 12 15:40 ./__spark_libs__/log4j-api-2.20.0.jar
70430523  172 -r-xr-xr-x   1 root     root       173752 Sep 12 15:40 ./__spark_libs__/commons-compiler-3.1.9.jar
206003046   48 -r-xr-xr-x   1 root     root        48987 Sep 12 15:40 ./__spark_libs__/kubernetes-model-coordination-6.7.2.jar
70430502  136 -r-xr-xr-x   1 root     root       136363 Sep 12 15:40 ./__spark_libs__/HikariCP-2.5.1.jar
135997726   28 -r-xr-xr-x   1 root     root        27156 Sep 12 15:40 ./__spark_libs__/istack-commons-runtime-3.0.8.jar
7160404 1980 -r-xr-xr-x   1 root     root      2027128 Sep 12 15:40 ./__spark_libs__/parquet-column-1.13.1.jar
70442077  832 -r-xr-xr-x   1 root     root       849213 Sep 12 15:40 ./__spark_libs__/parquet-encoding-1.13.1.jar
7153880  156 -r-xr-xr-x   1 root     root       159174 Sep 12 15:40 ./__spark_libs__/kubernetes-model-node-6.7.2.jar
206018276 2140 -r-xr-xr-x   1 root     root      2189117 Sep 12 15:40 ./__spark_libs__/guava-14.0.1.jar
135997687  252 -r-xr-xr-x   1 root     root       254067 Sep 12 15:40 ./__spark_libs__/aircompressor-0.26.jar
135997693  292 -r-xr-xr-x   1 root     root       296926 Sep 12 15:40 ./__spark_libs__/kubernetes-model-batch-6.7.2.jar
7154246  320 -r-xr-xr-x   1 root     root       326585 Sep 12 15:40 ./__spark_libs__/hive-llap-common-2.3.9.jar
7153946  548 -r-xr-xr-x   1 root     root       557737 Sep 12 15:40 ./__spark_libs__/netty-handler-4.1.96.Final.jar
70028005  644 -r-xr-xr-x   1 root     root       656598 Sep 12 15:40 ./__spark_libs__/netty-codec-http-4.1.96.Final.jar
135997919  520 -r-xr-xr-x   1 root     root       530799 Sep 12 15:40 ./__spark_libs__/kubernetes-model-apps-6.7.2.jar
137388717   36 -r-xr-xr-x   1 root     root        35085 Sep 12 15:40 ./__spark_libs__/spire-util_2.12-0.17.0.jar
135997684  668 -r-xr-xr-x   1 root     root       682804 Sep 12 15:40 ./__spark_libs__/lz4-java-1.8.0.jar
137388726  388 -r-xr-xr-x   1 root     root       395195 Sep 12 15:40 ./__spark_libs__/javolution-5.5.1.jar
206003519  140 -r-xr-xr-x   1 root     root       140376 Sep 12 15:40 ./__spark_libs__/jakarta.ws.rs-api-2.1.6.jar
206003031 19004 -r-xr-xr-x   1 root     root     19458635 Sep 12 15:40 ./__spark_libs__/hadoop-client-api-3.3.4.jar
70442098   28 -r-xr-xr-x   1 root     root        25475 Sep 12 15:40 ./__spark_libs__/json-1.8.jar
7154297 1000 -r-xr-xr-x   1 root     root      1022407 Sep 12 15:40 ./__spark_libs__/kubernetes-model-flowcontrol-6.7.2.jar
70442092   96 -r-xr-xr-x   1 root     root        97009 Sep 12 15:40 ./__spark_libs__/parquet-common-1.13.1.jar
206003546    8 -r-xr-xr-x   1 root     root         5711 Sep 12 15:40 ./__spark_libs__/minlog-1.3.0.jar
70430529  116 -r-xr-xr-x   1 root     root       116364 Sep 12 15:40 ./__spark_libs__/hive-jdbc-2.3.9.jar
206003510 14324 -r-xr-xr-x   1 root     root     14667703 Sep 12 15:40 ./__spark_libs__/spark-core_2.12-3.5.1.jar
7154294 1016 -r-xr-xr-x   1 root     root      1036374 Sep 12 15:40 ./__spark_libs__/kubernetes-model-gatewayapi-6.7.2.jar
70430532  248 -r-xr-xr-x   1 root     root       250399 Sep 12 15:40 ./__spark_libs__/zookeeper-jute-3.6.3.jar
206003516  128 -r-xr-xr-x   1 root     root       129647 Sep 12 15:40 ./__spark_libs__/metrics-core-4.2.19.jar
206003501    8 -r-xr-xr-x   1 root     root         5655 Sep 12 15:40 ./__spark_libs__/jul-to-slf4j-2.0.7.jar
70028020  128 -r-xr-xr-x   1 root     root       129774 Sep 12 15:40 ./__spark_libs__/datasketches-memory-2.1.0.jar
7154243 2164 -r-xr-xr-x   1 root     root      2213560 Sep 12 15:40 ./__spark_libs__/commons-math3-3.6.1.jar
135997898 3160 -r-xr-xr-x   1 root     root      3232770 Sep 12 15:40 ./__spark_libs__/derby-10.14.2.0.jar
70442083   24 -r-xr-xr-x   1 root     root        23890 Sep 12 15:40 ./__spark_libs__/metrics-graphite-4.2.19.jar
70430553  296 -r-xr-xr-x   1 root     root       301876 Sep 12 15:40 ./__spark_libs__/jersey-client-2.40.jar
70028011   40 -r-xr-xr-x   1 root     root        40475 Sep 12 15:40 ./__spark_libs__/netty-transport-native-epoll-4.1.96.Final-linux-aarch_64.jar
206003052  816 -r-xr-xr-x   1 root     root       832024 Sep 12 15:40 ./__spark_libs__/datasketches-java-3.3.0.jar
206003534  736 -r-xr-xr-x   1 root     root       751914 Sep 12 15:40 ./__spark_libs__/commons-collections4-4.4.jar
206018267  260 -r-xr-xr-x   1 root     root       262591 Sep 12 15:40 ./__spark_libs__/xbean-asm9-shaded-4.23.jar
137388714  196 -r-xr-xr-x   1 root     root       200223 Sep 12 15:40 ./__spark_libs__/hk2-api-2.6.1.jar
7153922  428 -r-xr-xr-x   1 root     root       436169 Sep 12 15:40 ./__spark_libs__/hive-common-2.3.9.jar
206003034 1864 -r-xr-xr-x   1 root     root      1908681 Sep 12 15:40 ./__spark_libs__/datanucleus-rdbms-4.1.19.jar
70027999  188 -r-xr-xr-x   1 root     root       191677 Sep 12 15:40 ./__spark_libs__/kubernetes-model-discovery-6.7.2.jar
137388711   56 -r-xr-xr-x   1 root     root        54279 Sep 12 15:40 ./__spark_libs__/pickle-1.3.jar
135997699  504 -r-xr-xr-x   1 root     root       513968 Sep 12 15:40 ./__spark_libs__/jackson-module-scala_2.12-2.15.2.jar
7153904  228 -r-xr-xr-x   1 root     root       232470 Sep 12 15:40 ./__spark_libs__/JLargeArrays-1.5.jar
7154267  200 -r-xr-xr-x   1 root     root       201124 Sep 12 15:40 ./__spark_libs__/jdo-api-3.0.1.jar
7154276   52 -r-xr-xr-x   1 root     root        49423 Sep 12 15:40 ./__spark_libs__/objenesis-3.3.jar
7153865  776 -r-xr-xr-x   1 root     root       794137 Sep 12 15:40 ./__spark_libs__/javassist-3.29.2-GA.jar
206003525  360 -r-xr-xr-x   1 root     root       366748 Sep 12 15:40 ./__spark_libs__/datanucleus-api-jdo-4.2.4.jar
70430499  332 -r-xr-xr-x   1 root     root       336742 Sep 12 15:40 ./__spark_libs__/antlr4-runtime-4.9.3.jar
7153874 57936 -r-xr-xr-x   1 root     root     59326387 Sep 12 15:40 ./__spark_libs__/rocksdbjni-8.3.2.jar
70430547    4 -r-xr-xr-x   1 root     root         2551 Sep 12 15:40 ./__spark_libs__/shims-0.9.45.jar
7153868   96 -r-xr-xr-x   1 root     root        96221 Sep 12 15:40 ./__spark_libs__/commons-pool-1.5.4.jar
70430508  228 -r-xr-xr-x   1 root     root       232248 Sep 12 15:40 ./__spark_libs__/jackson-core-asl-1.9.13.jar
70442080  340 -r-xr-xr-x   1 root     root       344375 Sep 12 15:40 ./__spark_libs__/log4j-1.2-api-2.20.0.jar
206018294   44 -r-xr-xr-x   1 root     root        43897 Sep 12 15:40 ./__spark_libs__/netty-transport-native-unix-common-4.1.96.Final.jar
135997925   16 -r-xr-xr-x   1 root     root        15935 Sep 12 15:40 ./__spark_libs__/dropwizard-metrics-hadoop-metrics2-reporter-0.1.2.jar
7153855   20 -r-xr-xr-x   1 root     root        17037 Sep 12 15:40 ./__spark_libs__/metrics-json-4.2.19.jar
135997681   32 -r-xr-xr-x   1 root     root        29603 Sep 12 15:40 ./__spark_libs__/kubernetes-model-common-6.7.2.jar
70442107   16 -r-xr-xr-x   1 root     root        12923 Sep 12 15:40 ./__spark_libs__/hive-shims-scheduler-2.3.9.jar
70430517 1368 -r-xr-xr-x   1 root     root      1398591 Sep 12 15:40 ./__spark_libs__/ivy-2.5.1.jar
206003495  224 -r-xr-xr-x   1 root     root       228230 Sep 12 15:40 ./__spark_libs__/kubernetes-model-resource-6.7.2.jar
137388729   20 -r-xr-xr-x   1 root     root        19014 Sep 12 15:40 ./__spark_libs__/annotations-17.0.0.jar
135997895 1972 -r-xr-xr-x   1 root     root      2016766 Sep 12 15:40 ./__spark_libs__/datanucleus-core-4.1.17.jar
135997928  280 -r-xr-xr-x   1 root     root       284220 Sep 12 15:40 ./__spark_libs__/commons-lang-2.6.jar
7153898   16 -r-xr-xr-x   1 root     root        15071 Sep 12 15:40 ./__spark_libs__/transaction-api-1.1.jar
206018243 12756 -r-xr-xr-x   1 root     root     13059596 Sep 12 15:40 ./__spark_libs__/breeze_2.12-2.1.0.jar
206003040   60 -r-xr-xr-x   1 root     root        58683 Sep 12 15:40 ./__spark_libs__/chill-java-0.10.0.jar
206003549  308 -r-xr-xr-x   1 root     root       313702 Sep 12 15:40 ./__spark_libs__/libfb303-0.9.3.jar
206018240   68 -r-xr-xr-x   1 root     root        65966 Sep 12 15:40 ./__spark_libs__/kubernetes-model-scheduling-6.7.2.jar
7160398 10728 -r-xr-xr-x   1 root     root     10983677 Sep 12 15:40 ./__spark_libs__/scala-compiler-2.12.18.jar
70442053  104 -r-xr-xr-x   1 root     root       103931 Sep 12 15:40 ./__spark_libs__/kubernetes-model-events-6.7.2.jar
7160392   68 -r-xr-xr-x   1 root     root        69409 Sep 12 15:40 ./__spark_libs__/activation-1.1.1.jar
206003037 1972 -r-xr-xr-x   1 root     root      2017388 Sep 12 15:40 ./__spark_libs__/parquet-jackson-1.13.1.jar
70028014  560 -r-xr-xr-x   1 root     root       571369 Sep 12 15:40 ./__spark_libs__/spark-hive-thriftserver_2.12-3.5.1.jar
7160407  648 -r-xr-xr-x   1 root     root       659926 Sep 12 15:40 ./__spark_libs__/netty-common-4.1.96.Final.jar
70430514   56 -r-xr-xr-x   1 root     root        53902 Sep 12 15:40 ./__spark_libs__/hive-shims-0.23-2.3.9.jar
7154270  932 -r-xr-xr-x   1 root     root       950564 Sep 12 15:40 ./__spark_libs__/jersey-server-2.40.jar
135997907   80 -r-xr-xr-x   1 root     root        78441 Sep 12 15:40 ./__spark_libs__/spark-launcher_2.12-3.5.1.jar
70442104  116 -r-xr-xr-x   1 root     root       114698 Sep 12 15:40 ./__spark_libs__/spire-macros_2.12-0.17.0.jar
135997937 2768 -r-xr-xr-x   1 root     root      2830854 Sep 12 15:40 ./__spark_libs__/orc-core-1.9.2-shaded-protobuf.jar
70442071  336 -r-xr-xr-x   1 root     root       341926 Sep 12 15:40 ./__spark_libs__/kubernetes-model-policy-6.7.2.jar
7153895   80 -r-xr-xr-x   1 root     root        78477 Sep 12 15:40 ./__spark_libs__/jersey-hk2-2.40.jar
206018246 3284 -r-xr-xr-x   1 root     root      3362359 Sep 12 15:40 ./__spark_libs__/hadoop-shaded-guava-1.1.1.jar
7153913  940 -r-xr-xr-x   1 root     root       958840 Sep 12 15:40 ./__spark_libs__/janino-3.1.9.jar
70027993   28 -r-xr-xr-x   1 root     root        25058 Sep 12 15:40 ./__spark_libs__/jakarta.annotation-api-1.3.5.jar
135997711  600 -r-xr-xr-x   1 root     root       612317 Sep 12 15:40 ./__spark_libs__/avro-1.11.2.jar
206018282  568 -r-xr-xr-x   1 root     root       579727 Sep 12 15:40 ./__spark_libs__/kubernetes-model-extensions-6.7.2.jar
137707874   88 -r-xr-xr-x   1 root     root        88732 Sep 12 15:40 ./__spark_libs__/okio-1.15.0.jar
135997717 5308 -r-xr-xr-x   1 root     root      5433857 Sep 12 15:40 ./__spark_libs__/scala-library-2.12.18.jar
137388699   64 -r-xr-xr-x   1 root     root        65261 Sep 12 15:40 ./__spark_libs__/oro-2.0.8.jar
206003049 7076 -r-xr-xr-x   1 root     root      7243903 Sep 12 15:40 ./__spark_libs__/spire_2.12-0.17.0.jar
206003543  388 -r-xr-xr-x   1 root     root       395537 Sep 12 15:40 ./__spark_libs__/kubernetes-model-storageclass-6.7.2.jar
7153892   16 -r-xr-xr-x   1 root     root        12483 Sep 12 15:40 ./__spark_libs__/logging-interceptor-3.12.12.jar
7154261  208 -r-xr-xr-x   1 root     root       212374 Sep 12 15:40 ./__spark_libs__/chill_2.12-0.10.0.jar
70451702   56 -r-xr-xr-x   1 root     root        56812 Sep 12 15:40 ./__spark_libs__/hadoop-yarn-server-web-proxy-3.3.4.jar
137388723  184 -r-xr-xr-x   1 root     root       186777 Sep 12 15:40 ./__spark_libs__/scala-parser-combinators_2.12-2.3.0.jar
7153949 1808 -r-xr-xr-x   1 root     root      1847550 Sep 12 15:40 ./__spark_libs__/log4j-core-2.20.0.jar
7153889 1016 -r-xr-xr-x   1 root     root      1037169 Sep 12 15:40 ./__spark_libs__/kubernetes-model-apiextensions-6.7.2.jar
135997910 1040 -r-xr-xr-x   1 root     root      1062555 Sep 12 15:40 ./__spark_libs__/commons-compress-1.23.0.jar
7153883 2368 -r-xr-xr-x   1 root     root      2423157 Sep 12 15:40 ./__spark_libs__/curator-client-2.13.0.jar
70430535 1024 -r-xr-xr-x   1 root     root      1045744 Sep 12 15:40 ./__spark_libs__/leveldbjni-all-1.8.jar
7160410  164 -r-xr-xr-x   1 root     root       167761 Sep 12 15:40 ./__spark_libs__/antlr-runtime-3.5.2.jar
135997931  244 -r-xr-xr-x   1 root     root       247466 Sep 12 15:40 ./__spark_libs__/scala-collection-compat_2.12-2.7.0.jar
206003061   32 -r-xr-xr-x   1 root     root        30823 Sep 12 15:40 ./__spark_libs__/spark-sketch_2.12-3.5.1.jar
70430559   64 -r-xr-xr-x   1 root     root        63635 Sep 12 15:40 ./__spark_libs__/slf4j-api-2.0.7.jar
70442074 12260 -r-xr-xr-x   1 root     root     12551721 Sep 12 15:40 ./__spark_libs__/spark-catalyst_2.12-3.5.1.jar
7153901 1584 -r-xr-xr-x   1 root     root      1620088 Sep 12 15:40 ./__spark_libs__/jackson-databind-2.15.2.jar
70451693 1672 -r-xr-xr-x   1 root     root      1710748 Sep 12 15:40 ./__spark_libs__/orc-mapreduce-1.9.2-shaded-protobuf.jar
7160395  476 -r-xr-xr-x   1 root     root       486414 Sep 12 15:40 ./__spark_libs__/kubernetes-client-api-6.7.2.jar
206003010  456 -r-xr-xr-x   1 root     root       466520 Sep 12 15:40 ./__spark_libs__/scala-xml_2.12-2.1.0.jar
70028008 1144 -r-xr-xr-x   1 root     root      1168417 Sep 12 15:40 ./__spark_libs__/algebra_2.12-2.0.1.jar
206003492   40 -r-xr-xr-x   1 root     root        38711 Sep 12 15:40 ./__spark_libs__/spark-repl_2.12-3.5.1.jar
7153862 3264 -r-xr-xr-x   1 root     root      3340031 Sep 12 15:40 ./__spark_libs__/cats-kernel_2.12-2.1.1.jar
206003025  176 -r-xr-xr-x   1 root     root       177704 Sep 12 15:40 ./__spark_libs__/spark-network-shuffle_2.12-3.5.1.jar
135997892 5804 -r-xr-xr-x   1 root     root      5940719 Sep 12 15:40 ./__spark_libs__/zstd-jni-1.5.5-4.jar
206003507 1108 -r-xr-xr-x   1 root     root      1133653 Sep 12 15:40 ./__spark_libs__/spark-streaming_2.12-3.5.1.jar
135997943   28 -r-xr-xr-x   1 root     root        27006 Sep 12 15:40 ./__spark_libs__/aopalliance-repackaged-2.6.1.jar
70442068  576 -r-xr-xr-x   1 root     root       588337 Sep 12 15:40 ./__spark_libs__/commons-collections-3.2.2.jar
7153934  124 -r-xr-xr-x   1 root     root       122937 Sep 12 15:40 ./__spark_libs__/jackson-datatype-jsr310-2.15.2.jar
135997913  116 -r-xr-xr-x   1 root     root       115498 Sep 12 15:40 ./__spark_libs__/jakarta.xml.bind-api-2.3.2.jar
135997690   76 -r-xr-xr-x   1 root     root        76500 Sep 12 15:40 ./__spark_libs__/arpack-3.0.3.jar
70442065   32 -r-xr-xr-x   1 root     root        32298 Sep 12 15:40 ./__spark_libs__/jersey-container-servlet-2.40.jar
7153907 1204 -r-xr-xr-x   1 root     root      1230119 Sep 12 15:40 ./__spark_libs__/jersey-common-2.40.jar
206018261  480 -r-xr-xr-x   1 root     root       489581 Sep 12 15:40 ./__spark_libs__/netty-transport-4.1.96.Final.jar
206003070   12 -r-xr-xr-x   1 root     root         8455 Sep 12 15:40 ./__spark_libs__/spire-platform_2.12-0.17.0.jar
137388702   64 -r-xr-xr-x   1 root     root        62050 Sep 12 15:40 ./__spark_libs__/commons-logging-1.1.3.jar
135997708   28 -r-xr-xr-x   1 root     root        24683 Sep 12 15:40 ./__spark_libs__/metrics-jvm-4.2.19.jar
135997714  160 -r-xr-xr-x   1 root     root       160519 Sep 12 15:40 ./__spark_libs__/commons-dbcp-1.4.jar
7154288  576 -r-xr-xr-x   1 root     root       587402 Sep 12 15:40 ./__spark_libs__/commons-lang3-3.12.0.jar
206018296    0 drwx------   3 root     root          134 Sep 12 15:41 ./__spark_conf__
7160413    0 drwx------   2 root     root           69 Sep 12 15:41 ./__spark_conf__/__hadoop_conf__
7160414    4 -r-x------   1 root     root         1247 Sep 12 15:41 ./__spark_conf__/__hadoop_conf__/yarn-site.xml
7160415    4 -r-x------   1 root     root          721 Sep 12 15:41 ./__spark_conf__/__hadoop_conf__/core-site.xml
7160416    4 -r-x------   1 root     root          713 Sep 12 15:41 ./__spark_conf__/__hadoop_conf__/hive-site.xml
206018297  152 -r-x------   1 root     root       153486 Sep 12 15:41 ./__spark_conf__/__spark_hadoop_conf__.xml
206018298    4 -r-x------   1 root     root          546 Sep 12 15:41 ./__spark_conf__/__spark_conf__.properties
206018299   40 -r-x------   1 root     root        38951 Sep 12 15:41 ./__spark_conf__/__spark_dist_cache__.properties
70451715    4 -r-x------   1 root     root         3454 Sep 12 15:41 ./__app__.jar
broken symlinks(find -L . -maxdepth 5 -type l -ls):

End of LogType:directory.info
*******************************************************************************

Container: container_e35_1789195359269_0004_01_000001 on node03_43710
LogAggregationType: AGGREGATED
=====================================================================
LogType:launch_container.sh
LogLastModifiedTime:周六 9月 12 15:41:40 +0800 2026
LogLength:44264
LogContents:
#!/bin/bash

set -o pipefail -e
export PRELAUNCH_OUT="/opt/yjx/hadoop-3.3.4/logs/userlogs/application_1789195359269_0004/container_e35_1789195359269_0004_01_000001/prelaunch.out"
exec >"${PRELAUNCH_OUT}"
export PRELAUNCH_ERR="/opt/yjx/hadoop-3.3.4/logs/userlogs/application_1789195359269_0004/container_e35_1789195359269_0004_01_000001/prelaunch.err"
exec 2>"${PRELAUNCH_ERR}"
echo "Setting up env variables"
export JAVA_HOME=${JAVA_HOME:-"/usr/java/jdk1.8.0_351-amd64"}
export HADOOP_COMMON_HOME=${HADOOP_COMMON_HOME:-"/opt/yjx/hadoop-3.3.4"}
export HADOOP_HDFS_HOME=${HADOOP_HDFS_HOME:-"/opt/yjx/hadoop-3.3.4"}
export HADOOP_CONF_DIR=${HADOOP_CONF_DIR:-"/opt/yjx/hadoop-3.3.4/etc/hadoop"}
export HADOOP_YARN_HOME=${HADOOP_YARN_HOME:-"/opt/yjx/hadoop-3.3.4"}
export HADOOP_HOME=${HADOOP_HOME:-"/opt/yjx/hadoop-3.3.4"}
export PATH=${PATH:-"/usr/local/sbin:/usr/local/bin:/usr/sbin:/usr/bin"}
export LANG=${LANG:-"en_US.UTF-8"}
export HADOOP_TOKEN_FILE_LOCATION="/var/yjx/hadoop/ha/nm-local-dir/usercache/root/appcache/application_1789195359269_0004/container_e35_1789195359269_0004_01_000001/container_tokens"
export CONTAINER_ID="container_e35_1789195359269_0004_01_000001"
export NM_PORT="43710"
export NM_HOST="node03"
export NM_HTTP_PORT="8042"
export LOCAL_DIRS="/var/yjx/hadoop/ha/nm-local-dir/usercache/root/appcache/application_1789195359269_0004"
export LOCAL_USER_DIRS="/var/yjx/hadoop/ha/nm-local-dir/usercache/root/"
export LOG_DIRS="/opt/yjx/hadoop-3.3.4/logs/userlogs/application_1789195359269_0004/container_e35_1789195359269_0004_01_000001"
export USER="root"
export LOGNAME="root"
export HOME="/home/"
export PWD="/var/yjx/hadoop/ha/nm-local-dir/usercache/root/appcache/application_1789195359269_0004/container_e35_1789195359269_0004_01_000001"
export LOCALIZATION_COUNTERS="199154,337677190,2,252,71"
export JVM_PID="$$"
export NM_AUX_SERVICE_mapreduce_shuffle="AAA0+gAAAAAAAAAAAAAAAAAAAAAAAAAAAAAAAAAAAAA="
export SPARK_YARN_STAGING_DIR="hdfs://node01:8020/graduation/staging/root/.sparkStaging/application_1789195359269_0004"
export APPLICATION_WEB_PROXY_BASE="/proxy/application_1789195359269_0004"
export SPARK_PREFER_IPV6="false"
export CLASSPATH="$PWD:$PWD/__spark_conf__:$PWD/__spark_libs__/*:$PWD/__spark_conf__/__hadoop_conf__"
export APP_SUBMIT_TIME_ENV="1789198879879"
export SPARK_USER="root"
export PYTHONHASHSEED="0"
export MALLOC_ARENA_MAX="4"
echo "Setting up job resources"
mkdir -p __spark_libs__
ln -sf -- "/var/yjx/hadoop/ha/nm-local-dir/filecache/201/kubernetes-model-autoscaling-6.7.2.jar" "__spark_libs__/kubernetes-model-autoscaling-6.7.2.jar"
mkdir -p __spark_libs__
ln -sf -- "/var/yjx/hadoop/ha/nm-local-dir/filecache/46/hive-beeline-2.3.9.jar" "__spark_libs__/hive-beeline-2.3.9.jar"
mkdir -p __spark_libs__
ln -sf -- "/var/yjx/hadoop/ha/nm-local-dir/filecache/158/snakeyaml-2.0.jar" "__spark_libs__/snakeyaml-2.0.jar"
mkdir -p __spark_libs__
ln -sf -- "/var/yjx/hadoop/ha/nm-local-dir/filecache/38/kryo-shaded-4.0.2.jar" "__spark_libs__/kryo-shaded-4.0.2.jar"
mkdir -p __spark_libs__
ln -sf -- "/var/yjx/hadoop/ha/nm-local-dir/filecache/104/zjsonpatch-0.3.0.jar" "__spark_libs__/zjsonpatch-0.3.0.jar"
mkdir -p __spark_libs__
ln -sf -- "/var/yjx/hadoop/ha/nm-local-dir/filecache/114/audience-annotations-0.5.0.jar" "__spark_libs__/audience-annotations-0.5.0.jar"
mkdir -p __spark_libs__
ln -sf -- "/var/yjx/hadoop/ha/nm-local-dir/filecache/232/spark-kubernetes_2.12-3.5.1.jar" "__spark_libs__/spark-kubernetes_2.12-3.5.1.jar"
mkdir -p __spark_libs__
ln -sf -- "/var/yjx/hadoop/ha/nm-local-dir/filecache/90/arrow-memory-core-12.0.1.jar" "__spark_libs__/arrow-memory-core-12.0.1.jar"
mkdir -p __spark_libs__
ln -sf -- "/var/yjx/hadoop/ha/nm-local-dir/filecache/113/hive-metastore-2.3.9.jar" "__spark_libs__/hive-metastore-2.3.9.jar"
mkdir -p __spark_libs__
ln -sf -- "/var/yjx/hadoop/ha/nm-local-dir/filecache/208/okhttp-3.12.12.jar" "__spark_libs__/okhttp-3.12.12.jar"
mkdir -p __spark_libs__
ln -sf -- "/var/yjx/hadoop/ha/nm-local-dir/filecache/185/javax.jdo-3.2.0-m3.jar" "__spark_libs__/javax.jdo-3.2.0-m3.jar"
mkdir -p __spark_libs__
ln -sf -- "/var/yjx/hadoop/ha/nm-local-dir/filecache/229/threeten-extra-1.7.1.jar" "__spark_libs__/threeten-extra-1.7.1.jar"
mkdir -p __spark_libs__
ln -sf -- "/var/yjx/hadoop/ha/nm-local-dir/filecache/235/mesos-1.4.3-shaded-protobuf.jar" "__spark_libs__/mesos-1.4.3-shaded-protobuf.jar"
mkdir -p __spark_libs__
ln -sf -- "/var/yjx/hadoop/ha/nm-local-dir/filecache/64/spark-graphx_2.12-3.5.1.jar" "__spark_libs__/spark-graphx_2.12-3.5.1.jar"
mkdir -p __spark_libs__
ln -sf -- "/var/yjx/hadoop/ha/nm-local-dir/filecache/194/avro-mapred-1.11.2.jar" "__spark_libs__/avro-mapred-1.11.2.jar"
mkdir -p __spark_libs__
ln -sf -- "/var/yjx/hadoop/ha/nm-local-dir/filecache/199/httpcore-4.4.16.jar" "__spark_libs__/httpcore-4.4.16.jar"
mkdir -p __spark_libs__
ln -sf -- "/var/yjx/hadoop/ha/nm-local-dir/filecache/165/univocity-parsers-2.9.1.jar" "__spark_libs__/univocity-parsers-2.9.1.jar"
mkdir -p __spark_libs__
ln -sf -- "/var/yjx/hadoop/ha/nm-local-dir/filecache/146/libthrift-0.12.0.jar" "__spark_libs__/libthrift-0.12.0.jar"
mkdir -p __spark_libs__
ln -sf -- "/var/yjx/hadoop/ha/nm-local-dir/filecache/131/jackson-dataformat-yaml-2.15.2.jar" "__spark_libs__/jackson-dataformat-yaml-2.15.2.jar"
mkdir -p __spark_libs__
ln -sf -- "/var/yjx/hadoop/ha/nm-local-dir/filecache/15/jakarta.servlet-api-4.0.3.jar" "__spark_libs__/jakarta.servlet-api-4.0.3.jar"
mkdir -p __spark_libs__
ln -sf -- "/var/yjx/hadoop/ha/nm-local-dir/filecache/221/netty-handler-proxy-4.1.96.Final.jar" "__spark_libs__/netty-handler-proxy-4.1.96.Final.jar"
mkdir -p __spark_libs__
ln -sf -- "/var/yjx/hadoop/ha/nm-local-dir/filecache/148/spark-mesos_2.12-3.5.1.jar" "__spark_libs__/spark-mesos_2.12-3.5.1.jar"
mkdir -p __spark_libs__
ln -sf -- "/var/yjx/hadoop/ha/nm-local-dir/filecache/163/scala-reflect-2.12.18.jar" "__spark_libs__/scala-reflect-2.12.18.jar"
mkdir -p __spark_libs__
ln -sf -- "/var/yjx/hadoop/ha/nm-local-dir/filecache/58/commons-cli-1.5.0.jar" "__spark_libs__/commons-cli-1.5.0.jar"
mkdir -p __spark_libs__
ln -sf -- "/var/yjx/hadoop/ha/nm-local-dir/filecache/251/JTransforms-3.1.jar" "__spark_libs__/JTransforms-3.1.jar"
mkdir -p __spark_libs__
ln -sf -- "/var/yjx/hadoop/ha/nm-local-dir/filecache/19/spark-yarn_2.12-3.5.1.jar" "__spark_libs__/spark-yarn_2.12-3.5.1.jar"
mkdir -p __spark_libs__
ln -sf -- "/var/yjx/hadoop/ha/nm-local-dir/filecache/242/jta-1.1.jar" "__spark_libs__/jta-1.1.jar"
mkdir -p __spark_libs__
ln -sf -- "/var/yjx/hadoop/ha/nm-local-dir/filecache/160/parquet-hadoop-1.13.1.jar" "__spark_libs__/parquet-hadoop-1.13.1.jar"
mkdir -p __spark_libs__
ln -sf -- "/var/yjx/hadoop/ha/nm-local-dir/filecache/183/py4j-0.10.9.7.jar" "__spark_libs__/py4j-0.10.9.7.jar"
mkdir -p __spark_libs__
ln -sf -- "/var/yjx/hadoop/ha/nm-local-dir/filecache/214/xz-1.9.jar" "__spark_libs__/xz-1.9.jar"
mkdir -p __spark_libs__
ln -sf -- "/var/yjx/hadoop/ha/nm-local-dir/filecache/172/commons-text-1.10.0.jar" "__spark_libs__/commons-text-1.10.0.jar"
mkdir -p __spark_libs__
ln -sf -- "/var/yjx/hadoop/ha/nm-local-dir/filecache/203/hive-service-rpc-3.1.3.jar" "__spark_libs__/hive-service-rpc-3.1.3.jar"
mkdir -p __spark_libs__
ln -sf -- "/var/yjx/hadoop/ha/nm-local-dir/filecache/173/httpclient-4.5.14.jar" "__spark_libs__/httpclient-4.5.14.jar"
mkdir -p __spark_libs__
ln -sf -- "/var/yjx/hadoop/ha/nm-local-dir/filecache/53/spark-tags_2.12-3.5.1.jar" "__spark_libs__/spark-tags_2.12-3.5.1.jar"
mkdir -p __spark_libs__
ln -sf -- "/var/yjx/hadoop/ha/nm-local-dir/filecache/129/hadoop-client-runtime-3.3.4.jar" "__spark_libs__/hadoop-client-runtime-3.3.4.jar"
mkdir -p __spark_libs__
ln -sf -- "/var/yjx/hadoop/ha/nm-local-dir/filecache/187/hive-serde-2.3.9.jar" "__spark_libs__/hive-serde-2.3.9.jar"
mkdir -p __spark_libs__
ln -sf -- "/var/yjx/hadoop/ha/nm-local-dir/filecache/118/snappy-java-1.1.10.3.jar" "__spark_libs__/snappy-java-1.1.10.3.jar"
mkdir -p __spark_libs__
ln -sf -- "/var/yjx/hadoop/ha/nm-local-dir/filecache/109/json4s-core_2.12-3.7.0-M11.jar" "__spark_libs__/json4s-core_2.12-3.7.0-M11.jar"
mkdir -p __spark_libs__
ln -sf -- "/var/yjx/hadoop/ha/nm-local-dir/filecache/107/ST4-4.0.4.jar" "__spark_libs__/ST4-4.0.4.jar"
mkdir -p __spark_libs__
ln -sf -- "/var/yjx/hadoop/ha/nm-local-dir/filecache/125/osgi-resource-locator-1.0.3.jar" "__spark_libs__/osgi-resource-locator-1.0.3.jar"
mkdir -p __spark_libs__
ln -sf -- "/var/yjx/hadoop/ha/nm-local-dir/filecache/167/hive-shims-2.3.9.jar" "__spark_libs__/hive-shims-2.3.9.jar"
mkdir -p __spark_libs__
ln -sf -- "/var/yjx/hadoop/ha/nm-local-dir/filecache/225/kubernetes-model-rbac-6.7.2.jar" "__spark_libs__/kubernetes-model-rbac-6.7.2.jar"
mkdir -p __spark_libs__
ln -sf -- "/var/yjx/hadoop/ha/nm-local-dir/filecache/161/jpam-1.1.jar" "__spark_libs__/jpam-1.1.jar"
mkdir -p __spark_libs__
ln -sf -- "/var/yjx/hadoop/ha/nm-local-dir/filecache/250/kubernetes-model-core-6.7.2.jar" "__spark_libs__/kubernetes-model-core-6.7.2.jar"
mkdir -p __spark_libs__
ln -sf -- "/var/yjx/hadoop/ha/nm-local-dir/filecache/209/jline-2.14.6.jar" "__spark_libs__/jline-2.14.6.jar"
mkdir -p __spark_libs__
ln -sf -- "/var/yjx/hadoop/ha/nm-local-dir/filecache/98/hk2-locator-2.6.1.jar" "__spark_libs__/hk2-locator-2.6.1.jar"
mkdir -p __spark_libs__
ln -sf -- "/var/yjx/hadoop/ha/nm-local-dir/filecache/97/bonecp-0.8.0.RELEASE.jar" "__spark_libs__/bonecp-0.8.0.RELEASE.jar"
mkdir -p __spark_libs__
ln -sf -- "/var/yjx/hadoop/ha/nm-local-dir/filecache/121/arrow-vector-12.0.1.jar" "__spark_libs__/arrow-vector-12.0.1.jar"
mkdir -p __spark_libs__
ln -sf -- "/var/yjx/hadoop/ha/nm-local-dir/filecache/200/spark-hive_2.12-3.5.1.jar" "__spark_libs__/spark-hive_2.12-3.5.1.jar"
mkdir -p __spark_libs__
ln -sf -- "/var/yjx/hadoop/ha/nm-local-dir/filecache/153/stream-2.9.6.jar" "__spark_libs__/stream-2.9.6.jar"
mkdir -p __spark_libs__
ln -sf -- "/var/yjx/hadoop/ha/nm-local-dir/filecache/36/parquet-format-structures-1.13.1.jar" "__spark_libs__/parquet-format-structures-1.13.1.jar"
mkdir -p __spark_libs__
ln -sf -- "/var/yjx/hadoop/ha/nm-local-dir/filecache/191/snakeyaml-engine-2.6.jar" "__spark_libs__/snakeyaml-engine-2.6.jar"
mkdir -p __spark_libs__
ln -sf -- "/var/yjx/hadoop/ha/nm-local-dir/filecache/212/orc-shims-1.9.2.jar" "__spark_libs__/orc-shims-1.9.2.jar"
mkdir -p __spark_libs__
ln -sf -- "/var/yjx/hadoop/ha/nm-local-dir/filecache/18/kubernetes-client-6.7.2.jar" "__spark_libs__/kubernetes-client-6.7.2.jar"
mkdir -p __spark_libs__
ln -sf -- "/var/yjx/hadoop/ha/nm-local-dir/filecache/155/netty-codec-http2-4.1.96.Final.jar" "__spark_libs__/netty-codec-http2-4.1.96.Final.jar"
mkdir -p __spark_libs__
ln -sf -- "/var/yjx/hadoop/ha/nm-local-dir/filecache/124/commons-codec-1.16.0.jar" "__spark_libs__/commons-codec-1.16.0.jar"
mkdir -p __spark_libs__
ln -sf -- "/var/yjx/hadoop/ha/nm-local-dir/filecache/193/curator-framework-2.13.0.jar" "__spark_libs__/curator-framework-2.13.0.jar"
mkdir -p __spark_libs__
ln -sf -- "/var/yjx/hadoop/ha/nm-local-dir/filecache/32/hive-cli-2.3.9.jar" "__spark_libs__/hive-cli-2.3.9.jar"
mkdir -p __spark_libs__
ln -sf -- "/var/yjx/hadoop/ha/nm-local-dir/filecache/197/lapack-3.0.3.jar" "__spark_libs__/lapack-3.0.3.jar"
mkdir -p __spark_libs__
ln -sf -- "/var/yjx/hadoop/ha/nm-local-dir/filecache/10/log4j-slf4j2-impl-2.20.0.jar" "__spark_libs__/log4j-slf4j2-impl-2.20.0.jar"
mkdir -p __spark_libs__
ln -sf -- "/var/yjx/hadoop/ha/nm-local-dir/filecache/87/netty-codec-4.1.96.Final.jar" "__spark_libs__/netty-codec-4.1.96.Final.jar"
mkdir -p __spark_libs__
ln -sf -- "/var/yjx/hadoop/ha/nm-local-dir/filecache/138/spark-common-utils_2.12-3.5.1.jar" "__spark_libs__/spark-common-utils_2.12-3.5.1.jar"
mkdir -p __spark_libs__
ln -sf -- "/var/yjx/hadoop/ha/nm-local-dir/filecache/226/commons-crypto-1.1.0.jar" "__spark_libs__/commons-crypto-1.1.0.jar"
mkdir -p __spark_libs__
ln -sf -- "/var/yjx/hadoop/ha/nm-local-dir/filecache/44/spark-mllib_2.12-3.5.1.jar" "__spark_libs__/spark-mllib_2.12-3.5.1.jar"
mkdir -p __spark_libs__
ln -sf -- "/var/yjx/hadoop/ha/nm-local-dir/filecache/168/hive-storage-api-2.8.1.jar" "__spark_libs__/hive-storage-api-2.8.1.jar"
mkdir -p __spark_libs__
ln -sf -- "/var/yjx/hadoop/ha/nm-local-dir/filecache/85/netty-codec-socks-4.1.96.Final.jar" "__spark_libs__/netty-codec-socks-4.1.96.Final.jar"
mkdir -p __spark_libs__
ln -sf -- "/var/yjx/hadoop/ha/nm-local-dir/filecache/162/flatbuffers-java-1.12.0.jar" "__spark_libs__/flatbuffers-java-1.12.0.jar"
ln -sf -- "/var/yjx/hadoop/ha/nm-local-dir/usercache/root/filecache/16/__spark_conf__.zip" "__spark_conf__"
mkdir -p __spark_libs__
ln -sf -- "/var/yjx/hadoop/ha/nm-local-dir/filecache/147/netty-buffer-4.1.96.Final.jar" "__spark_libs__/netty-buffer-4.1.96.Final.jar"
mkdir -p __spark_libs__
ln -sf -- "/var/yjx/hadoop/ha/nm-local-dir/filecache/50/netty-transport-native-epoll-4.1.96.Final-linux-x86_64.jar" "__spark_libs__/netty-transport-native-epoll-4.1.96.Final-linux-x86_64.jar"
mkdir -p __spark_libs__
ln -sf -- "/var/yjx/hadoop/ha/nm-local-dir/filecache/28/blas-3.0.3.jar" "__spark_libs__/blas-3.0.3.jar"
mkdir -p __spark_libs__
ln -sf -- "/var/yjx/hadoop/ha/nm-local-dir/filecache/195/joda-time-2.12.5.jar" "__spark_libs__/joda-time-2.12.5.jar"
mkdir -p __spark_libs__
ln -sf -- "/var/yjx/hadoop/ha/nm-local-dir/filecache/255/netty-transport-classes-kqueue-4.1.96.Final.jar" "__spark_libs__/netty-transport-classes-kqueue-4.1.96.Final.jar"
mkdir -p __spark_libs__
ln -sf -- "/var/yjx/hadoop/ha/nm-local-dir/filecache/41/json4s-jackson_2.12-3.7.0-M11.jar" "__spark_libs__/json4s-jackson_2.12-3.7.0-M11.jar"
mkdir -p __spark_libs__
ln -sf -- "/var/yjx/hadoop/ha/nm-local-dir/filecache/96/json4s-scalap_2.12-3.7.0-M11.jar" "__spark_libs__/json4s-scalap_2.12-3.7.0-M11.jar"
mkdir -p __spark_libs__
ln -sf -- "/var/yjx/hadoop/ha/nm-local-dir/filecache/103/netty-resolver-4.1.96.Final.jar" "__spark_libs__/netty-resolver-4.1.96.Final.jar"
mkdir -p __spark_libs__
ln -sf -- "/var/yjx/hadoop/ha/nm-local-dir/filecache/122/hk2-utils-2.6.1.jar" "__spark_libs__/hk2-utils-2.6.1.jar"
mkdir -p __spark_libs__
ln -sf -- "/var/yjx/hadoop/ha/nm-local-dir/filecache/198/netty-all-4.1.96.Final.jar" "__spark_libs__/netty-all-4.1.96.Final.jar"
mkdir -p __spark_libs__
ln -sf -- "/var/yjx/hadoop/ha/nm-local-dir/filecache/93/jackson-mapper-asl-1.9.13.jar" "__spark_libs__/jackson-mapper-asl-1.9.13.jar"
mkdir -p __spark_libs__
ln -sf -- "/var/yjx/hadoop/ha/nm-local-dir/filecache/116/curator-recipes-2.13.0.jar" "__spark_libs__/curator-recipes-2.13.0.jar"
mkdir -p __spark_libs__
ln -sf -- "/var/yjx/hadoop/ha/nm-local-dir/filecache/43/kubernetes-model-certificates-6.7.2.jar" "__spark_libs__/kubernetes-model-certificates-6.7.2.jar"
mkdir -p __spark_libs__
ln -sf -- "/var/yjx/hadoop/ha/nm-local-dir/filecache/220/jackson-core-2.15.2.jar" "__spark_libs__/jackson-core-2.15.2.jar"
mkdir -p __spark_libs__
ln -sf -- "/var/yjx/hadoop/ha/nm-local-dir/filecache/14/super-csv-2.2.0.jar" "__spark_libs__/super-csv-2.2.0.jar"
mkdir -p __spark_libs__
ln -sf -- "/var/yjx/hadoop/ha/nm-local-dir/filecache/215/jersey-container-servlet-core-2.40.jar" "__spark_libs__/jersey-container-servlet-core-2.40.jar"
mkdir -p __spark_libs__
ln -sf -- "/var/yjx/hadoop/ha/nm-local-dir/filecache/75/opencsv-2.3.jar" "__spark_libs__/opencsv-2.3.jar"
mkdir -p __spark_libs__
ln -sf -- "/var/yjx/hadoop/ha/nm-local-dir/filecache/254/stax-api-1.0.1.jar" "__spark_libs__/stax-api-1.0.1.jar"
mkdir -p __spark_libs__
ln -sf -- "/var/yjx/hadoop/ha/nm-local-dir/filecache/92/jcl-over-slf4j-2.0.7.jar" "__spark_libs__/jcl-over-slf4j-2.0.7.jar"
mkdir -p __spark_libs__
ln -sf -- "/var/yjx/hadoop/ha/nm-local-dir/filecache/233/avro-ipc-1.11.2.jar" "__spark_libs__/avro-ipc-1.11.2.jar"
mkdir -p __spark_libs__
ln -sf -- "/var/yjx/hadoop/ha/nm-local-dir/filecache/55/hive-shims-common-2.3.9.jar" "__spark_libs__/hive-shims-common-2.3.9.jar"
mkdir -p __spark_libs__
ln -sf -- "/var/yjx/hadoop/ha/nm-local-dir/filecache/157/spark-network-common_2.12-3.5.1.jar" "__spark_libs__/spark-network-common_2.12-3.5.1.jar"
mkdir -p __spark_libs__
ln -sf -- "/var/yjx/hadoop/ha/nm-local-dir/filecache/54/gson-2.2.4.jar" "__spark_libs__/gson-2.2.4.jar"
mkdir -p __spark_libs__
ln -sf -- "/var/yjx/hadoop/ha/nm-local-dir/filecache/228/kubernetes-model-metrics-6.7.2.jar" "__spark_libs__/kubernetes-model-metrics-6.7.2.jar"
mkdir -p __spark_libs__
ln -sf -- "/var/yjx/hadoop/ha/nm-local-dir/filecache/238/jodd-core-3.5.2.jar" "__spark_libs__/jodd-core-3.5.2.jar"
mkdir -p __spark_libs__
ln -sf -- "/var/yjx/hadoop/ha/nm-local-dir/filecache/24/spark-mllib-local_2.12-3.5.1.jar" "__spark_libs__/spark-mllib-local_2.12-3.5.1.jar"
mkdir -p __spark_libs__
ln -sf -- "/var/yjx/hadoop/ha/nm-local-dir/filecache/105/paranamer-2.8.jar" "__spark_libs__/paranamer-2.8.jar"
mkdir -p __spark_libs__
ln -sf -- "/var/yjx/hadoop/ha/nm-local-dir/filecache/11/netty-transport-native-kqueue-4.1.96.Final-osx-x86_64.jar" "__spark_libs__/netty-transport-native-kqueue-4.1.96.Final-osx-x86_64.jar"
mkdir -p __spark_libs__
ln -sf -- "/var/yjx/hadoop/ha/nm-local-dir/filecache/12/jackson-annotations-2.15.2.jar" "__spark_libs__/jackson-annotations-2.15.2.jar"
mkdir -p __spark_libs__
ln -sf -- "/var/yjx/hadoop/ha/nm-local-dir/filecache/130/netty-transport-classes-epoll-4.1.96.Final.jar" "__spark_libs__/netty-transport-classes-epoll-4.1.96.Final.jar"
mkdir -p __spark_libs__
ln -sf -- "/var/yjx/hadoop/ha/nm-local-dir/filecache/249/metrics-jmx-4.2.19.jar" "__spark_libs__/metrics-jmx-4.2.19.jar"
mkdir -p __spark_libs__
ln -sf -- "/var/yjx/hadoop/ha/nm-local-dir/filecache/175/json4s-ast_2.12-3.7.0-M11.jar" "__spark_libs__/json4s-ast_2.12-3.7.0-M11.jar"
mkdir -p __spark_libs__
ln -sf -- "/var/yjx/hadoop/ha/nm-local-dir/filecache/204/hive-exec-2.3.9-core.jar" "__spark_libs__/hive-exec-2.3.9-core.jar"
mkdir -p __spark_libs__
ln -sf -- "/var/yjx/hadoop/ha/nm-local-dir/filecache/256/arrow-format-12.0.1.jar" "__spark_libs__/arrow-format-12.0.1.jar"
mkdir -p __spark_libs__
ln -sf -- "/var/yjx/hadoop/ha/nm-local-dir/filecache/33/tink-1.9.0.jar" "__spark_libs__/tink-1.9.0.jar"
mkdir -p __spark_libs__
ln -sf -- "/var/yjx/hadoop/ha/nm-local-dir/filecache/234/arpack_combined_all-0.1.jar" "__spark_libs__/arpack_combined_all-0.1.jar"
mkdir -p __spark_libs__
ln -sf -- "/var/yjx/hadoop/ha/nm-local-dir/filecache/70/jakarta.validation-api-2.0.2.jar" "__spark_libs__/jakarta.validation-api-2.0.2.jar"
mkdir -p __spark_libs__
ln -sf -- "/var/yjx/hadoop/ha/nm-local-dir/filecache/141/kubernetes-model-networking-6.7.2.jar" "__spark_libs__/kubernetes-model-networking-6.7.2.jar"
mkdir -p __spark_libs__
ln -sf -- "/var/yjx/hadoop/ha/nm-local-dir/filecache/179/arrow-memory-netty-12.0.1.jar" "__spark_libs__/arrow-memory-netty-12.0.1.jar"
mkdir -p __spark_libs__
ln -sf -- "/var/yjx/hadoop/ha/nm-local-dir/filecache/219/zookeeper-3.6.3.jar" "__spark_libs__/zookeeper-3.6.3.jar"
mkdir -p __spark_libs__
ln -sf -- "/var/yjx/hadoop/ha/nm-local-dir/filecache/171/netty-transport-native-kqueue-4.1.96.Final-osx-aarch_64.jar" "__spark_libs__/netty-transport-native-kqueue-4.1.96.Final-osx-aarch_64.jar"
mkdir -p __spark_libs__
ln -sf -- "/var/yjx/hadoop/ha/nm-local-dir/filecache/240/compress-lzf-1.1.2.jar" "__spark_libs__/compress-lzf-1.1.2.jar"
mkdir -p __spark_libs__
ln -sf -- "/var/yjx/hadoop/ha/nm-local-dir/filecache/80/jaxb-runtime-2.3.2.jar" "__spark_libs__/jaxb-runtime-2.3.2.jar"
mkdir -p __spark_libs__
ln -sf -- "/var/yjx/hadoop/ha/nm-local-dir/filecache/136/kubernetes-httpclient-okhttp-6.7.2.jar" "__spark_libs__/kubernetes-httpclient-okhttp-6.7.2.jar"
mkdir -p __spark_libs__
ln -sf -- "/var/yjx/hadoop/ha/nm-local-dir/filecache/123/breeze-macros_2.12-2.1.0.jar" "__spark_libs__/breeze-macros_2.12-2.1.0.jar"
mkdir -p __spark_libs__
ln -sf -- "/var/yjx/hadoop/ha/nm-local-dir/filecache/206/kubernetes-model-admissionregistration-6.7.2.jar" "__spark_libs__/kubernetes-model-admissionregistration-6.7.2.jar"
mkdir -p __spark_libs__
ln -sf -- "/var/yjx/hadoop/ha/nm-local-dir/filecache/230/spark-sql_2.12-3.5.1.jar" "__spark_libs__/spark-sql_2.12-3.5.1.jar"
mkdir -p __spark_libs__
ln -sf -- "/var/yjx/hadoop/ha/nm-local-dir/filecache/252/jsr305-3.0.0.jar" "__spark_libs__/jsr305-3.0.0.jar"
mkdir -p __spark_libs__
ln -sf -- "/var/yjx/hadoop/ha/nm-local-dir/filecache/154/spark-sql-api_2.12-3.5.1.jar" "__spark_libs__/spark-sql-api_2.12-3.5.1.jar"
mkdir -p __spark_libs__
ln -sf -- "/var/yjx/hadoop/ha/nm-local-dir/filecache/78/jakarta.inject-2.6.1.jar" "__spark_libs__/jakarta.inject-2.6.1.jar"
mkdir -p __spark_libs__
ln -sf -- "/var/yjx/hadoop/ha/nm-local-dir/filecache/79/commons-io-2.13.0.jar" "__spark_libs__/commons-io-2.13.0.jar"
mkdir -p __spark_libs__
ln -sf -- "/var/yjx/hadoop/ha/nm-local-dir/filecache/84/spark-unsafe_2.12-3.5.1.jar" "__spark_libs__/spark-unsafe_2.12-3.5.1.jar"
mkdir -p __spark_libs__
ln -sf -- "/var/yjx/hadoop/ha/nm-local-dir/filecache/156/spark-kvstore_2.12-3.5.1.jar" "__spark_libs__/spark-kvstore_2.12-3.5.1.jar"
mkdir -p __spark_libs__
ln -sf -- "/var/yjx/hadoop/ha/nm-local-dir/filecache/248/RoaringBitmap-0.9.45.jar" "__spark_libs__/RoaringBitmap-0.9.45.jar"
mkdir -p __spark_libs__
ln -sf -- "/var/yjx/hadoop/ha/nm-local-dir/filecache/51/log4j-api-2.20.0.jar" "__spark_libs__/log4j-api-2.20.0.jar"
mkdir -p __spark_libs__
ln -sf -- "/var/yjx/hadoop/ha/nm-local-dir/filecache/94/commons-compiler-3.1.9.jar" "__spark_libs__/commons-compiler-3.1.9.jar"
mkdir -p __spark_libs__
ln -sf -- "/var/yjx/hadoop/ha/nm-local-dir/filecache/68/kubernetes-model-coordination-6.7.2.jar" "__spark_libs__/kubernetes-model-coordination-6.7.2.jar"
mkdir -p __spark_libs__
ln -sf -- "/var/yjx/hadoop/ha/nm-local-dir/filecache/66/HikariCP-2.5.1.jar" "__spark_libs__/HikariCP-2.5.1.jar"
mkdir -p __spark_libs__
ln -sf -- "/var/yjx/hadoop/ha/nm-local-dir/filecache/83/istack-commons-runtime-3.0.8.jar" "__spark_libs__/istack-commons-runtime-3.0.8.jar"
mkdir -p __spark_libs__
ln -sf -- "/var/yjx/hadoop/ha/nm-local-dir/filecache/253/parquet-column-1.13.1.jar" "__spark_libs__/parquet-column-1.13.1.jar"
mkdir -p __spark_libs__
ln -sf -- "/var/yjx/hadoop/ha/nm-local-dir/filecache/182/parquet-encoding-1.13.1.jar" "__spark_libs__/parquet-encoding-1.13.1.jar"
mkdir -p __spark_libs__
ln -sf -- "/var/yjx/hadoop/ha/nm-local-dir/filecache/45/kubernetes-model-node-6.7.2.jar" "__spark_libs__/kubernetes-model-node-6.7.2.jar"
mkdir -p __spark_libs__
ln -sf -- "/var/yjx/hadoop/ha/nm-local-dir/filecache/236/guava-14.0.1.jar" "__spark_libs__/guava-14.0.1.jar"
mkdir -p __spark_libs__
ln -sf -- "/var/yjx/hadoop/ha/nm-local-dir/filecache/31/aircompressor-0.26.jar" "__spark_libs__/aircompressor-0.26.jar"
mkdir -p __spark_libs__
ln -sf -- "/var/yjx/hadoop/ha/nm-local-dir/filecache/39/kubernetes-model-batch-6.7.2.jar" "__spark_libs__/kubernetes-model-batch-6.7.2.jar"
mkdir -p __spark_libs__
ln -sf -- "/var/yjx/hadoop/ha/nm-local-dir/filecache/149/hive-llap-common-2.3.9.jar" "__spark_libs__/hive-llap-common-2.3.9.jar"
mkdir -p __spark_libs__
ln -sf -- "/var/yjx/hadoop/ha/nm-local-dir/filecache/133/netty-handler-4.1.96.Final.jar" "__spark_libs__/netty-handler-4.1.96.Final.jar"
mkdir -p __spark_libs__
ln -sf -- "/var/yjx/hadoop/ha/nm-local-dir/filecache/22/netty-codec-http-4.1.96.Final.jar" "__spark_libs__/netty-codec-http-4.1.96.Final.jar"
mkdir -p __spark_libs__
ln -sf -- "/var/yjx/hadoop/ha/nm-local-dir/filecache/127/kubernetes-model-apps-6.7.2.jar" "__spark_libs__/kubernetes-model-apps-6.7.2.jar"
mkdir -p __spark_libs__
ln -sf -- "/var/yjx/hadoop/ha/nm-local-dir/filecache/231/spire-util_2.12-0.17.0.jar" "__spark_libs__/spire-util_2.12-0.17.0.jar"
mkdir -p __spark_libs__
ln -sf -- "/var/yjx/hadoop/ha/nm-local-dir/filecache/27/lz4-java-1.8.0.jar" "__spark_libs__/lz4-java-1.8.0.jar"
mkdir -p __spark_libs__
ln -sf -- "/var/yjx/hadoop/ha/nm-local-dir/filecache/243/javolution-5.5.1.jar" "__spark_libs__/javolution-5.5.1.jar"
mkdir -p __spark_libs__
ln -sf -- "/var/yjx/hadoop/ha/nm-local-dir/filecache/144/jakarta.ws.rs-api-2.1.6.jar" "__spark_libs__/jakarta.ws.rs-api-2.1.6.jar"
mkdir -p __spark_libs__
ln -sf -- "/var/yjx/hadoop/ha/nm-local-dir/filecache/48/hadoop-client-api-3.3.4.jar" "__spark_libs__/hadoop-client-api-3.3.4.jar"
mkdir -p __spark_libs__
ln -sf -- "/var/yjx/hadoop/ha/nm-local-dir/filecache/210/json-1.8.jar" "__spark_libs__/json-1.8.jar"
mkdir -p __spark_libs__
ln -sf -- "/var/yjx/hadoop/ha/nm-local-dir/filecache/217/kubernetes-model-flowcontrol-6.7.2.jar" "__spark_libs__/kubernetes-model-flowcontrol-6.7.2.jar"
mkdir -p __spark_libs__
ln -sf -- "/var/yjx/hadoop/ha/nm-local-dir/filecache/202/parquet-common-1.13.1.jar" "__spark_libs__/parquet-common-1.13.1.jar"
mkdir -p __spark_libs__
ln -sf -- "/var/yjx/hadoop/ha/nm-local-dir/filecache/180/minlog-1.3.0.jar" "__spark_libs__/minlog-1.3.0.jar"
mkdir -p __spark_libs__
ln -sf -- "/var/yjx/hadoop/ha/nm-local-dir/filecache/102/hive-jdbc-2.3.9.jar" "__spark_libs__/hive-jdbc-2.3.9.jar"
mkdir -p __spark_libs__
ln -sf -- "/var/yjx/hadoop/ha/nm-local-dir/filecache/132/spark-core_2.12-3.5.1.jar" "__spark_libs__/spark-core_2.12-3.5.1.jar"
mkdir -p __spark_libs__
ln -sf -- "/var/yjx/hadoop/ha/nm-local-dir/filecache/213/kubernetes-model-gatewayapi-6.7.2.jar" "__spark_libs__/kubernetes-model-gatewayapi-6.7.2.jar"
mkdir -p __spark_libs__
ln -sf -- "/var/yjx/hadoop/ha/nm-local-dir/filecache/106/zookeeper-jute-3.6.3.jar" "__spark_libs__/zookeeper-jute-3.6.3.jar"
mkdir -p __spark_libs__
ln -sf -- "/var/yjx/hadoop/ha/nm-local-dir/filecache/140/metrics-core-4.2.19.jar" "__spark_libs__/metrics-core-4.2.19.jar"
mkdir -p __spark_libs__
ln -sf -- "/var/yjx/hadoop/ha/nm-local-dir/filecache/120/jul-to-slf4j-2.0.7.jar" "__spark_libs__/jul-to-slf4j-2.0.7.jar"
mkdir -p __spark_libs__
ln -sf -- "/var/yjx/hadoop/ha/nm-local-dir/filecache/42/datasketches-memory-2.1.0.jar" "__spark_libs__/datasketches-memory-2.1.0.jar"
mkdir -p __spark_libs__
ln -sf -- "/var/yjx/hadoop/ha/nm-local-dir/filecache/145/commons-math3-3.6.1.jar" "__spark_libs__/commons-math3-3.6.1.jar"
mkdir -p __spark_libs__
ln -sf -- "/var/yjx/hadoop/ha/nm-local-dir/filecache/99/derby-10.14.2.0.jar" "__spark_libs__/derby-10.14.2.0.jar"
mkdir -p __spark_libs__
ln -sf -- "/var/yjx/hadoop/ha/nm-local-dir/filecache/190/metrics-graphite-4.2.19.jar" "__spark_libs__/metrics-graphite-4.2.19.jar"
mkdir -p __spark_libs__
ln -sf -- "/var/yjx/hadoop/ha/nm-local-dir/filecache/134/jersey-client-2.40.jar" "__spark_libs__/jersey-client-2.40.jar"
mkdir -p __spark_libs__
ln -sf -- "/var/yjx/hadoop/ha/nm-local-dir/filecache/30/netty-transport-native-epoll-4.1.96.Final-linux-aarch_64.jar" "__spark_libs__/netty-transport-native-epoll-4.1.96.Final-linux-aarch_64.jar"
mkdir -p __spark_libs__
ln -sf -- "/var/yjx/hadoop/ha/nm-local-dir/filecache/76/datasketches-java-3.3.0.jar" "__spark_libs__/datasketches-java-3.3.0.jar"
mkdir -p __spark_libs__
ln -sf -- "/var/yjx/hadoop/ha/nm-local-dir/filecache/164/commons-collections4-4.4.jar" "__spark_libs__/commons-collections4-4.4.jar"
mkdir -p __spark_libs__
ln -sf -- "/var/yjx/hadoop/ha/nm-local-dir/filecache/224/xbean-asm9-shaded-4.23.jar" "__spark_libs__/xbean-asm9-shaded-4.23.jar"
mkdir -p __spark_libs__
ln -sf -- "/var/yjx/hadoop/ha/nm-local-dir/filecache/227/hk2-api-2.6.1.jar" "__spark_libs__/hk2-api-2.6.1.jar"
mkdir -p __spark_libs__
ln -sf -- "/var/yjx/hadoop/ha/nm-local-dir/filecache/101/hive-common-2.3.9.jar" "__spark_libs__/hive-common-2.3.9.jar"
mkdir -p __spark_libs__
ln -sf -- "/var/yjx/hadoop/ha/nm-local-dir/filecache/52/datanucleus-rdbms-4.1.19.jar" "__spark_libs__/datanucleus-rdbms-4.1.19.jar"
mkdir -p __spark_libs__
ln -sf -- "/var/yjx/hadoop/ha/nm-local-dir/filecache/17/kubernetes-model-discovery-6.7.2.jar" "__spark_libs__/kubernetes-model-discovery-6.7.2.jar"
mkdir -p __spark_libs__
ln -sf -- "/var/yjx/hadoop/ha/nm-local-dir/filecache/223/pickle-1.3.jar" "__spark_libs__/pickle-1.3.jar"
mkdir -p __spark_libs__
ln -sf -- "/var/yjx/hadoop/ha/nm-local-dir/filecache/47/jackson-module-scala_2.12-2.15.2.jar" "__spark_libs__/jackson-module-scala_2.12-2.15.2.jar"
mkdir -p __spark_libs__
ln -sf -- "/var/yjx/hadoop/ha/nm-local-dir/filecache/77/JLargeArrays-1.5.jar" "__spark_libs__/JLargeArrays-1.5.jar"
mkdir -p __spark_libs__
ln -sf -- "/var/yjx/hadoop/ha/nm-local-dir/filecache/177/jdo-api-3.0.1.jar" "__spark_libs__/jdo-api-3.0.1.jar"
mkdir -p __spark_libs__
ln -sf -- "/var/yjx/hadoop/ha/nm-local-dir/filecache/189/objenesis-3.3.jar" "__spark_libs__/objenesis-3.3.jar"
mkdir -p __spark_libs__
ln -sf -- "/var/yjx/hadoop/ha/nm-local-dir/filecache/25/javassist-3.29.2-GA.jar" "__spark_libs__/javassist-3.29.2-GA.jar"
mkdir -p __spark_libs__
ln -sf -- "/var/yjx/hadoop/ha/nm-local-dir/filecache/152/datanucleus-api-jdo-4.2.4.jar" "__spark_libs__/datanucleus-api-jdo-4.2.4.jar"
mkdir -p __spark_libs__
ln -sf -- "/var/yjx/hadoop/ha/nm-local-dir/filecache/62/antlr4-runtime-4.9.3.jar" "__spark_libs__/antlr4-runtime-4.9.3.jar"
mkdir -p __spark_libs__
ln -sf -- "/var/yjx/hadoop/ha/nm-local-dir/filecache/37/rocksdbjni-8.3.2.jar" "__spark_libs__/rocksdbjni-8.3.2.jar"
mkdir -p __spark_libs__
ln -sf -- "/var/yjx/hadoop/ha/nm-local-dir/filecache/126/shims-0.9.45.jar" "__spark_libs__/shims-0.9.45.jar"
mkdir -p __spark_libs__
ln -sf -- "/var/yjx/hadoop/ha/nm-local-dir/filecache/29/commons-pool-1.5.4.jar" "__spark_libs__/commons-pool-1.5.4.jar"
mkdir -p __spark_libs__
ln -sf -- "/var/yjx/hadoop/ha/nm-local-dir/filecache/74/jackson-core-asl-1.9.13.jar" "__spark_libs__/jackson-core-asl-1.9.13.jar"
mkdir -p __spark_libs__
ln -sf -- "/var/yjx/hadoop/ha/nm-local-dir/filecache/186/log4j-1.2-api-2.20.0.jar" "__spark_libs__/log4j-1.2-api-2.20.0.jar"
mkdir -p __spark_libs__
ln -sf -- "/var/yjx/hadoop/ha/nm-local-dir/filecache/260/netty-transport-native-unix-common-4.1.96.Final.jar" "__spark_libs__/netty-transport-native-unix-common-4.1.96.Final.jar"
mkdir -p __spark_libs__
ln -sf -- "/var/yjx/hadoop/ha/nm-local-dir/filecache/135/dropwizard-metrics-hadoop-metrics2-reporter-0.1.2.jar" "__spark_libs__/dropwizard-metrics-hadoop-metrics2-reporter-0.1.2.jar"
mkdir -p __spark_libs__
ln -sf -- "/var/yjx/hadoop/ha/nm-local-dir/filecache/16/metrics-json-4.2.19.jar" "__spark_libs__/metrics-json-4.2.19.jar"
mkdir -p __spark_libs__
ln -sf -- "/var/yjx/hadoop/ha/nm-local-dir/filecache/23/kubernetes-model-common-6.7.2.jar" "__spark_libs__/kubernetes-model-common-6.7.2.jar"
mkdir -p __spark_libs__
ln -sf -- "/var/yjx/hadoop/ha/nm-local-dir/filecache/222/hive-shims-scheduler-2.3.9.jar" "__spark_libs__/hive-shims-scheduler-2.3.9.jar"
mkdir -p __spark_libs__
ln -sf -- "/var/yjx/hadoop/ha/nm-local-dir/filecache/86/ivy-2.5.1.jar" "__spark_libs__/ivy-2.5.1.jar"
mkdir -p __spark_libs__
ln -sf -- "/var/yjx/hadoop/ha/nm-local-dir/filecache/112/kubernetes-model-resource-6.7.2.jar" "__spark_libs__/kubernetes-model-resource-6.7.2.jar"
mkdir -p __spark_libs__
ln -sf -- "/var/yjx/hadoop/ha/nm-local-dir/filecache/247/annotations-17.0.0.jar" "__spark_libs__/annotations-17.0.0.jar"
mkdir -p __spark_libs__
ln -sf -- "/var/yjx/hadoop/ha/nm-local-dir/filecache/95/datanucleus-core-4.1.17.jar" "__spark_libs__/datanucleus-core-4.1.17.jar"
mkdir -p __spark_libs__
ln -sf -- "/var/yjx/hadoop/ha/nm-local-dir/filecache/139/commons-lang-2.6.jar" "__spark_libs__/commons-lang-2.6.jar"
mkdir -p __spark_libs__
ln -sf -- "/var/yjx/hadoop/ha/nm-local-dir/filecache/69/transaction-api-1.1.jar" "__spark_libs__/transaction-api-1.1.jar"
mkdir -p __spark_libs__
ln -sf -- "/var/yjx/hadoop/ha/nm-local-dir/filecache/192/breeze_2.12-2.1.0.jar" "__spark_libs__/breeze_2.12-2.1.0.jar"
mkdir -p __spark_libs__
ln -sf -- "/var/yjx/hadoop/ha/nm-local-dir/filecache/60/chill-java-0.10.0.jar" "__spark_libs__/chill-java-0.10.0.jar"
mkdir -p __spark_libs__
ln -sf -- "/var/yjx/hadoop/ha/nm-local-dir/filecache/184/libfb303-0.9.3.jar" "__spark_libs__/libfb303-0.9.3.jar"
mkdir -p __spark_libs__
ln -sf -- "/var/yjx/hadoop/ha/nm-local-dir/filecache/188/kubernetes-model-scheduling-6.7.2.jar" "__spark_libs__/kubernetes-model-scheduling-6.7.2.jar"
mkdir -p __spark_libs__
ln -sf -- "/var/yjx/hadoop/ha/nm-local-dir/filecache/245/scala-compiler-2.12.18.jar" "__spark_libs__/scala-compiler-2.12.18.jar"
mkdir -p __spark_libs__
ln -sf -- "/var/yjx/hadoop/ha/nm-local-dir/filecache/150/kubernetes-model-events-6.7.2.jar" "__spark_libs__/kubernetes-model-events-6.7.2.jar"
mkdir -p __spark_libs__
ln -sf -- "/var/yjx/hadoop/ha/nm-local-dir/filecache/237/activation-1.1.1.jar" "__spark_libs__/activation-1.1.1.jar"
mkdir -p __spark_libs__
ln -sf -- "/var/yjx/hadoop/ha/nm-local-dir/filecache/56/parquet-jackson-1.13.1.jar" "__spark_libs__/parquet-jackson-1.13.1.jar"
mkdir -p __spark_libs__
ln -sf -- "/var/yjx/hadoop/ha/nm-local-dir/filecache/34/spark-hive-thriftserver_2.12-3.5.1.jar" "__spark_libs__/spark-hive-thriftserver_2.12-3.5.1.jar"
mkdir -p __spark_libs__
ln -sf -- "/var/yjx/hadoop/ha/nm-local-dir/filecache/257/netty-common-4.1.96.Final.jar" "__spark_libs__/netty-common-4.1.96.Final.jar"
mkdir -p __spark_libs__
ln -sf -- "/var/yjx/hadoop/ha/nm-local-dir/filecache/82/hive-shims-0.23-2.3.9.jar" "__spark_libs__/hive-shims-0.23-2.3.9.jar"
mkdir -p __spark_libs__
ln -sf -- "/var/yjx/hadoop/ha/nm-local-dir/filecache/181/jersey-server-2.40.jar" "__spark_libs__/jersey-server-2.40.jar"
mkdir -p __spark_libs__
ln -sf -- "/var/yjx/hadoop/ha/nm-local-dir/filecache/111/spark-launcher_2.12-3.5.1.jar" "__spark_libs__/spark-launcher_2.12-3.5.1.jar"
mkdir -p __spark_libs__
ln -sf -- "/var/yjx/hadoop/ha/nm-local-dir/filecache/218/spire-macros_2.12-0.17.0.jar" "__spark_libs__/spire-macros_2.12-0.17.0.jar"
mkdir -p __spark_libs__
ln -sf -- "/var/yjx/hadoop/ha/nm-local-dir/filecache/151/orc-core-1.9.2-shaded-protobuf.jar" "__spark_libs__/orc-core-1.9.2-shaded-protobuf.jar"
mkdir -p __spark_libs__
ln -sf -- "/var/yjx/hadoop/ha/nm-local-dir/filecache/174/kubernetes-model-policy-6.7.2.jar" "__spark_libs__/kubernetes-model-policy-6.7.2.jar"
mkdir -p __spark_libs__
ln -sf -- "/var/yjx/hadoop/ha/nm-local-dir/filecache/65/jersey-hk2-2.40.jar" "__spark_libs__/jersey-hk2-2.40.jar"
mkdir -p __spark_libs__
ln -sf -- "/var/yjx/hadoop/ha/nm-local-dir/filecache/196/hadoop-shaded-guava-1.1.1.jar" "__spark_libs__/hadoop-shaded-guava-1.1.1.jar"
mkdir -p __spark_libs__
ln -sf -- "/var/yjx/hadoop/ha/nm-local-dir/filecache/89/janino-3.1.9.jar" "__spark_libs__/janino-3.1.9.jar"
mkdir -p __spark_libs__
ln -sf -- "/var/yjx/hadoop/ha/nm-local-dir/filecache/13/jakarta.annotation-api-1.3.5.jar" "__spark_libs__/jakarta.annotation-api-1.3.5.jar"
mkdir -p __spark_libs__
ln -sf -- "/var/yjx/hadoop/ha/nm-local-dir/filecache/63/avro-1.11.2.jar" "__spark_libs__/avro-1.11.2.jar"
mkdir -p __spark_libs__
ln -sf -- "/var/yjx/hadoop/ha/nm-local-dir/filecache/244/kubernetes-model-extensions-6.7.2.jar" "__spark_libs__/kubernetes-model-extensions-6.7.2.jar"
mkdir -p __spark_libs__
ln -sf -- "/var/yjx/hadoop/ha/nm-local-dir/filecache/259/okio-1.15.0.jar" "__spark_libs__/okio-1.15.0.jar"
mkdir -p __spark_libs__
ln -sf -- "/var/yjx/hadoop/ha/nm-local-dir/filecache/71/scala-library-2.12.18.jar" "__spark_libs__/scala-library-2.12.18.jar"
mkdir -p __spark_libs__
ln -sf -- "/var/yjx/hadoop/ha/nm-local-dir/filecache/207/oro-2.0.8.jar" "__spark_libs__/oro-2.0.8.jar"
mkdir -p __spark_libs__
ln -sf -- "/var/yjx/hadoop/ha/nm-local-dir/filecache/72/spire_2.12-0.17.0.jar" "__spark_libs__/spire_2.12-0.17.0.jar"
mkdir -p __spark_libs__
ln -sf -- "/var/yjx/hadoop/ha/nm-local-dir/filecache/176/kubernetes-model-storageclass-6.7.2.jar" "__spark_libs__/kubernetes-model-storageclass-6.7.2.jar"
mkdir -p __spark_libs__
ln -sf -- "/var/yjx/hadoop/ha/nm-local-dir/filecache/61/logging-interceptor-3.12.12.jar" "__spark_libs__/logging-interceptor-3.12.12.jar"
mkdir -p __spark_libs__
ln -sf -- "/var/yjx/hadoop/ha/nm-local-dir/filecache/169/chill_2.12-0.10.0.jar" "__spark_libs__/chill_2.12-0.10.0.jar"
mkdir -p __spark_libs__
ln -sf -- "/var/yjx/hadoop/ha/nm-local-dir/filecache/258/hadoop-yarn-server-web-proxy-3.3.4.jar" "__spark_libs__/hadoop-yarn-server-web-proxy-3.3.4.jar"
mkdir -p __spark_libs__
ln -sf -- "/var/yjx/hadoop/ha/nm-local-dir/filecache/239/scala-parser-combinators_2.12-2.3.0.jar" "__spark_libs__/scala-parser-combinators_2.12-2.3.0.jar"
mkdir -p __spark_libs__
ln -sf -- "/var/yjx/hadoop/ha/nm-local-dir/filecache/137/log4j-core-2.20.0.jar" "__spark_libs__/log4j-core-2.20.0.jar"
mkdir -p __spark_libs__
ln -sf -- "/var/yjx/hadoop/ha/nm-local-dir/filecache/57/kubernetes-model-apiextensions-6.7.2.jar" "__spark_libs__/kubernetes-model-apiextensions-6.7.2.jar"
mkdir -p __spark_libs__
ln -sf -- "/var/yjx/hadoop/ha/nm-local-dir/filecache/115/commons-compress-1.23.0.jar" "__spark_libs__/commons-compress-1.23.0.jar"
mkdir -p __spark_libs__
ln -sf -- "/var/yjx/hadoop/ha/nm-local-dir/filecache/49/curator-client-2.13.0.jar" "__spark_libs__/curator-client-2.13.0.jar"
mkdir -p __spark_libs__
ln -sf -- "/var/yjx/hadoop/ha/nm-local-dir/filecache/110/leveldbjni-all-1.8.jar" "__spark_libs__/leveldbjni-all-1.8.jar"
mkdir -p __spark_libs__
ln -sf -- "/var/yjx/hadoop/ha/nm-local-dir/filecache/261/antlr-runtime-3.5.2.jar" "__spark_libs__/antlr-runtime-3.5.2.jar"
mkdir -p __spark_libs__
ln -sf -- "/var/yjx/hadoop/ha/nm-local-dir/filecache/143/scala-collection-compat_2.12-2.7.0.jar" "__spark_libs__/scala-collection-compat_2.12-2.7.0.jar"
mkdir -p __spark_libs__
ln -sf -- "/var/yjx/hadoop/ha/nm-local-dir/filecache/88/spark-sketch_2.12-3.5.1.jar" "__spark_libs__/spark-sketch_2.12-3.5.1.jar"
mkdir -p __spark_libs__
ln -sf -- "/var/yjx/hadoop/ha/nm-local-dir/filecache/142/slf4j-api-2.0.7.jar" "__spark_libs__/slf4j-api-2.0.7.jar"
mkdir -p __spark_libs__
ln -sf -- "/var/yjx/hadoop/ha/nm-local-dir/filecache/178/spark-catalyst_2.12-3.5.1.jar" "__spark_libs__/spark-catalyst_2.12-3.5.1.jar"
mkdir -p __spark_libs__
ln -sf -- "/var/yjx/hadoop/ha/nm-local-dir/filecache/73/jackson-databind-2.15.2.jar" "__spark_libs__/jackson-databind-2.15.2.jar"
mkdir -p __spark_libs__
ln -sf -- "/var/yjx/hadoop/ha/nm-local-dir/filecache/246/orc-mapreduce-1.9.2-shaded-protobuf.jar" "__spark_libs__/orc-mapreduce-1.9.2-shaded-protobuf.jar"
mkdir -p __spark_libs__
ln -sf -- "/var/yjx/hadoop/ha/nm-local-dir/filecache/241/kubernetes-client-api-6.7.2.jar" "__spark_libs__/kubernetes-client-api-6.7.2.jar"
mkdir -p __spark_libs__
ln -sf -- "/var/yjx/hadoop/ha/nm-local-dir/filecache/20/scala-xml_2.12-2.1.0.jar" "__spark_libs__/scala-xml_2.12-2.1.0.jar"
mkdir -p __spark_libs__
ln -sf -- "/var/yjx/hadoop/ha/nm-local-dir/filecache/26/algebra_2.12-2.0.1.jar" "__spark_libs__/algebra_2.12-2.0.1.jar"
mkdir -p __spark_libs__
ln -sf -- "/var/yjx/hadoop/ha/nm-local-dir/filecache/108/spark-repl_2.12-3.5.1.jar" "__spark_libs__/spark-repl_2.12-3.5.1.jar"
mkdir -p __spark_libs__
ln -sf -- "/var/yjx/hadoop/ha/nm-local-dir/filecache/21/cats-kernel_2.12-2.1.1.jar" "__spark_libs__/cats-kernel_2.12-2.1.1.jar"
mkdir -p __spark_libs__
ln -sf -- "/var/yjx/hadoop/ha/nm-local-dir/filecache/40/spark-network-shuffle_2.12-3.5.1.jar" "__spark_libs__/spark-network-shuffle_2.12-3.5.1.jar"
mkdir -p __spark_libs__
ln -sf -- "/var/yjx/hadoop/ha/nm-local-dir/filecache/91/zstd-jni-1.5.5-4.jar" "__spark_libs__/zstd-jni-1.5.5-4.jar"
ln -sf -- "/var/yjx/hadoop/ha/nm-local-dir/usercache/root/filecache/15/cluster-probe.jar" "__app__.jar"
mkdir -p __spark_libs__
ln -sf -- "/var/yjx/hadoop/ha/nm-local-dir/filecache/128/spark-streaming_2.12-3.5.1.jar" "__spark_libs__/spark-streaming_2.12-3.5.1.jar"
mkdir -p __spark_libs__
ln -sf -- "/var/yjx/hadoop/ha/nm-local-dir/filecache/159/aopalliance-repackaged-2.6.1.jar" "__spark_libs__/aopalliance-repackaged-2.6.1.jar"
mkdir -p __spark_libs__
ln -sf -- "/var/yjx/hadoop/ha/nm-local-dir/filecache/170/commons-collections-3.2.2.jar" "__spark_libs__/commons-collections-3.2.2.jar"
mkdir -p __spark_libs__
ln -sf -- "/var/yjx/hadoop/ha/nm-local-dir/filecache/117/jackson-datatype-jsr310-2.15.2.jar" "__spark_libs__/jackson-datatype-jsr310-2.15.2.jar"
mkdir -p __spark_libs__
ln -sf -- "/var/yjx/hadoop/ha/nm-local-dir/filecache/119/jakarta.xml.bind-api-2.3.2.jar" "__spark_libs__/jakarta.xml.bind-api-2.3.2.jar"
mkdir -p __spark_libs__
ln -sf -- "/var/yjx/hadoop/ha/nm-local-dir/filecache/35/arpack-3.0.3.jar" "__spark_libs__/arpack-3.0.3.jar"
mkdir -p __spark_libs__
ln -sf -- "/var/yjx/hadoop/ha/nm-local-dir/filecache/166/jersey-container-servlet-2.40.jar" "__spark_libs__/jersey-container-servlet-2.40.jar"
mkdir -p __spark_libs__
ln -sf -- "/var/yjx/hadoop/ha/nm-local-dir/filecache/81/jersey-common-2.40.jar" "__spark_libs__/jersey-common-2.40.jar"
mkdir -p __spark_libs__
ln -sf -- "/var/yjx/hadoop/ha/nm-local-dir/filecache/216/netty-transport-4.1.96.Final.jar" "__spark_libs__/netty-transport-4.1.96.Final.jar"
mkdir -p __spark_libs__
ln -sf -- "/var/yjx/hadoop/ha/nm-local-dir/filecache/100/spire-platform_2.12-0.17.0.jar" "__spark_libs__/spire-platform_2.12-0.17.0.jar"
mkdir -p __spark_libs__
ln -sf -- "/var/yjx/hadoop/ha/nm-local-dir/filecache/211/commons-logging-1.1.3.jar" "__spark_libs__/commons-logging-1.1.3.jar"
mkdir -p __spark_libs__
ln -sf -- "/var/yjx/hadoop/ha/nm-local-dir/filecache/59/metrics-jvm-4.2.19.jar" "__spark_libs__/metrics-jvm-4.2.19.jar"
mkdir -p __spark_libs__
ln -sf -- "/var/yjx/hadoop/ha/nm-local-dir/filecache/67/commons-dbcp-1.4.jar" "__spark_libs__/commons-dbcp-1.4.jar"
mkdir -p __spark_libs__
ln -sf -- "/var/yjx/hadoop/ha/nm-local-dir/filecache/205/commons-lang3-3.12.0.jar" "__spark_libs__/commons-lang3-3.12.0.jar"
echo "Copying debugging information"
# Creating copy of launch script
cp "launch_container.sh" "/opt/yjx/hadoop-3.3.4/logs/userlogs/application_1789195359269_0004/container_e35_1789195359269_0004_01_000001/launch_container.sh"
chmod 640 "/opt/yjx/hadoop-3.3.4/logs/userlogs/application_1789195359269_0004/container_e35_1789195359269_0004_01_000001/launch_container.sh"
# Determining directory contents
echo "ls -l:" 1>"/opt/yjx/hadoop-3.3.4/logs/userlogs/application_1789195359269_0004/container_e35_1789195359269_0004_01_000001/directory.info"
ls -l 1>>"/opt/yjx/hadoop-3.3.4/logs/userlogs/application_1789195359269_0004/container_e35_1789195359269_0004_01_000001/directory.info"
echo "find -L . -maxdepth 5 -ls:" 1>>"/opt/yjx/hadoop-3.3.4/logs/userlogs/application_1789195359269_0004/container_e35_1789195359269_0004_01_000001/directory.info"
find -L . -maxdepth 5 -ls 1>>"/opt/yjx/hadoop-3.3.4/logs/userlogs/application_1789195359269_0004/container_e35_1789195359269_0004_01_000001/directory.info"
echo "broken symlinks(find -L . -maxdepth 5 -type l -ls):" 1>>"/opt/yjx/hadoop-3.3.4/logs/userlogs/application_1789195359269_0004/container_e35_1789195359269_0004_01_000001/directory.info"
find -L . -maxdepth 5 -type l -ls 1>>"/opt/yjx/hadoop-3.3.4/logs/userlogs/application_1789195359269_0004/container_e35_1789195359269_0004_01_000001/directory.info"
echo "Launching container"
exec /bin/bash -c "$JAVA_HOME/bin/java -server -Djava.net.preferIPv6Addresses=false -XX:+IgnoreUnrecognizedVMOptions --add-opens=java.base/java.lang=ALL-UNNAMED --add-opens=java.base/java.lang.invoke=ALL-UNNAMED --add-opens=java.base/java.lang.reflect=ALL-UNNAMED --add-opens=java.base/java.io=ALL-UNNAMED --add-opens=java.base/java.net=ALL-UNNAMED --add-opens=java.base/java.nio=ALL-UNNAMED --add-opens=java.base/java.util=ALL-UNNAMED --add-opens=java.base/java.util.concurrent=ALL-UNNAMED --add-opens=java.base/java.util.concurrent.atomic=ALL-UNNAMED --add-opens=java.base/jdk.internal.ref=ALL-UNNAMED --add-opens=java.base/sun.nio.ch=ALL-UNNAMED --add-opens=java.base/sun.nio.cs=ALL-UNNAMED --add-opens=java.base/sun.security.action=ALL-UNNAMED --add-opens=java.base/sun.util.calendar=ALL-UNNAMED --add-opens=java.security.jgss/sun.security.krb5=ALL-UNNAMED -Djdk.reflect.useDirectMethodHandle=false -Xmx1024m -Djava.io.tmpdir=$PWD/tmp -Dspark.yarn.app.container.log.dir=/opt/yjx/hadoop-3.3.4/logs/userlogs/application_1789195359269_0004/container_e35_1789195359269_0004_01_000001 org.apache.spark.deploy.yarn.ApplicationMaster --class probe.ClusterProbe --jar file:/C:/Users/ASUS/AppData/Local/Temp/m3probe/cluster-probe.jar --properties-file $PWD/__spark_conf__/__spark_conf__.properties --dist-cache-conf $PWD/__spark_conf__/__spark_dist_cache__.properties 1> /opt/yjx/hadoop-3.3.4/logs/userlogs/application_1789195359269_0004/container_e35_1789195359269_0004_01_000001/stdout 2> /opt/yjx/hadoop-3.3.4/logs/userlogs/application_1789195359269_0004/container_e35_1789195359269_0004_01_000001/stderr"

End of LogType:launch_container.sh
************************************************************************************

Container: container_e35_1789195359269_0004_01_000001 on node03_43710
LogAggregationType: AGGREGATED
=====================================================================
LogType:prelaunch.err
LogLastModifiedTime:周六 9月 12 15:41:40 +0800 2026
LogLength:0
LogContents:

End of LogType:prelaunch.err
******************************************************************************

Container: container_e35_1789195359269_0004_01_000001 on node03_43710
LogAggregationType: AGGREGATED
=====================================================================
LogType:prelaunch.out
LogLastModifiedTime:周六 9月 12 15:41:40 +0800 2026
LogLength:100
LogContents:
Setting up env variables
Setting up job resources
Copying debugging information
Launching container

End of LogType:prelaunch.out
******************************************************************************

Container: container_e35_1789195359269_0004_01_000001 on node03_43710
LogAggregationType: AGGREGATED
=====================================================================
LogType:stderr
LogLastModifiedTime:周六 9月 12 15:41:40 +0800 2026
LogLength:81422
LogContents:
Using Spark's default log4j profile: org/apache/spark/log4j2-defaults.properties
26/09/12 15:41:21 INFO SignalUtils: Registering signal handler for TERM
26/09/12 15:41:21 INFO SignalUtils: Registering signal handler for HUP
26/09/12 15:41:21 INFO SignalUtils: Registering signal handler for INT
26/09/12 15:41:22 WARN NativeCodeLoader: Unable to load native-hadoop library for your platform... using builtin-java classes where applicable
26/09/12 15:41:22 INFO ApplicationMaster: ApplicationAttemptId: appattempt_1789195359269_0004_000001
26/09/12 15:41:22 INFO ApplicationMaster: Starting the user application in a separate Thread
26/09/12 15:41:22 INFO ApplicationMaster: Waiting for spark context initialization...
26/09/12 15:41:22 INFO HiveConf: Found configuration file file:/var/yjx/hadoop/ha/nm-local-dir/usercache/root/filecache/16/__spark_conf__.zip/__hadoop_conf__/hive-site.xml
26/09/12 15:41:22 INFO SparkContext: Running Spark version 3.5.1
26/09/12 15:41:22 INFO SparkContext: OS info Linux, 3.10.0-1160.el7.x86_64, amd64
26/09/12 15:41:22 INFO SparkContext: Java version 1.8.0_351
26/09/12 15:41:22 INFO ResourceUtils: ==============================================================
26/09/12 15:41:22 INFO ResourceUtils: No custom resources configured for spark.driver.
26/09/12 15:41:22 INFO ResourceUtils: ==============================================================
26/09/12 15:41:22 INFO SparkContext: Submitted application: m3-cluster-probe
26/09/12 15:41:22 INFO ResourceProfile: Default ResourceProfile created, executor resources: Map(cores -> name: cores, amount: 1, script: , vendor: , memory -> name: memory, amount: 1024, script: , vendor: , offHeap -> name: offHeap, amount: 0, script: , vendor: ), task resources: Map(cpus -> name: cpus, amount: 1.0)
26/09/12 15:41:22 INFO ResourceProfile: Limiting resource is cpus at 1 tasks per executor
26/09/12 15:41:22 INFO ResourceProfileManager: Added ResourceProfile id: 0
26/09/12 15:41:23 INFO SecurityManager: Changing view acls to: root
26/09/12 15:41:23 INFO SecurityManager: Changing modify acls to: root
26/09/12 15:41:23 INFO SecurityManager: Changing view acls groups to: 
26/09/12 15:41:23 INFO SecurityManager: Changing modify acls groups to: 
26/09/12 15:41:23 INFO SecurityManager: SecurityManager: authentication disabled; ui acls disabled; users with view permissions: root; groups with view permissions: EMPTY; users with modify permissions: root; groups with modify permissions: EMPTY
26/09/12 15:41:23 INFO Utils: Successfully started service 'sparkDriver' on port 34972.
26/09/12 15:41:23 INFO SparkEnv: Registering MapOutputTracker
26/09/12 15:41:23 INFO SparkEnv: Registering BlockManagerMaster
26/09/12 15:41:23 INFO BlockManagerMasterEndpoint: Using org.apache.spark.storage.DefaultTopologyMapper for getting topology information
26/09/12 15:41:23 INFO BlockManagerMasterEndpoint: BlockManagerMasterEndpoint up
26/09/12 15:41:23 INFO SparkEnv: Registering BlockManagerMasterHeartbeat
26/09/12 15:41:23 INFO DiskBlockManager: Created local directory at /var/yjx/hadoop/ha/nm-local-dir/usercache/root/appcache/application_1789195359269_0004/blockmgr-67204dfb-f49a-4981-b7f2-6fda1f5853c5
26/09/12 15:41:23 INFO MemoryStore: MemoryStore started with capacity 413.9 MiB
26/09/12 15:41:23 INFO SparkEnv: Registering OutputCommitCoordinator
26/09/12 15:41:23 INFO JettyUtils: Start Jetty 0.0.0.0:0 for SparkUI
26/09/12 15:41:23 INFO Utils: Successfully started service 'SparkUI' on port 32922.
26/09/12 15:41:23 INFO ServerInfo: Adding filter to /: org.apache.hadoop.yarn.server.webproxy.amfilter.AmIpFilter
26/09/12 15:41:23 INFO YarnClusterScheduler: Created YarnClusterScheduler
26/09/12 15:41:23 INFO Utils: Successfully started service 'org.apache.spark.network.netty.NettyBlockTransferService' on port 46141.
26/09/12 15:41:23 INFO NettyBlockTransferService: Server created on node03:46141
26/09/12 15:41:23 INFO BlockManager: Using org.apache.spark.storage.RandomBlockReplicationPolicy for block replication policy
26/09/12 15:41:23 INFO BlockManagerMaster: Registering BlockManager BlockManagerId(driver, node03, 46141, None)
26/09/12 15:41:23 INFO BlockManagerMasterEndpoint: Registering block manager node03:46141 with 413.9 MiB RAM, BlockManagerId(driver, node03, 46141, None)
26/09/12 15:41:23 INFO BlockManagerMaster: Registered BlockManager BlockManagerId(driver, node03, 46141, None)
26/09/12 15:41:23 INFO BlockManager: Initialized BlockManager: BlockManagerId(driver, node03, 46141, None)
26/09/12 15:41:24 INFO SingleEventLogFileWriter: Logging events to hdfs://node01:8020/graduation/eventlog/application_1789195359269_0004_1.inprogress
26/09/12 15:41:24 INFO ServerInfo: Adding filter to /jobs: org.apache.hadoop.yarn.server.webproxy.amfilter.AmIpFilter
26/09/12 15:41:24 INFO ServerInfo: Adding filter to /jobs/json: org.apache.hadoop.yarn.server.webproxy.amfilter.AmIpFilter
26/09/12 15:41:24 INFO ServerInfo: Adding filter to /jobs/job: org.apache.hadoop.yarn.server.webproxy.amfilter.AmIpFilter
26/09/12 15:41:24 INFO ServerInfo: Adding filter to /jobs/job/json: org.apache.hadoop.yarn.server.webproxy.amfilter.AmIpFilter
26/09/12 15:41:24 INFO ServerInfo: Adding filter to /stages: org.apache.hadoop.yarn.server.webproxy.amfilter.AmIpFilter
26/09/12 15:41:24 INFO ServerInfo: Adding filter to /stages/json: org.apache.hadoop.yarn.server.webproxy.amfilter.AmIpFilter
26/09/12 15:41:24 INFO ServerInfo: Adding filter to /stages/stage: org.apache.hadoop.yarn.server.webproxy.amfilter.AmIpFilter
26/09/12 15:41:24 INFO ServerInfo: Adding filter to /stages/stage/json: org.apache.hadoop.yarn.server.webproxy.amfilter.AmIpFilter
26/09/12 15:41:24 INFO ServerInfo: Adding filter to /stages/pool: org.apache.hadoop.yarn.server.webproxy.amfilter.AmIpFilter
26/09/12 15:41:24 INFO ServerInfo: Adding filter to /stages/pool/json: org.apache.hadoop.yarn.server.webproxy.amfilter.AmIpFilter
26/09/12 15:41:24 INFO ServerInfo: Adding filter to /storage: org.apache.hadoop.yarn.server.webproxy.amfilter.AmIpFilter
26/09/12 15:41:24 INFO ServerInfo: Adding filter to /storage/json: org.apache.hadoop.yarn.server.webproxy.amfilter.AmIpFilter
26/09/12 15:41:24 INFO ServerInfo: Adding filter to /storage/rdd: org.apache.hadoop.yarn.server.webproxy.amfilter.AmIpFilter
26/09/12 15:41:24 INFO ServerInfo: Adding filter to /storage/rdd/json: org.apache.hadoop.yarn.server.webproxy.amfilter.AmIpFilter
26/09/12 15:41:24 INFO ServerInfo: Adding filter to /environment: org.apache.hadoop.yarn.server.webproxy.amfilter.AmIpFilter
26/09/12 15:41:24 INFO ServerInfo: Adding filter to /environment/json: org.apache.hadoop.yarn.server.webproxy.amfilter.AmIpFilter
26/09/12 15:41:24 INFO ServerInfo: Adding filter to /executors: org.apache.hadoop.yarn.server.webproxy.amfilter.AmIpFilter
26/09/12 15:41:24 INFO ServerInfo: Adding filter to /executors/json: org.apache.hadoop.yarn.server.webproxy.amfilter.AmIpFilter
26/09/12 15:41:24 INFO ServerInfo: Adding filter to /executors/threadDump: org.apache.hadoop.yarn.server.webproxy.amfilter.AmIpFilter
26/09/12 15:41:24 INFO ServerInfo: Adding filter to /executors/threadDump/json: org.apache.hadoop.yarn.server.webproxy.amfilter.AmIpFilter
26/09/12 15:41:24 INFO ServerInfo: Adding filter to /static: org.apache.hadoop.yarn.server.webproxy.amfilter.AmIpFilter
26/09/12 15:41:24 INFO ServerInfo: Adding filter to /: org.apache.hadoop.yarn.server.webproxy.amfilter.AmIpFilter
26/09/12 15:41:24 INFO ServerInfo: Adding filter to /api: org.apache.hadoop.yarn.server.webproxy.amfilter.AmIpFilter
26/09/12 15:41:24 INFO ServerInfo: Adding filter to /jobs/job/kill: org.apache.hadoop.yarn.server.webproxy.amfilter.AmIpFilter
26/09/12 15:41:24 INFO ServerInfo: Adding filter to /stages/stage/kill: org.apache.hadoop.yarn.server.webproxy.amfilter.AmIpFilter
26/09/12 15:41:24 INFO ServerInfo: Adding filter to /metrics/json: org.apache.hadoop.yarn.server.webproxy.amfilter.AmIpFilter
26/09/12 15:41:24 INFO DefaultNoHARMFailoverProxyProvider: Connecting to ResourceManager at node01/192.168.18.10x:8030
26/09/12 15:41:24 INFO YarnRMClient: Registering the ApplicationMaster
26/09/12 15:41:24 INFO ApplicationMaster: Preparing Local resources
26/09/12 15:41:24 INFO SecurityManager: Changing view acls to: root
26/09/12 15:41:24 INFO SecurityManager: Changing modify acls to: root
26/09/12 15:41:24 INFO SecurityManager: Changing view acls groups to: 
26/09/12 15:41:24 INFO SecurityManager: Changing modify acls groups to: 
26/09/12 15:41:24 INFO SecurityManager: SecurityManager: authentication disabled; ui acls disabled; users with view permissions: root; groups with view permissions: EMPTY; users with modify permissions: root; groups with modify permissions: EMPTY
26/09/12 15:41:24 INFO ApplicationMaster: 
===============================================================================
Default YARN executor launch context:
  env:
    CLASSPATH -> {{PWD}}<CPS>{{PWD}}/__spark_conf__<CPS>{{PWD}}/__spark_libs__/*<CPS>{{PWD}}/__spark_conf__/__hadoop_conf__
    SPARK_YARN_STAGING_DIR -> hdfs://node01:8020/graduation/staging/root/.sparkStaging/application_1789195359269_0004
    SPARK_USER -> root
    SPARK_PREFER_IPV6 -> false

  command:
    {{JAVA_HOME}}/bin/java \ 
      -server \ 
      -Xmx1024m \ 
      '-Djava.net.preferIPv6Addresses=false' \ 
      '-XX:+IgnoreUnrecognizedVMOptions' \ 
      '--add-opens=java.base/java.lang=ALL-UNNAMED' \ 
      '--add-opens=java.base/java.lang.invoke=ALL-UNNAMED' \ 
      '--add-opens=java.base/java.lang.reflect=ALL-UNNAMED' \ 
      '--add-opens=java.base/java.io=ALL-UNNAMED' \ 
      '--add-opens=java.base/java.net=ALL-UNNAMED' \ 
      '--add-opens=java.base/java.nio=ALL-UNNAMED' \ 
      '--add-opens=java.base/java.util=ALL-UNNAMED' \ 
      '--add-opens=java.base/java.util.concurrent=ALL-UNNAMED' \ 
      '--add-opens=java.base/java.util.concurrent.atomic=ALL-UNNAMED' \ 
      '--add-opens=java.base/jdk.internal.ref=ALL-UNNAMED' \ 
      '--add-opens=java.base/sun.nio.ch=ALL-UNNAMED' \ 
      '--add-opens=java.base/sun.nio.cs=ALL-UNNAMED' \ 
      '--add-opens=java.base/sun.security.action=ALL-UNNAMED' \ 
      '--add-opens=java.base/sun.util.calendar=ALL-UNNAMED' \ 
      '--add-opens=java.security.jgss/sun.security.krb5=ALL-UNNAMED' \ 
      '-Djdk.reflect.useDirectMethodHandle=false' \ 
      -Djava.io.tmpdir={{PWD}}/tmp \ 
      '-Dspark.driver.port=34972' \ 
      '-Dspark.ui.port=0' \ 
      -Dspark.yarn.app.container.log.dir=<LOG_DIR> \ 
      -XX:OnOutOfMemoryError='kill %p' \ 
      org.apache.spark.executor.YarnCoarseGrainedExecutorBackend \ 
      --driver-url \ 
      spark://CoarseGrainedScheduler@node03:34972 \ 
      --executor-id \ 
      <executorId> \ 
      --hostname \ 
      <hostname> \ 
      --cores \ 
      1 \ 
      --app-id \ 
      application_1789195359269_0004 \ 
      --resourceProfileId \ 
      0 \ 
      1><LOG_DIR>/stdout \ 
      2><LOG_DIR>/stderr

  resources:
    __spark_libs__/orc-core-1.9.2-shaded-protobuf.jar -> resource { scheme: "hdfs" host: "node01" port: 8020 file: "/graduation/jars/spark-3.5.1/orc-core-1.9.2-shaded-protobuf.jar" } size: 2830854 timestamp: 1789198621633 type: FILE visibility: PUBLIC
    __spark_libs__/kubernetes-model-certificates-6.7.2.jar -> resource { scheme: "hdfs" host: "node01" port: 8020 file: "/graduation/jars/spark-3.5.1/kubernetes-model-certificates-6.7.2.jar" } size: 145397 timestamp: 1789198616559 type: FILE visibility: PUBLIC
    __spark_libs__/spire-platform_2.12-0.17.0.jar -> resource { scheme: "hdfs" host: "node01" port: 8020 file: "/graduation/jars/spark-3.5.1/spire-platform_2.12-0.17.0.jar" } size: 8455 timestamp: 1789198625329 type: FILE visibility: PUBLIC
    __spark_libs__/spark-common-utils_2.12-3.5.1.jar -> resource { scheme: "hdfs" host: "node01" port: 8020 file: "/graduation/jars/spark-3.5.1/spark-common-utils_2.12-3.5.1.jar" } size: 244621 timestamp: 1789198624138 type: FILE visibility: PUBLIC
    __spark_libs__/hadoop-client-runtime-3.3.4.jar -> resource { scheme: "hdfs" host: "node01" port: 8020 file: "/graduation/jars/spark-3.5.1/hadoop-client-runtime-3.3.4.jar" } size: 30085504 timestamp: 1789198608456 type: FILE visibility: PUBLIC
    __spark_libs__/javolution-5.5.1.jar -> resource { scheme: "hdfs" host: "node01" port: 8020 file: "/graduation/jars/spark-3.5.1/javolution-5.5.1.jar" } size: 395195 timestamp: 1789198612748 type: FILE visibility: PUBLIC
    __spark_libs__/algebra_2.12-2.0.1.jar -> resource { scheme: "hdfs" host: "node01" port: 8020 file: "/graduation/jars/spark-3.5.1/algebra_2.12-2.0.1.jar" } size: 1168417 timestamp: 1789198603873 type: FILE visibility: PUBLIC
    __spark_libs__/kryo-shaded-4.0.2.jar -> resource { scheme: "hdfs" host: "node01" port: 8020 file: "/graduation/jars/spark-3.5.1/kryo-shaded-4.0.2.jar" } size: 410874 timestamp: 1789198615722 type: FILE visibility: PUBLIC
    __spark_libs__/kubernetes-model-networking-6.7.2.jar -> resource { scheme: "hdfs" host: "node01" port: 8020 file: "/graduation/jars/spark-3.5.1/kubernetes-model-networking-6.7.2.jar" } size: 577133 timestamp: 1789198617019 type: FILE visibility: PUBLIC
    __spark_libs__/rocksdbjni-8.3.2.jar -> resource { scheme: "hdfs" host: "node01" port: 8020 file: "/graduation/jars/spark-3.5.1/rocksdbjni-8.3.2.jar" } size: 59326387 timestamp: 1789198623286 type: FILE visibility: PUBLIC
    __spark_libs__/commons-math3-3.6.1.jar -> resource { scheme: "hdfs" host: "node01" port: 8020 file: "/graduation/jars/spark-3.5.1/commons-math3-3.6.1.jar" } size: 2213560 timestamp: 1789198606122 type: FILE visibility: PUBLIC
    __spark_libs__/spark-core_2.12-3.5.1.jar -> resource { scheme: "hdfs" host: "node01" port: 8020 file: "/graduation/jars/spark-3.5.1/spark-core_2.12-3.5.1.jar" } size: 14667703 timestamp: 1789198624326 type: FILE visibility: PUBLIC
    __spark_libs__/hive-exec-2.3.9-core.jar -> resource { scheme: "hdfs" host: "node01" port: 8020 file: "/graduation/jars/spark-3.5.1/hive-exec-2.3.9-core.jar" } size: 10840949 timestamp: 1789198609275 type: FILE visibility: PUBLIC
    __spark_libs__/guava-14.0.1.jar -> resource { scheme: "hdfs" host: "node01" port: 8020 file: "/graduation/jars/spark-3.5.1/guava-14.0.1.jar" } size: 2189117 timestamp: 1789198607864 type: FILE visibility: PUBLIC
    __spark_libs__/kubernetes-httpclient-okhttp-6.7.2.jar -> resource { scheme: "hdfs" host: "node01" port: 8020 file: "/graduation/jars/spark-3.5.1/kubernetes-httpclient-okhttp-6.7.2.jar" } size: 31604 timestamp: 1789198615869 type: FILE visibility: PUBLIC
    __spark_libs__/netty-codec-http-4.1.96.Final.jar -> resource { scheme: "hdfs" host: "node01" port: 8020 file: "/graduation/jars/spark-3.5.1/netty-codec-http-4.1.96.Final.jar" } size: 656598 timestamp: 1789198619310 type: FILE visibility: PUBLIC
    __spark_libs__/scala-compiler-2.12.18.jar -> resource { scheme: "hdfs" host: "node01" port: 8020 file: "/graduation/jars/spark-3.5.1/scala-compiler-2.12.18.jar" } size: 10983677 timestamp: 1789198623496 type: FILE visibility: PUBLIC
    __spark_libs__/pickle-1.3.jar -> resource { scheme: "hdfs" host: "node01" port: 8020 file: "/graduation/jars/spark-3.5.1/pickle-1.3.jar" } size: 54279 timestamp: 1789198622159 type: FILE visibility: PUBLIC
    __spark_libs__/kubernetes-model-apiextensions-6.7.2.jar -> resource { scheme: "hdfs" host: "node01" port: 8020 file: "/graduation/jars/spark-3.5.1/kubernetes-model-apiextensions-6.7.2.jar" } size: 1037169 timestamp: 1789198615976 type: FILE visibility: PUBLIC
    __spark_libs__/hive-shims-scheduler-2.3.9.jar -> resource { scheme: "hdfs" host: "node01" port: 8020 file: "/graduation/jars/spark-3.5.1/hive-shims-scheduler-2.3.9.jar" } size: 12923 timestamp: 1789198610556 type: FILE visibility: PUBLIC
    __spark_libs__/metrics-jmx-4.2.19.jar -> resource { scheme: "hdfs" host: "node01" port: 8020 file: "/graduation/jars/spark-3.5.1/metrics-jmx-4.2.19.jar" } size: 21568 timestamp: 1789198618266 type: FILE visibility: PUBLIC
    __spark_libs__/parquet-hadoop-1.13.1.jar -> resource { scheme: "hdfs" host: "node01" port: 8020 file: "/graduation/jars/spark-3.5.1/parquet-hadoop-1.13.1.jar" } size: 1004811 timestamp: 1789198622038 type: FILE visibility: PUBLIC
    __spark_libs__/spark-catalyst_2.12-3.5.1.jar -> resource { scheme: "hdfs" host: "node01" port: 8020 file: "/graduation/jars/spark-3.5.1/spark-catalyst_2.12-3.5.1.jar" } size: 12551721 timestamp: 1789198624094 type: FILE visibility: PUBLIC
    __spark_libs__/JTransforms-3.1.jar -> resource { scheme: "hdfs" host: "node01" port: 8020 file: "/graduation/jars/spark-3.5.1/JTransforms-3.1.jar" } size: 1175798 timestamp: 1789198615637 type: FILE visibility: PUBLIC
    __spark_libs__/jackson-dataformat-yaml-2.15.2.jar -> resource { scheme: "hdfs" host: "node01" port: 8020 file: "/graduation/jars/spark-3.5.1/jackson-dataformat-yaml-2.15.2.jar" } size: 54630 timestamp: 1789198612315 type: FILE visibility: PUBLIC
    __spark_libs__/spark-network-shuffle_2.12-3.5.1.jar -> resource { scheme: "hdfs" host: "node01" port: 8020 file: "/graduation/jars/spark-3.5.1/spark-network-shuffle_2.12-3.5.1.jar" } size: 177704 timestamp: 1789198624888 type: FILE visibility: PUBLIC
    __spark_libs__/datanucleus-core-4.1.17.jar -> resource { scheme: "hdfs" host: "node01" port: 8020 file: "/graduation/jars/spark-3.5.1/datanucleus-core-4.1.17.jar" } size: 2016766 timestamp: 1789198607370 type: FILE visibility: PUBLIC
    __spark_libs__/shims-0.9.45.jar -> resource { scheme: "hdfs" host: "node01" port: 8020 file: "/graduation/jars/spark-3.5.1/shims-0.9.45.jar" } size: 2551 timestamp: 1789198623809 type: FILE visibility: PUBLIC
    __spark_libs__/spark-hive_2.12-3.5.1.jar -> resource { scheme: "hdfs" host: "node01" port: 8020 file: "/graduation/jars/spark-3.5.1/spark-hive_2.12-3.5.1.jar" } size: 724280 timestamp: 1789198624480 type: FILE visibility: PUBLIC
    __spark_libs__/metrics-jvm-4.2.19.jar -> resource { scheme: "hdfs" host: "node01" port: 8020 file: "/graduation/jars/spark-3.5.1/metrics-jvm-4.2.19.jar" } size: 24683 timestamp: 1789198618712 type: FILE visibility: PUBLIC
    __spark_libs__/jackson-core-2.15.2.jar -> resource { scheme: "hdfs" host: "node01" port: 8020 file: "/graduation/jars/spark-3.5.1/jackson-core-2.15.2.jar" } size: 549207 timestamp: 1789198611774 type: FILE visibility: PUBLIC
    __spark_libs__/kubernetes-model-scheduling-6.7.2.jar -> resource { scheme: "hdfs" host: "node01" port: 8020 file: "/graduation/jars/spark-3.5.1/kubernetes-model-scheduling-6.7.2.jar" } size: 65966 timestamp: 1789198617586 type: FILE visibility: PUBLIC
    __spark_libs__/aopalliance-repackaged-2.6.1.jar -> resource { scheme: "hdfs" host: "node01" port: 8020 file: "/graduation/jars/spark-3.5.1/aopalliance-repackaged-2.6.1.jar" } size: 27006 timestamp: 1789198604026 type: FILE visibility: PUBLIC
    __spark_libs__/dropwizard-metrics-hadoop-metrics2-reporter-0.1.2.jar -> resource { scheme: "hdfs" host: "node01" port: 8020 file: "/graduation/jars/spark-3.5.1/dropwizard-metrics-hadoop-metrics2-reporter-0.1.2.jar" } size: 15935 timestamp: 1789198607740 type: FILE visibility: PUBLIC
    __spark_libs__/hive-jdbc-2.3.9.jar -> resource { scheme: "hdfs" host: "node01" port: 8020 file: "/graduation/jars/spark-3.5.1/hive-jdbc-2.3.9.jar" } size: 116364 timestamp: 1789198609326 type: FILE visibility: PUBLIC
    __spark_libs__/netty-transport-native-epoll-4.1.96.Final-linux-aarch_64.jar -> resource { scheme: "hdfs" host: "node01" port: 8020 file: "/graduation/jars/spark-3.5.1/netty-transport-native-epoll-4.1.96.Final-linux-aarch_64.jar" } size: 40475 timestamp: 1789198620083 type: FILE visibility: PUBLIC
    __spark_libs__/ivy-2.5.1.jar -> resource { scheme: "hdfs" host: "node01" port: 8020 file: "/graduation/jars/spark-3.5.1/ivy-2.5.1.jar" } size: 1398591 timestamp: 1789198611708 type: FILE visibility: PUBLIC
    __spark_libs__/cats-kernel_2.12-2.1.1.jar -> resource { scheme: "hdfs" host: "node01" port: 8020 file: "/graduation/jars/spark-3.5.1/cats-kernel_2.12-2.1.1.jar" } size: 3340031 timestamp: 1789198605291 type: FILE visibility: PUBLIC
    __spark_libs__/breeze_2.12-2.1.0.jar -> resource { scheme: "hdfs" host: "node01" port: 8020 file: "/graduation/jars/spark-3.5.1/breeze_2.12-2.1.0.jar" } size: 13059596 timestamp: 1789198605091 type: FILE visibility: PUBLIC
    __spark_libs__/spark-sql-api_2.12-3.5.1.jar -> resource { scheme: "hdfs" host: "node01" port: 8020 file: "/graduation/jars/spark-3.5.1/spark-sql-api_2.12-3.5.1.jar" } size: 1772199 timestamp: 1789198624969 type: FILE visibility: PUBLIC
    __spark_libs__/jaxb-runtime-2.3.2.jar -> resource { scheme: "hdfs" host: "node01" port: 8020 file: "/graduation/jars/spark-3.5.1/jaxb-runtime-2.3.2.jar" } size: 1013367 timestamp: 1789198612819 type: FILE visibility: PUBLIC
    __spark_libs__/jackson-mapper-asl-1.9.13.jar -> resource { scheme: "hdfs" host: "node01" port: 8020 file: "/graduation/jars/spark-3.5.1/jackson-mapper-asl-1.9.13.jar" } size: 780664 timestamp: 1789198612386 type: FILE visibility: PUBLIC
    __spark_libs__/spark-yarn_2.12-3.5.1.jar -> resource { scheme: "hdfs" host: "node01" port: 8020 file: "/graduation/jars/spark-3.5.1/spark-yarn_2.12-3.5.1.jar" } size: 351778 timestamp: 1789198625296 type: FILE visibility: PUBLIC
    __spark_libs__/kubernetes-model-extensions-6.7.2.jar -> resource { scheme: "hdfs" host: "node01" port: 8020 file: "/graduation/jars/spark-3.5.1/kubernetes-model-extensions-6.7.2.jar" } size: 579727 timestamp: 1789198616831 type: FILE visibility: PUBLIC
    __spark_libs__/netty-transport-native-unix-common-4.1.96.Final.jar -> resource { scheme: "hdfs" host: "node01" port: 8020 file: "/graduation/jars/spark-3.5.1/netty-transport-native-unix-common-4.1.96.Final.jar" } size: 43897 timestamp: 1789198620586 type: FILE visibility: PUBLIC
    __spark_libs__/oro-2.0.8.jar -> resource { scheme: "hdfs" host: "node01" port: 8020 file: "/graduation/jars/spark-3.5.1/oro-2.0.8.jar" } size: 65261 timestamp: 1789198621761 type: FILE visibility: PUBLIC
    __spark_libs__/jackson-core-asl-1.9.13.jar -> resource { scheme: "hdfs" host: "node01" port: 8020 file: "/graduation/jars/spark-3.5.1/jackson-core-asl-1.9.13.jar" } size: 232248 timestamp: 1789198611814 type: FILE visibility: PUBLIC
    __spark_libs__/jakarta.xml.bind-api-2.3.2.jar -> resource { scheme: "hdfs" host: "node01" port: 8020 file: "/graduation/jars/spark-3.5.1/jakarta.xml.bind-api-2.3.2.jar" } size: 115498 timestamp: 1789198612569 type: FILE visibility: PUBLIC
    __spark_libs__/log4j-slf4j2-impl-2.20.0.jar -> resource { scheme: "hdfs" host: "node01" port: 8020 file: "/graduation/jars/spark-3.5.1/log4j-slf4j2-impl-2.20.0.jar" } size: 26430 timestamp: 1789198617993 type: FILE visibility: PUBLIC
    __spark_libs__/hive-shims-0.23-2.3.9.jar -> resource { scheme: "hdfs" host: "node01" port: 8020 file: "/graduation/jars/spark-3.5.1/hive-shims-0.23-2.3.9.jar" } size: 53902 timestamp: 1789198609676 type: FILE visibility: PUBLIC
    __spark_libs__/spark-network-common_2.12-3.5.1.jar -> resource { scheme: "hdfs" host: "node01" port: 8020 file: "/graduation/jars/spark-3.5.1/spark-network-common_2.12-3.5.1.jar" } size: 2422356 timestamp: 1789198624837 type: FILE visibility: PUBLIC
    __spark_libs__/kubernetes-model-core-6.7.2.jar -> resource { scheme: "hdfs" host: "node01" port: 8020 file: "/graduation/jars/spark-3.5.1/kubernetes-model-core-6.7.2.jar" } size: 4907714 timestamp: 1789198616692 type: FILE visibility: PUBLIC
    __spark_libs__/jta-1.1.jar -> resource { scheme: "hdfs" host: "node01" port: 8020 file: "/graduation/jars/spark-3.5.1/jta-1.1.jar" } size: 15071 timestamp: 1789198615584 type: FILE visibility: PUBLIC
    __spark_libs__/datanucleus-api-jdo-4.2.4.jar -> resource { scheme: "hdfs" host: "node01" port: 8020 file: "/graduation/jars/spark-3.5.1/datanucleus-api-jdo-4.2.4.jar" } size: 366748 timestamp: 1789198607236 type: FILE visibility: PUBLIC
    __spark_libs__/jline-2.14.6.jar -> resource { scheme: "hdfs" host: "node01" port: 8020 file: "/graduation/jars/spark-3.5.1/jline-2.14.6.jar" } size: 268780 timestamp: 1789198614013 type: FILE visibility: PUBLIC
    __spark_libs__/gson-2.2.4.jar -> resource { scheme: "hdfs" host: "node01" port: 8020 file: "/graduation/jars/spark-3.5.1/gson-2.2.4.jar" } size: 190432 timestamp: 1789198607804 type: FILE visibility: PUBLIC
    __spark_libs__/parquet-jackson-1.13.1.jar -> resource { scheme: "hdfs" host: "node01" port: 8020 file: "/graduation/jars/spark-3.5.1/parquet-jackson-1.13.1.jar" } size: 2017388 timestamp: 1789198622131 type: FILE visibility: PUBLIC
    __spark_libs__/kubernetes-model-apps-6.7.2.jar -> resource { scheme: "hdfs" host: "node01" port: 8020 file: "/graduation/jars/spark-3.5.1/kubernetes-model-apps-6.7.2.jar" } size: 530799 timestamp: 1789198616448 type: FILE visibility: PUBLIC
    __spark_libs__/jpam-1.1.jar -> resource { scheme: "hdfs" host: "node01" port: 8020 file: "/graduation/jars/spark-3.5.1/jpam-1.1.jar" } size: 12131 timestamp: 1789198614532 type: FILE visibility: PUBLIC
    __spark_libs__/hadoop-shaded-guava-1.1.1.jar -> resource { scheme: "hdfs" host: "node01" port: 8020 file: "/graduation/jars/spark-3.5.1/hadoop-shaded-guava-1.1.1.jar" } size: 3362359 timestamp: 1789198608541 type: FILE visibility: PUBLIC
    __spark_libs__/spire-macros_2.12-0.17.0.jar -> resource { scheme: "hdfs" host: "node01" port: 8020 file: "/graduation/jars/spark-3.5.1/spire-macros_2.12-0.17.0.jar" } size: 114698 timestamp: 1789198625314 type: FILE visibility: PUBLIC
    __spark_libs__/netty-transport-native-kqueue-4.1.96.Final-osx-aarch_64.jar -> resource { scheme: "hdfs" host: "node01" port: 8020 file: "/graduation/jars/spark-3.5.1/netty-transport-native-kqueue-4.1.96.Final-osx-aarch_64.jar" } size: 25400 timestamp: 1789198620535 type: FILE visibility: PUBLIC
    __spark_libs__/snakeyaml-engine-2.6.jar -> resource { scheme: "hdfs" host: "node01" port: 8020 file: "/graduation/jars/spark-3.5.1/snakeyaml-engine-2.6.jar" } size: 292124 timestamp: 1789198623891 type: FILE visibility: PUBLIC
    __spark_libs__/commons-logging-1.1.3.jar -> resource { scheme: "hdfs" host: "node01" port: 8020 file: "/graduation/jars/spark-3.5.1/commons-logging-1.1.3.jar" } size: 62050 timestamp: 1789198606036 type: FILE visibility: PUBLIC
    __spark_libs__/datasketches-memory-2.1.0.jar -> resource { scheme: "hdfs" host: "node01" port: 8020 file: "/graduation/jars/spark-3.5.1/datasketches-memory-2.1.0.jar" } size: 129774 timestamp: 1789198607573 type: FILE visibility: PUBLIC
    __spark_libs__/minlog-1.3.0.jar -> resource { scheme: "hdfs" host: "node01" port: 8020 file: "/graduation/jars/spark-3.5.1/minlog-1.3.0.jar" } size: 5711 timestamp: 1789198619146 type: FILE visibility: PUBLIC
    __spark_libs__/kubernetes-client-6.7.2.jar -> resource { scheme: "hdfs" host: "node01" port: 8020 file: "/graduation/jars/spark-3.5.1/kubernetes-client-6.7.2.jar" } size: 392179 timestamp: 1789198615758 type: FILE visibility: PUBLIC
    __spark_libs__/okhttp-3.12.12.jar -> resource { scheme: "hdfs" host: "node01" port: 8020 file: "/graduation/jars/spark-3.5.1/okhttp-3.12.12.jar" } size: 427674 timestamp: 1789198621085 type: FILE visibility: PUBLIC
    __spark_libs__/metrics-core-4.2.19.jar -> resource { scheme: "hdfs" host: "node01" port: 8020 file: "/graduation/jars/spark-3.5.1/metrics-core-4.2.19.jar" } size: 129647 timestamp: 1789198618225 type: FILE visibility: PUBLIC
    __spark_libs__/spark-sql_2.12-3.5.1.jar -> resource { scheme: "hdfs" host: "node01" port: 8020 file: "/graduation/jars/spark-3.5.1/spark-sql_2.12-3.5.1.jar" } size: 9644368 timestamp: 1789198625140 type: FILE visibility: PUBLIC
    __spark_libs__/hive-service-rpc-3.1.3.jar -> resource { scheme: "hdfs" host: "node01" port: 8020 file: "/graduation/jars/spark-3.5.1/hive-service-rpc-3.1.3.jar" } size: 1679366 timestamp: 1789198609645 type: FILE visibility: PUBLIC
    __spark_libs__/spark-hive-thriftserver_2.12-3.5.1.jar -> resource { scheme: "hdfs" host: "node01" port: 8020 file: "/graduation/jars/spark-3.5.1/spark-hive-thriftserver_2.12-3.5.1.jar" } size: 571369 timestamp: 1789198624439 type: FILE visibility: PUBLIC
    __spark_libs__/jersey-common-2.40.jar -> resource { scheme: "hdfs" host: "node01" port: 8020 file: "/graduation/jars/spark-3.5.1/jersey-common-2.40.jar" } size: 1230119 timestamp: 1789198613377 type: FILE visibility: PUBLIC
    __spark_libs__/datasketches-java-3.3.0.jar -> resource { scheme: "hdfs" host: "node01" port: 8020 file: "/graduation/jars/spark-3.5.1/datasketches-java-3.3.0.jar" } size: 832024 timestamp: 1789198607528 type: FILE visibility: PUBLIC
    __spark_libs__/metrics-graphite-4.2.19.jar -> resource { scheme: "hdfs" host: "node01" port: 8020 file: "/graduation/jars/spark-3.5.1/metrics-graphite-4.2.19.jar" } size: 23890 timestamp: 1789198618246 type: FILE visibility: PUBLIC
    __spark_libs__/hadoop-client-api-3.3.4.jar -> resource { scheme: "hdfs" host: "node01" port: 8020 file: "/graduation/jars/spark-3.5.1/hadoop-client-api-3.3.4.jar" } size: 19458635 timestamp: 1789198608158 type: FILE visibility: PUBLIC
    __spark_libs__/arrow-memory-netty-12.0.1.jar -> resource { scheme: "hdfs" host: "node01" port: 8020 file: "/graduation/jars/spark-3.5.1/arrow-memory-netty-12.0.1.jar" } size: 39487 timestamp: 1789198604230 type: FILE visibility: PUBLIC
    __spark_libs__/hive-common-2.3.9.jar -> resource { scheme: "hdfs" host: "node01" port: 8020 file: "/graduation/jars/spark-3.5.1/hive-common-2.3.9.jar" } size: 436169 timestamp: 1789198609105 type: FILE visibility: PUBLIC
    __spark_libs__/bonecp-0.8.0.RELEASE.jar -> resource { scheme: "hdfs" host: "node01" port: 8020 file: "/graduation/jars/spark-3.5.1/bonecp-0.8.0.RELEASE.jar" } size: 110600 timestamp: 1789198604815 type: FILE visibility: PUBLIC
    __spark_libs__/scala-parser-combinators_2.12-2.3.0.jar -> resource { scheme: "hdfs" host: "node01" port: 8020 file: "/graduation/jars/spark-3.5.1/scala-parser-combinators_2.12-2.3.0.jar" } size: 186777 timestamp: 1789198623640 type: FILE visibility: PUBLIC
    __spark_libs__/annotations-17.0.0.jar -> resource { scheme: "hdfs" host: "node01" port: 8020 file: "/graduation/jars/spark-3.5.1/annotations-17.0.0.jar" } size: 19014 timestamp: 1789198603907 type: FILE visibility: PUBLIC
    __spark_libs__/avro-ipc-1.11.2.jar -> resource { scheme: "hdfs" host: "node01" port: 8020 file: "/graduation/jars/spark-3.5.1/avro-ipc-1.11.2.jar" } size: 185432 timestamp: 1789198604695 type: FILE visibility: PUBLIC
    __spark_libs__/hive-llap-common-2.3.9.jar -> resource { scheme: "hdfs" host: "node01" port: 8020 file: "/graduation/jars/spark-3.5.1/hive-llap-common-2.3.9.jar" } size: 326585 timestamp: 1789198609356 type: FILE visibility: PUBLIC
    __spark_libs__/hive-serde-2.3.9.jar -> resource { scheme: "hdfs" host: "node01" port: 8020 file: "/graduation/jars/spark-3.5.1/hive-serde-2.3.9.jar" } size: 916630 timestamp: 1789198609567 type: FILE visibility: PUBLIC
    __spark_libs__/tink-1.9.0.jar -> resource { scheme: "hdfs" host: "node01" port: 8020 file: "/graduation/jars/spark-3.5.1/tink-1.9.0.jar" } size: 2168533 timestamp: 1789198625672 type: FILE visibility: PUBLIC
    __spark_libs__/osgi-resource-locator-1.0.3.jar -> resource { scheme: "hdfs" host: "node01" port: 8020 file: "/graduation/jars/spark-3.5.1/osgi-resource-locator-1.0.3.jar" } size: 19479 timestamp: 1789198621787 type: FILE visibility: PUBLIC
    __spark_libs__/kubernetes-model-discovery-6.7.2.jar -> resource { scheme: "hdfs" host: "node01" port: 8020 file: "/graduation/jars/spark-3.5.1/kubernetes-model-discovery-6.7.2.jar" } size: 191677 timestamp: 1789198616732 type: FILE visibility: PUBLIC
    __spark_libs__/JLargeArrays-1.5.jar -> resource { scheme: "hdfs" host: "node01" port: 8020 file: "/graduation/jars/spark-3.5.1/JLargeArrays-1.5.jar" } size: 232470 timestamp: 1789198613969 type: FILE visibility: PUBLIC
    __spark_libs__/spark-streaming_2.12-3.5.1.jar -> resource { scheme: "hdfs" host: "node01" port: 8020 file: "/graduation/jars/spark-3.5.1/spark-streaming_2.12-3.5.1.jar" } size: 1133653 timestamp: 1789198625194 type: FILE visibility: PUBLIC
    __spark_libs__/chill_2.12-0.10.0.jar -> resource { scheme: "hdfs" host: "node01" port: 8020 file: "/graduation/jars/spark-3.5.1/chill_2.12-0.10.0.jar" } size: 212374 timestamp: 1789198605491 type: FILE visibility: PUBLIC
    __spark_libs__/spark-tags_2.12-3.5.1.jar -> resource { scheme: "hdfs" host: "node01" port: 8020 file: "/graduation/jars/spark-3.5.1/spark-tags_2.12-3.5.1.jar" } size: 15160 timestamp: 1789198625224 type: FILE visibility: PUBLIC
    __spark_libs__/jackson-databind-2.15.2.jar -> resource { scheme: "hdfs" host: "node01" port: 8020 file: "/graduation/jars/spark-3.5.1/jackson-databind-2.15.2.jar" } size: 1620088 timestamp: 1789198611888 type: FILE visibility: PUBLIC
    __spark_libs__/derby-10.14.2.0.jar -> resource { scheme: "hdfs" host: "node01" port: 8020 file: "/graduation/jars/spark-3.5.1/derby-10.14.2.0.jar" } size: 3232770 timestamp: 1789198607696 type: FILE visibility: PUBLIC
    __spark_libs__/javassist-3.29.2-GA.jar -> resource { scheme: "hdfs" host: "node01" port: 8020 file: "/graduation/jars/spark-3.5.1/javassist-3.29.2-GA.jar" } size: 794137 timestamp: 1789198612664 type: FILE visibility: PUBLIC
    __spark_libs__/transaction-api-1.1.jar -> resource { scheme: "hdfs" host: "node01" port: 8020 file: "/graduation/jars/spark-3.5.1/transaction-api-1.1.jar" } size: 15071 timestamp: 1789198625699 type: FILE visibility: PUBLIC
    __app__.jar -> resource { scheme: "hdfs" host: "node01" port: 8020 file: "/graduation/staging/root/.sparkStaging/application_1789195359269_0004/cluster-probe.jar" } size: 3454 timestamp: 1789198879638 type: FILE visibility: PRIVATE
    __spark_libs__/httpcore-4.4.16.jar -> resource { scheme: "hdfs" host: "node01" port: 8020 file: "/graduation/jars/spark-3.5.1/httpcore-4.4.16.jar" } size: 327891 timestamp: 1789198611640 type: FILE visibility: PUBLIC
    __spark_libs__/hk2-locator-2.6.1.jar -> resource { scheme: "hdfs" host: "node01" port: 8020 file: "/graduation/jars/spark-3.5.1/hk2-locator-2.6.1.jar" } size: 203358 timestamp: 1789198610687 type: FILE visibility: PUBLIC
    __spark_libs__/lapack-3.0.3.jar -> resource { scheme: "hdfs" host: "node01" port: 8020 file: "/graduation/jars/spark-3.5.1/lapack-3.0.3.jar" } size: 867679 timestamp: 1789198617677 type: FILE visibility: PUBLIC
    __spark_libs__/javax.jdo-3.2.0-m3.jar -> resource { scheme: "hdfs" host: "node01" port: 8020 file: "/graduation/jars/spark-3.5.1/javax.jdo-3.2.0-m3.jar" } size: 249790 timestamp: 1789198612723 type: FILE visibility: PUBLIC
    __spark_libs__/okio-1.15.0.jar -> resource { scheme: "hdfs" host: "node01" port: 8020 file: "/graduation/jars/spark-3.5.1/okio-1.15.0.jar" } size: 88732 timestamp: 1789198621515 type: FILE visibility: PUBLIC
    __spark_libs__/netty-transport-4.1.96.Final.jar -> resource { scheme: "hdfs" host: "node01" port: 8020 file: "/graduation/jars/spark-3.5.1/netty-transport-4.1.96.Final.jar" } size: 489581 timestamp: 1789198619583 type: FILE visibility: PUBLIC
    __spark_libs__/commons-codec-1.16.0.jar -> resource { scheme: "hdfs" host: "node01" port: 8020 file: "/graduation/jars/spark-3.5.1/commons-codec-1.16.0.jar" } size: 360738 timestamp: 1789198605592 type: FILE visibility: PUBLIC
    __spark_libs__/netty-common-4.1.96.Final.jar -> resource { scheme: "hdfs" host: "node01" port: 8020 file: "/graduation/jars/spark-3.5.1/netty-common-4.1.96.Final.jar" } size: 659926 timestamp: 1789198619442 type: FILE visibility: PUBLIC
    __spark_libs__/commons-pool-1.5.4.jar -> resource { scheme: "hdfs" host: "node01" port: 8020 file: "/graduation/jars/spark-3.5.1/commons-pool-1.5.4.jar" } size: 96221 timestamp: 1789198606154 type: FILE visibility: PUBLIC
    __spark_libs__/logging-interceptor-3.12.12.jar -> resource { scheme: "hdfs" host: "node01" port: 8020 file: "/graduation/jars/spark-3.5.1/logging-interceptor-3.12.12.jar" } size: 12483 timestamp: 1789198618014 type: FILE visibility: PUBLIC
    __spark_libs__/json4s-scalap_2.12-3.7.0-M11.jar -> resource { scheme: "hdfs" host: "node01" port: 8020 file: "/graduation/jars/spark-3.5.1/json4s-scalap_2.12-3.7.0-M11.jar" } size: 348265 timestamp: 1789198615116 type: FILE visibility: PUBLIC
    __spark_libs__/httpclient-4.5.14.jar -> resource { scheme: "hdfs" host: "node01" port: 8020 file: "/graduation/jars/spark-3.5.1/httpclient-4.5.14.jar" } size: 785639 timestamp: 1789198611611 type: FILE visibility: PUBLIC
    __spark_libs__/arrow-vector-12.0.1.jar -> resource { scheme: "hdfs" host: "node01" port: 8020 file: "/graduation/jars/spark-3.5.1/arrow-vector-12.0.1.jar" } size: 1878304 timestamp: 1789198604358 type: FILE visibility: PUBLIC
    __spark_conf__ -> resource { scheme: "hdfs" host: "node01" port: 8020 file: "/graduation/staging/root/.sparkStaging/application_1789195359269_0004/__spark_conf__.zip" } size: 196758 timestamp: 1789198879807 type: ARCHIVE visibility: PRIVATE
    __spark_libs__/compress-lzf-1.1.2.jar -> resource { scheme: "hdfs" host: "node01" port: 8020 file: "/graduation/jars/spark-3.5.1/compress-lzf-1.1.2.jar" } size: 81831 timestamp: 1789198606630 type: FILE visibility: PUBLIC
    __spark_libs__/avro-1.11.2.jar -> resource { scheme: "hdfs" host: "node01" port: 8020 file: "/graduation/jars/spark-3.5.1/avro-1.11.2.jar" } size: 612317 timestamp: 1789198604576 type: FILE visibility: PUBLIC
    __spark_libs__/jakarta.servlet-api-4.0.3.jar -> resource { scheme: "hdfs" host: "node01" port: 8020 file: "/graduation/jars/spark-3.5.1/jakarta.servlet-api-4.0.3.jar" } size: 82872 timestamp: 1789198612491 type: FILE visibility: PUBLIC
    __spark_libs__/spark-graphx_2.12-3.5.1.jar -> resource { scheme: "hdfs" host: "node01" port: 8020 file: "/graduation/jars/spark-3.5.1/spark-graphx_2.12-3.5.1.jar" } size: 432651 timestamp: 1789198624404 type: FILE visibility: PUBLIC
    __spark_libs__/activation-1.1.1.jar -> resource { scheme: "hdfs" host: "node01" port: 8020 file: "/graduation/jars/spark-3.5.1/activation-1.1.1.jar" } size: 69409 timestamp: 1789198603747 type: FILE visibility: PUBLIC
    __spark_libs__/log4j-1.2-api-2.20.0.jar -> resource { scheme: "hdfs" host: "node01" port: 8020 file: "/graduation/jars/spark-3.5.1/log4j-1.2-api-2.20.0.jar" } size: 344375 timestamp: 1789198617864 type: FILE visibility: PUBLIC
    __spark_libs__/arpack-3.0.3.jar -> resource { scheme: "hdfs" host: "node01" port: 8020 file: "/graduation/jars/spark-3.5.1/arpack-3.0.3.jar" } size: 76500 timestamp: 1789198604058 type: FILE visibility: PUBLIC
    __spark_libs__/curator-client-2.13.0.jar -> resource { scheme: "hdfs" host: "node01" port: 8020 file: "/graduation/jars/spark-3.5.1/curator-client-2.13.0.jar" } size: 2423157 timestamp: 1789198606722 type: FILE visibility: PUBLIC
    __spark_libs__/scala-reflect-2.12.18.jar -> resource { scheme: "hdfs" host: "node01" port: 8020 file: "/graduation/jars/spark-3.5.1/scala-reflect-2.12.18.jar" } size: 3670535 timestamp: 1789198623740 type: FILE visibility: PUBLIC
    __spark_libs__/spark-mesos_2.12-3.5.1.jar -> resource { scheme: "hdfs" host: "node01" port: 8020 file: "/graduation/jars/spark-3.5.1/spark-mesos_2.12-3.5.1.jar" } size: 297253 timestamp: 1789198624622 type: FILE visibility: PUBLIC
    __spark_libs__/kubernetes-model-autoscaling-6.7.2.jar -> resource { scheme: "hdfs" host: "node01" port: 8020 file: "/graduation/jars/spark-3.5.1/kubernetes-model-autoscaling-6.7.2.jar" } size: 953001 timestamp: 1789198616481 type: FILE visibility: PUBLIC
    __spark_libs__/commons-cli-1.5.0.jar -> resource { scheme: "hdfs" host: "node01" port: 8020 file: "/graduation/jars/spark-3.5.1/commons-cli-1.5.0.jar" } size: 58284 timestamp: 1789198605560 type: FILE visibility: PUBLIC
    __spark_libs__/jodd-core-3.5.2.jar -> resource { scheme: "hdfs" host: "node01" port: 8020 file: "/graduation/jars/spark-3.5.1/jodd-core-3.5.2.jar" } size: 427780 timestamp: 1789198614089 type: FILE visibility: PUBLIC
    __spark_libs__/commons-text-1.10.0.jar -> resource { scheme: "hdfs" host: "node01" port: 8020 file: "/graduation/jars/spark-3.5.1/commons-text-1.10.0.jar" } size: 238400 timestamp: 1789198606186 type: FILE visibility: PUBLIC
    __spark_libs__/log4j-api-2.20.0.jar -> resource { scheme: "hdfs" host: "node01" port: 8020 file: "/graduation/jars/spark-3.5.1/log4j-api-2.20.0.jar" } size: 313296 timestamp: 1789198617896 type: FILE visibility: PUBLIC
    __spark_libs__/netty-transport-native-kqueue-4.1.96.Final-osx-x86_64.jar -> resource { scheme: "hdfs" host: "node01" port: 8020 file: "/graduation/jars/spark-3.5.1/netty-transport-native-kqueue-4.1.96.Final-osx-x86_64.jar" } size: 24665 timestamp: 1789198620561 type: FILE visibility: PUBLIC
    __spark_libs__/jdo-api-3.0.1.jar -> resource { scheme: "hdfs" host: "node01" port: 8020 file: "/graduation/jars/spark-3.5.1/jdo-api-3.0.1.jar" } size: 201124 timestamp: 1789198613279 type: FILE visibility: PUBLIC
    __spark_libs__/log4j-core-2.20.0.jar -> resource { scheme: "hdfs" host: "node01" port: 8020 file: "/graduation/jars/spark-3.5.1/log4j-core-2.20.0.jar" } size: 1847550 timestamp: 1789198617949 type: FILE visibility: PUBLIC
    __spark_libs__/netty-codec-http2-4.1.96.Final.jar -> resource { scheme: "hdfs" host: "node01" port: 8020 file: "/graduation/jars/spark-3.5.1/netty-codec-http2-4.1.96.Final.jar" } size: 483284 timestamp: 1789198619351 type: FILE visibility: PUBLIC
    __spark_libs__/joda-time-2.12.5.jar -> resource { scheme: "hdfs" host: "node01" port: 8020 file: "/graduation/jars/spark-3.5.1/joda-time-2.12.5.jar" } size: 637993 timestamp: 1789198614051 type: FILE visibility: PUBLIC
    __spark_libs__/scala-library-2.12.18.jar -> resource { scheme: "hdfs" host: "node01" port: 8020 file: "/graduation/jars/spark-3.5.1/scala-library-2.12.18.jar" } size: 5433857 timestamp: 1789198623599 type: FILE visibility: PUBLIC
    __spark_libs__/py4j-0.10.9.7.jar -> resource { scheme: "hdfs" host: "node01" port: 8020 file: "/graduation/jars/spark-3.5.1/py4j-0.10.9.7.jar" } size: 124506 timestamp: 1789198622178 type: FILE visibility: PUBLIC
    __spark_libs__/spark-repl_2.12-3.5.1.jar -> resource { scheme: "hdfs" host: "node01" port: 8020 file: "/graduation/jars/spark-3.5.1/spark-repl_2.12-3.5.1.jar" } size: 38711 timestamp: 1789198624907 type: FILE visibility: PUBLIC
    __spark_libs__/spire_2.12-0.17.0.jar -> resource { scheme: "hdfs" host: "node01" port: 8020 file: "/graduation/jars/spark-3.5.1/spire_2.12-0.17.0.jar" } size: 7243903 timestamp: 1789198625439 type: FILE visibility: PUBLIC
    __spark_libs__/json4s-jackson_2.12-3.7.0-M11.jar -> resource { scheme: "hdfs" host: "node01" port: 8020 file: "/graduation/jars/spark-3.5.1/json4s-jackson_2.12-3.7.0-M11.jar" } size: 37065 timestamp: 1789198615068 type: FILE visibility: PUBLIC
    __spark_libs__/istack-commons-runtime-3.0.8.jar -> resource { scheme: "hdfs" host: "node01" port: 8020 file: "/graduation/jars/spark-3.5.1/istack-commons-runtime-3.0.8.jar" } size: 27156 timestamp: 1789198611664 type: FILE visibility: PUBLIC
    __spark_libs__/mesos-1.4.3-shaded-protobuf.jar -> resource { scheme: "hdfs" host: "node01" port: 8020 file: "/graduation/jars/spark-3.5.1/mesos-1.4.3-shaded-protobuf.jar" } size: 7345382 timestamp: 1789198618178 type: FILE visibility: PUBLIC
    __spark_libs__/arrow-memory-core-12.0.1.jar -> resource { scheme: "hdfs" host: "node01" port: 8020 file: "/graduation/jars/spark-3.5.1/arrow-memory-core-12.0.1.jar" } size: 111010 timestamp: 1789198604193 type: FILE visibility: PUBLIC
    __spark_libs__/jakarta.ws.rs-api-2.1.6.jar -> resource { scheme: "hdfs" host: "node01" port: 8020 file: "/graduation/jars/spark-3.5.1/jakarta.ws.rs-api-2.1.6.jar" } size: 140376 timestamp: 1789198612546 type: FILE visibility: PUBLIC
    __spark_libs__/commons-compress-1.23.0.jar -> resource { scheme: "hdfs" host: "node01" port: 8020 file: "/graduation/jars/spark-3.5.1/commons-compress-1.23.0.jar" } size: 1062555 timestamp: 1789198605798 type: FILE visibility: PUBLIC
    __spark_libs__/kubernetes-model-policy-6.7.2.jar -> resource { scheme: "hdfs" host: "node01" port: 8020 file: "/graduation/jars/spark-3.5.1/kubernetes-model-policy-6.7.2.jar" } size: 341926 timestamp: 1789198617099 type: FILE visibility: PUBLIC
    __spark_libs__/spark-mllib-local_2.12-3.5.1.jar -> resource { scheme: "hdfs" host: "node01" port: 8020 file: "/graduation/jars/spark-3.5.1/spark-mllib-local_2.12-3.5.1.jar" } size: 117002 timestamp: 1789198624651 type: FILE visibility: PUBLIC
    __spark_libs__/spark-kubernetes_2.12-3.5.1.jar -> resource { scheme: "hdfs" host: "node01" port: 8020 file: "/graduation/jars/spark-3.5.1/spark-kubernetes_2.12-3.5.1.jar" } size: 541587 timestamp: 1789198624534 type: FILE visibility: PUBLIC
    __spark_libs__/snakeyaml-2.0.jar -> resource { scheme: "hdfs" host: "node01" port: 8020 file: "/graduation/jars/spark-3.5.1/snakeyaml-2.0.jar" } size: 334803 timestamp: 1789198623859 type: FILE visibility: PUBLIC
    __spark_libs__/antlr4-runtime-4.9.3.jar -> resource { scheme: "hdfs" host: "node01" port: 8020 file: "/graduation/jars/spark-3.5.1/antlr4-runtime-4.9.3.jar" } size: 336742 timestamp: 1789198603985 type: FILE visibility: PUBLIC
    __spark_libs__/orc-shims-1.9.2.jar -> resource { scheme: "hdfs" host: "node01" port: 8020 file: "/graduation/jars/spark-3.5.1/orc-shims-1.9.2.jar" } size: 28997 timestamp: 1789198621740 type: FILE visibility: PUBLIC
    __spark_libs__/kubernetes-model-admissionregistration-6.7.2.jar -> resource { scheme: "hdfs" host: "node01" port: 8020 file: "/graduation/jars/spark-3.5.1/kubernetes-model-admissionregistration-6.7.2.jar" } size: 961299 timestamp: 1789198615923 type: FILE visibility: PUBLIC
    __spark_libs__/kubernetes-model-storageclass-6.7.2.jar -> resource { scheme: "hdfs" host: "node01" port: 8020 file: "/graduation/jars/spark-3.5.1/kubernetes-model-storageclass-6.7.2.jar" } size: 395537 timestamp: 1789198617624 type: FILE visibility: PUBLIC
    __spark_libs__/kubernetes-model-metrics-6.7.2.jar -> resource { scheme: "hdfs" host: "node01" port: 8020 file: "/graduation/jars/spark-3.5.1/kubernetes-model-metrics-6.7.2.jar" } size: 77939 timestamp: 1789198616975 type: FILE visibility: PUBLIC
    __spark_libs__/arpack_combined_all-0.1.jar -> resource { scheme: "hdfs" host: "node01" port: 8020 file: "/graduation/jars/spark-3.5.1/arpack_combined_all-0.1.jar" } size: 1194003 timestamp: 1789198604128 type: FILE visibility: PUBLIC
    __spark_libs__/commons-collections-3.2.2.jar -> resource { scheme: "hdfs" host: "node01" port: 8020 file: "/graduation/jars/spark-3.5.1/commons-collections-3.2.2.jar" } size: 588337 timestamp: 1789198605643 type: FILE visibility: PUBLIC
    __spark_libs__/spark-launcher_2.12-3.5.1.jar -> resource { scheme: "hdfs" host: "node01" port: 8020 file: "/graduation/jars/spark-3.5.1/spark-launcher_2.12-3.5.1.jar" } size: 78441 timestamp: 1789198624574 type: FILE visibility: PUBLIC
    __spark_libs__/parquet-format-structures-1.13.1.jar -> resource { scheme: "hdfs" host: "node01" port: 8020 file: "/graduation/jars/spark-3.5.1/parquet-format-structures-1.13.1.jar" } size: 726071 timestamp: 1789198621998 type: FILE visibility: PUBLIC
    __spark_libs__/netty-transport-classes-kqueue-4.1.96.Final.jar -> resource { scheme: "hdfs" host: "node01" port: 8020 file: "/graduation/jars/spark-3.5.1/netty-transport-classes-kqueue-4.1.96.Final.jar" } size: 108433 timestamp: 1789198619646 type: FILE visibility: PUBLIC
    __spark_libs__/kubernetes-client-api-6.7.2.jar -> resource { scheme: "hdfs" host: "node01" port: 8020 file: "/graduation/jars/spark-3.5.1/kubernetes-client-api-6.7.2.jar" } size: 486414 timestamp: 1789198615811 type: FILE visibility: PUBLIC
    __spark_libs__/curator-framework-2.13.0.jar -> resource { scheme: "hdfs" host: "node01" port: 8020 file: "/graduation/jars/spark-3.5.1/curator-framework-2.13.0.jar" } size: 201965 timestamp: 1789198606755 type: FILE visibility: PUBLIC
    __spark_libs__/lz4-java-1.8.0.jar -> resource { scheme: "hdfs" host: "node01" port: 8020 file: "/graduation/jars/spark-3.5.1/lz4-java-1.8.0.jar" } size: 682804 timestamp: 1789198618068 type: FILE visibility: PUBLIC
    __spark_libs__/datanucleus-rdbms-4.1.19.jar -> resource { scheme: "hdfs" host: "node01" port: 8020 file: "/graduation/jars/spark-3.5.1/datanucleus-rdbms-4.1.19.jar" } size: 1908681 timestamp: 1789198607470 type: FILE visibility: PUBLIC
    __spark_libs__/zookeeper-jute-3.6.3.jar -> resource { scheme: "hdfs" host: "node01" port: 8020 file: "/graduation/jars/spark-3.5.1/zookeeper-jute-3.6.3.jar" } size: 250399 timestamp: 1789198626755 type: FILE visibility: PUBLIC
    __spark_libs__/threeten-extra-1.7.1.jar -> resource { scheme: "hdfs" host: "node01" port: 8020 file: "/graduation/jars/spark-3.5.1/threeten-extra-1.7.1.jar" } size: 256667 timestamp: 1789198625599 type: FILE visibility: PUBLIC
    __spark_libs__/jakarta.annotation-api-1.3.5.jar -> resource { scheme: "hdfs" host: "node01" port: 8020 file: "/graduation/jars/spark-3.5.1/jakarta.annotation-api-1.3.5.jar" } size: 25058 timestamp: 1789198612449 type: FILE visibility: PUBLIC
    __spark_libs__/jackson-annotations-2.15.2.jar -> resource { scheme: "hdfs" host: "node01" port: 8020 file: "/graduation/jars/spark-3.5.1/jackson-annotations-2.15.2.jar" } size: 75567 timestamp: 1789198611746 type: FILE visibility: PUBLIC
    __spark_libs__/hive-storage-api-2.8.1.jar -> resource { scheme: "hdfs" host: "node01" port: 8020 file: "/graduation/jars/spark-3.5.1/hive-storage-api-2.8.1.jar" } size: 258346 timestamp: 1789198610611 type: FILE visibility: PUBLIC
    __spark_libs__/kubernetes-model-rbac-6.7.2.jar -> resource { scheme: "hdfs" host: "node01" port: 8020 file: "/graduation/jars/spark-3.5.1/kubernetes-model-rbac-6.7.2.jar" } size: 174487 timestamp: 1789198617134 type: FILE visibility: PUBLIC
    __spark_libs__/antlr-runtime-3.5.2.jar -> resource { scheme: "hdfs" host: "node01" port: 8020 file: "/graduation/jars/spark-3.5.1/antlr-runtime-3.5.2.jar" } size: 167761 timestamp: 1789198603938 type: FILE visibility: PUBLIC
    __spark_libs__/kubernetes-model-node-6.7.2.jar -> resource { scheme: "hdfs" host: "node01" port: 8020 file: "/graduation/jars/spark-3.5.1/kubernetes-model-node-6.7.2.jar" } size: 159174 timestamp: 1789198617045 type: FILE visibility: PUBLIC
    __spark_libs__/hive-beeline-2.3.9.jar -> resource { scheme: "hdfs" host: "node01" port: 8020 file: "/graduation/jars/spark-3.5.1/hive-beeline-2.3.9.jar" } size: 183633 timestamp: 1789198609041 type: FILE visibility: PUBLIC
    __spark_libs__/commons-dbcp-1.4.jar -> resource { scheme: "hdfs" host: "node01" port: 8020 file: "/graduation/jars/spark-3.5.1/commons-dbcp-1.4.jar" } size: 160519 timestamp: 1789198605854 type: FILE visibility: PUBLIC
    __spark_libs__/netty-codec-4.1.96.Final.jar -> resource { scheme: "hdfs" host: "node01" port: 8020 file: "/graduation/jars/spark-3.5.1/netty-codec-4.1.96.Final.jar" } size: 344788 timestamp: 1789198619275 type: FILE visibility: PUBLIC
    __spark_libs__/HikariCP-2.5.1.jar -> resource { scheme: "hdfs" host: "node01" port: 8020 file: "/graduation/jars/spark-3.5.1/HikariCP-2.5.1.jar" } size: 136363 timestamp: 1789198608613 type: FILE visibility: PUBLIC
    __spark_libs__/slf4j-api-2.0.7.jar -> resource { scheme: "hdfs" host: "node01" port: 8020 file: "/graduation/jars/spark-3.5.1/slf4j-api-2.0.7.jar" } size: 63635 timestamp: 1789198623839 type: FILE visibility: PUBLIC
    __spark_libs__/libthrift-0.12.0.jar -> resource { scheme: "hdfs" host: "node01" port: 8020 file: "/graduation/jars/spark-3.5.1/libthrift-0.12.0.jar" } size: 246445 timestamp: 1789198617824 type: FILE visibility: PUBLIC
    __spark_libs__/hive-shims-common-2.3.9.jar -> resource { scheme: "hdfs" host: "node01" port: 8020 file: "/graduation/jars/spark-3.5.1/hive-shims-common-2.3.9.jar" } size: 120293 timestamp: 1789198610128 type: FILE visibility: PUBLIC
    __spark_libs__/snappy-java-1.1.10.3.jar -> resource { scheme: "hdfs" host: "node01" port: 8020 file: "/graduation/jars/spark-3.5.1/snappy-java-1.1.10.3.jar" } size: 2058806 timestamp: 1789198623986 type: FILE visibility: PUBLIC
    __spark_libs__/spark-mllib_2.12-3.5.1.jar -> resource { scheme: "hdfs" host: "node01" port: 8020 file: "/graduation/jars/spark-3.5.1/spark-mllib_2.12-3.5.1.jar" } size: 6143759 timestamp: 1789198624751 type: FILE visibility: PUBLIC
    __spark_libs__/parquet-common-1.13.1.jar -> resource { scheme: "hdfs" host: "node01" port: 8020 file: "/graduation/jars/spark-3.5.1/parquet-common-1.13.1.jar" } size: 97009 timestamp: 1789198621901 type: FILE visibility: PUBLIC
    __spark_libs__/netty-buffer-4.1.96.Final.jar -> resource { scheme: "hdfs" host: "node01" port: 8020 file: "/graduation/jars/spark-3.5.1/netty-buffer-4.1.96.Final.jar" } size: 306489 timestamp: 1789198619218 type: FILE visibility: PUBLIC
    __spark_libs__/janino-3.1.9.jar -> resource { scheme: "hdfs" host: "node01" port: 8020 file: "/graduation/jars/spark-3.5.1/janino-3.1.9.jar" } size: 958840 timestamp: 1789198612603 type: FILE visibility: PUBLIC
    __spark_libs__/univocity-parsers-2.9.1.jar -> resource { scheme: "hdfs" host: "node01" port: 8020 file: "/graduation/jars/spark-3.5.1/univocity-parsers-2.9.1.jar" } size: 447005 timestamp: 1789198626151 type: FILE visibility: PUBLIC
    __spark_libs__/zjsonpatch-0.3.0.jar -> resource { scheme: "hdfs" host: "node01" port: 8020 file: "/graduation/jars/spark-3.5.1/zjsonpatch-0.3.0.jar" } size: 35518 timestamp: 1789198626661 type: FILE visibility: PUBLIC
    __spark_libs__/curator-recipes-2.13.0.jar -> resource { scheme: "hdfs" host: "node01" port: 8020 file: "/graduation/jars/spark-3.5.1/curator-recipes-2.13.0.jar" } size: 283653 timestamp: 1789198607198 type: FILE visibility: PUBLIC
    __spark_libs__/jakarta.inject-2.6.1.jar -> resource { scheme: "hdfs" host: "node01" port: 8020 file: "/graduation/jars/spark-3.5.1/jakarta.inject-2.6.1.jar" } size: 18140 timestamp: 1789198612468 type: FILE visibility: PUBLIC
    __spark_libs__/kubernetes-model-coordination-6.7.2.jar -> resource { scheme: "hdfs" host: "node01" port: 8020 file: "/graduation/jars/spark-3.5.1/kubernetes-model-coordination-6.7.2.jar" } size: 48987 timestamp: 1789198616604 type: FILE visibility: PUBLIC
    __spark_libs__/kubernetes-model-flowcontrol-6.7.2.jar -> resource { scheme: "hdfs" host: "node01" port: 8020 file: "/graduation/jars/spark-3.5.1/kubernetes-model-flowcontrol-6.7.2.jar" } size: 1022407 timestamp: 1789198616871 type: FILE visibility: PUBLIC
    __spark_libs__/RoaringBitmap-0.9.45.jar -> resource { scheme: "hdfs" host: "node01" port: 8020 file: "/graduation/jars/spark-3.5.1/RoaringBitmap-0.9.45.jar" } size: 443362 timestamp: 1789198622608 type: FILE visibility: PUBLIC
    __spark_libs__/scala-xml_2.12-2.1.0.jar -> resource { scheme: "hdfs" host: "node01" port: 8020 file: "/graduation/jars/spark-3.5.1/scala-xml_2.12-2.1.0.jar" } size: 466520 timestamp: 1789198623792 type: FILE visibility: PUBLIC
    __spark_libs__/jsr305-3.0.0.jar -> resource { scheme: "hdfs" host: "node01" port: 8020 file: "/graduation/jars/spark-3.5.1/jsr305-3.0.0.jar" } size: 33031 timestamp: 1789198615555 type: FILE visibility: PUBLIC
    __spark_libs__/jackson-module-scala_2.12-2.15.2.jar -> resource { scheme: "hdfs" host: "node01" port: 8020 file: "/graduation/jars/spark-3.5.1/jackson-module-scala_2.12-2.15.2.jar" } size: 513968 timestamp: 1789198612428 type: FILE visibility: PUBLIC
    __spark_libs__/netty-transport-classes-epoll-4.1.96.Final.jar -> resource { scheme: "hdfs" host: "node01" port: 8020 file: "/graduation/jars/spark-3.5.1/netty-transport-classes-epoll-4.1.96.Final.jar" } size: 147152 timestamp: 1789198619621 type: FILE visibility: PUBLIC
    __spark_libs__/opencsv-2.3.jar -> resource { scheme: "hdfs" host: "node01" port: 8020 file: "/graduation/jars/spark-3.5.1/opencsv-2.3.jar" } size: 19827 timestamp: 1789198621542 type: FILE visibility: PUBLIC
    __spark_libs__/commons-io-2.13.0.jar -> resource { scheme: "hdfs" host: "node01" port: 8020 file: "/graduation/jars/spark-3.5.1/commons-io-2.13.0.jar" } size: 483954 timestamp: 1789198605901 type: FILE visibility: PUBLIC
    __spark_libs__/parquet-encoding-1.13.1.jar -> resource { scheme: "hdfs" host: "node01" port: 8020 file: "/graduation/jars/spark-3.5.1/parquet-encoding-1.13.1.jar" } size: 849213 timestamp: 1789198621940 type: FILE visibility: PUBLIC
    __spark_libs__/flatbuffers-java-1.12.0.jar -> resource { scheme: "hdfs" host: "node01" port: 8020 file: "/graduation/jars/spark-3.5.1/flatbuffers-java-1.12.0.jar" } size: 64873 timestamp: 1789198607770 type: FILE visibility: PUBLIC
    __spark_libs__/audience-annotations-0.5.0.jar -> resource { scheme: "hdfs" host: "node01" port: 8020 file: "/graduation/jars/spark-3.5.1/audience-annotations-0.5.0.jar" } size: 20437 timestamp: 1789198604454 type: FILE visibility: PUBLIC
    __spark_libs__/jersey-client-2.40.jar -> resource { scheme: "hdfs" host: "node01" port: 8020 file: "/graduation/jars/spark-3.5.1/jersey-client-2.40.jar" } size: 301876 timestamp: 1789198613315 type: FILE visibility: PUBLIC
    __spark_libs__/chill-java-0.10.0.jar -> resource { scheme: "hdfs" host: "node01" port: 8020 file: "/graduation/jars/spark-3.5.1/chill-java-0.10.0.jar" } size: 58683 timestamp: 1789198605384 type: FILE visibility: PUBLIC
    __spark_libs__/xz-1.9.jar -> resource { scheme: "hdfs" host: "node01" port: 8020 file: "/graduation/jars/spark-3.5.1/xz-1.9.jar" } size: 116013 timestamp: 1789198626617 type: FILE visibility: PUBLIC
    __spark_libs__/json-1.8.jar -> resource { scheme: "hdfs" host: "node01" port: 8020 file: "/graduation/jars/spark-3.5.1/json-1.8.jar" } size: 25475 timestamp: 1789198614556 type: FILE visibility: PUBLIC
    __spark_libs__/paranamer-2.8.jar -> resource { scheme: "hdfs" host: "node01" port: 8020 file: "/graduation/jars/spark-3.5.1/paranamer-2.8.jar" } size: 34654 timestamp: 1789198621810 type: FILE visibility: PUBLIC
    __spark_libs__/jersey-server-2.40.jar -> resource { scheme: "hdfs" host: "node01" port: 8020 file: "/graduation/jars/spark-3.5.1/jersey-server-2.40.jar" } size: 950564 timestamp: 1789198613933 type: FILE visibility: PUBLIC
    __spark_libs__/breeze-macros_2.12-2.1.0.jar -> resource { scheme: "hdfs" host: "node01" port: 8020 file: "/graduation/jars/spark-3.5.1/breeze-macros_2.12-2.1.0.jar" } size: 80384 timestamp: 1789198604859 type: FILE visibility: PUBLIC
    __spark_libs__/hive-metastore-2.3.9.jar -> resource { scheme: "hdfs" host: "node01" port: 8020 file: "/graduation/jars/spark-3.5.1/hive-metastore-2.3.9.jar" } size: 8195966 timestamp: 1789198609483 type: FILE visibility: PUBLIC
    __spark_libs__/json4s-core_2.12-3.7.0-M11.jar -> resource { scheme: "hdfs" host: "node01" port: 8020 file: "/graduation/jars/spark-3.5.1/json4s-core_2.12-3.7.0-M11.jar" } size: 526286 timestamp: 1789198615029 type: FILE visibility: PUBLIC
    __spark_libs__/commons-collections4-4.4.jar -> resource { scheme: "hdfs" host: "node01" port: 8020 file: "/graduation/jars/spark-3.5.1/commons-collections4-4.4.jar" } size: 751914 timestamp: 1789198605688 type: FILE visibility: PUBLIC
    __spark_libs__/jersey-hk2-2.40.jar -> resource { scheme: "hdfs" host: "node01" port: 8020 file: "/graduation/jars/spark-3.5.1/jersey-hk2-2.40.jar" } size: 78477 timestamp: 1789198613867 type: FILE visibility: PUBLIC
    __spark_libs__/spark-kvstore_2.12-3.5.1.jar -> resource { scheme: "hdfs" host: "node01" port: 8020 file: "/graduation/jars/spark-3.5.1/spark-kvstore_2.12-3.5.1.jar" } size: 84199 timestamp: 1789198624553 type: FILE visibility: PUBLIC
    __spark_libs__/ST4-4.0.4.jar -> resource { scheme: "hdfs" host: "node01" port: 8020 file: "/graduation/jars/spark-3.5.1/ST4-4.0.4.jar" } size: 236660 timestamp: 1789198625489 type: FILE visibility: PUBLIC
    __spark_libs__/kubernetes-model-common-6.7.2.jar -> resource { scheme: "hdfs" host: "node01" port: 8020 file: "/graduation/jars/spark-3.5.1/kubernetes-model-common-6.7.2.jar" } size: 29603 timestamp: 1789198616583 type: FILE visibility: PUBLIC
    __spark_libs__/jakarta.validation-api-2.0.2.jar -> resource { scheme: "hdfs" host: "node01" port: 8020 file: "/graduation/jars/spark-3.5.1/jakarta.validation-api-2.0.2.jar" } size: 91930 timestamp: 1789198612519 type: FILE visibility: PUBLIC
    __spark_libs__/commons-lang3-3.12.0.jar -> resource { scheme: "hdfs" host: "node01" port: 8020 file: "/graduation/jars/spark-3.5.1/commons-lang3-3.12.0.jar" } size: 587402 timestamp: 1789198606004 type: FILE visibility: PUBLIC
    __spark_libs__/avro-mapred-1.11.2.jar -> resource { scheme: "hdfs" host: "node01" port: 8020 file: "/graduation/jars/spark-3.5.1/avro-mapred-1.11.2.jar" } size: 188465 timestamp: 1789198604746 type: FILE visibility: PUBLIC
    __spark_libs__/scala-collection-compat_2.12-2.7.0.jar -> resource { scheme: "hdfs" host: "node01" port: 8020 file: "/graduation/jars/spark-3.5.1/scala-collection-compat_2.12-2.7.0.jar" } size: 247466 timestamp: 1789198623358 type: FILE visibility: PUBLIC
    __spark_libs__/jcl-over-slf4j-2.0.7.jar -> resource { scheme: "hdfs" host: "node01" port: 8020 file: "/graduation/jars/spark-3.5.1/jcl-over-slf4j-2.0.7.jar" } size: 21143 timestamp: 1789198612842 type: FILE visibility: PUBLIC
    __spark_libs__/kubernetes-model-gatewayapi-6.7.2.jar -> resource { scheme: "hdfs" host: "node01" port: 8020 file: "/graduation/jars/spark-3.5.1/kubernetes-model-gatewayapi-6.7.2.jar" } size: 1036374 timestamp: 1789198616939 type: FILE visibility: PUBLIC
    __spark_libs__/zstd-jni-1.5.5-4.jar -> resource { scheme: "hdfs" host: "node01" port: 8020 file: "/graduation/jars/spark-3.5.1/zstd-jni-1.5.5-4.jar" } size: 5940719 timestamp: 1789198626928 type: FILE visibility: PUBLIC
    __spark_libs__/commons-compiler-3.1.9.jar -> resource { scheme: "hdfs" host: "node01" port: 8020 file: "/graduation/jars/spark-3.5.1/commons-compiler-3.1.9.jar" } size: 173752 timestamp: 1789198605722 type: FILE visibility: PUBLIC
    __spark_libs__/super-csv-2.2.0.jar -> resource { scheme: "hdfs" host: "node01" port: 8020 file: "/graduation/jars/spark-3.5.1/super-csv-2.2.0.jar" } size: 93210 timestamp: 1789198625580 type: FILE visibility: PUBLIC
    __spark_libs__/libfb303-0.9.3.jar -> resource { scheme: "hdfs" host: "node01" port: 8020 file: "/graduation/jars/spark-3.5.1/libfb303-0.9.3.jar" } size: 313702 timestamp: 1789198617796 type: FILE visibility: PUBLIC
    __spark_libs__/json4s-ast_2.12-3.7.0-M11.jar -> resource { scheme: "hdfs" host: "node01" port: 8020 file: "/graduation/jars/spark-3.5.1/json4s-ast_2.12-3.7.0-M11.jar" } size: 89855 timestamp: 1789198614999 type: FILE visibility: PUBLIC
    __spark_libs__/hk2-utils-2.6.1.jar -> resource { scheme: "hdfs" host: "node01" port: 8020 file: "/graduation/jars/spark-3.5.1/hk2-utils-2.6.1.jar" } size: 131590 timestamp: 1789198611145 type: FILE visibility: PUBLIC
    __spark_libs__/netty-handler-proxy-4.1.96.Final.jar -> resource { scheme: "hdfs" host: "node01" port: 8020 file: "/graduation/jars/spark-3.5.1/netty-handler-proxy-4.1.96.Final.jar" } size: 25486 timestamp: 1789198619517 type: FILE visibility: PUBLIC
    __spark_libs__/spark-sketch_2.12-3.5.1.jar -> resource { scheme: "hdfs" host: "node01" port: 8020 file: "/graduation/jars/spark-3.5.1/spark-sketch_2.12-3.5.1.jar" } size: 30823 timestamp: 1789198624926 type: FILE visibility: PUBLIC
    __spark_libs__/blas-3.0.3.jar -> resource { scheme: "hdfs" host: "node01" port: 8020 file: "/graduation/jars/spark-3.5.1/blas-3.0.3.jar" } size: 166259 timestamp: 1789198604786 type: FILE visibility: PUBLIC
    __spark_libs__/jul-to-slf4j-2.0.7.jar -> resource { scheme: "hdfs" host: "node01" port: 8020 file: "/graduation/jars/spark-3.5.1/jul-to-slf4j-2.0.7.jar" } size: 5655 timestamp: 1789198615691 type: FILE visibility: PUBLIC
    __spark_libs__/netty-all-4.1.96.Final.jar -> resource { scheme: "hdfs" host: "node01" port: 8020 file: "/graduation/jars/spark-3.5.1/netty-all-4.1.96.Final.jar" } size: 4468 timestamp: 1789198619168 type: FILE visibility: PUBLIC
    __spark_libs__/kubernetes-model-batch-6.7.2.jar -> resource { scheme: "hdfs" host: "node01" port: 8020 file: "/graduation/jars/spark-3.5.1/kubernetes-model-batch-6.7.2.jar" } size: 296926 timestamp: 1789198616519 type: FILE visibility: PUBLIC
    __spark_libs__/jersey-container-servlet-core-2.40.jar -> resource { scheme: "hdfs" host: "node01" port: 8020 file: "/graduation/jars/spark-3.5.1/jersey-container-servlet-core-2.40.jar" } size: 73256 timestamp: 1789198613430 type: FILE visibility: PUBLIC
    __spark_libs__/leveldbjni-all-1.8.jar -> resource { scheme: "hdfs" host: "node01" port: 8020 file: "/graduation/jars/spark-3.5.1/leveldbjni-all-1.8.jar" } size: 1045744 timestamp: 1789198617734 type: FILE visibility: PUBLIC
    __spark_libs__/parquet-column-1.13.1.jar -> resource { scheme: "hdfs" host: "node01" port: 8020 file: "/graduation/jars/spark-3.5.1/parquet-column-1.13.1.jar" } size: 2027128 timestamp: 1789198621861 type: FILE visibility: PUBLIC
    __spark_libs__/stax-api-1.0.1.jar -> resource { scheme: "hdfs" host: "node01" port: 8020 file: "/graduation/jars/spark-3.5.1/stax-api-1.0.1.jar" } size: 26514 timestamp: 1789198625527 type: FILE visibility: PUBLIC
    __spark_libs__/spark-unsafe_2.12-3.5.1.jar -> resource { scheme: "hdfs" host: "node01" port: 8020 file: "/graduation/jars/spark-3.5.1/spark-unsafe_2.12-3.5.1.jar" } size: 54774 timestamp: 1789198625244 type: FILE visibility: PUBLIC
    __spark_libs__/zookeeper-3.6.3.jar -> resource { scheme: "hdfs" host: "node01" port: 8020 file: "/graduation/jars/spark-3.5.1/zookeeper-3.6.3.jar" } size: 1254153 timestamp: 1789198626715 type: FILE visibility: PUBLIC
    __spark_libs__/netty-handler-4.1.96.Final.jar -> resource { scheme: "hdfs" host: "node01" port: 8020 file: "/graduation/jars/spark-3.5.1/netty-handler-4.1.96.Final.jar" } size: 557737 timestamp: 1789198619491 type: FILE visibility: PUBLIC
    __spark_libs__/stream-2.9.6.jar -> resource { scheme: "hdfs" host: "node01" port: 8020 file: "/graduation/jars/spark-3.5.1/stream-2.9.6.jar" } size: 178149 timestamp: 1789198625550 type: FILE visibility: PUBLIC
    __spark_libs__/netty-transport-native-epoll-4.1.96.Final-linux-x86_64.jar -> resource { scheme: "hdfs" host: "node01" port: 8020 file: "/graduation/jars/spark-3.5.1/netty-transport-native-epoll-4.1.96.Final-linux-x86_64.jar" } size: 38970 timestamp: 1789198620113 type: FILE visibility: PUBLIC
    __spark_libs__/xbean-asm9-shaded-4.23.jar -> resource { scheme: "hdfs" host: "node01" port: 8020 file: "/graduation/jars/spark-3.5.1/xbean-asm9-shaded-4.23.jar" } size: 262591 timestamp: 1789198626177 type: FILE visibility: PUBLIC
    __spark_libs__/kubernetes-model-events-6.7.2.jar -> resource { scheme: "hdfs" host: "node01" port: 8020 file: "/graduation/jars/spark-3.5.1/kubernetes-model-events-6.7.2.jar" } size: 103931 timestamp: 1789198616775 type: FILE visibility: PUBLIC
    __spark_libs__/arrow-format-12.0.1.jar -> resource { scheme: "hdfs" host: "node01" port: 8020 file: "/graduation/jars/spark-3.5.1/arrow-format-12.0.1.jar" } size: 110232 timestamp: 1789198604162 type: FILE visibility: PUBLIC
    __spark_libs__/objenesis-3.3.jar -> resource { scheme: "hdfs" host: "node01" port: 8020 file: "/graduation/jars/spark-3.5.1/objenesis-3.3.jar" } size: 49423 timestamp: 1789198621016 type: FILE visibility: PUBLIC
    __spark_libs__/hadoop-yarn-server-web-proxy-3.3.4.jar -> resource { scheme: "hdfs" host: "node01" port: 8020 file: "/graduation/jars/spark-3.5.1/hadoop-yarn-server-web-proxy-3.3.4.jar" } size: 56812 timestamp: 1789198608582 type: FILE visibility: PUBLIC
    __spark_libs__/netty-codec-socks-4.1.96.Final.jar -> resource { scheme: "hdfs" host: "node01" port: 8020 file: "/graduation/jars/spark-3.5.1/netty-codec-socks-4.1.96.Final.jar" } size: 120974 timestamp: 1789198619390 type: FILE visibility: PUBLIC
    __spark_libs__/jackson-datatype-jsr310-2.15.2.jar -> resource { scheme: "hdfs" host: "node01" port: 8020 file: "/graduation/jars/spark-3.5.1/jackson-datatype-jsr310-2.15.2.jar" } size: 122937 timestamp: 1789198612341 type: FILE visibility: PUBLIC
    __spark_libs__/hive-shims-2.3.9.jar -> resource { scheme: "hdfs" host: "node01" port: 8020 file: "/graduation/jars/spark-3.5.1/hive-shims-2.3.9.jar" } size: 8786 timestamp: 1789198610102 type: FILE visibility: PUBLIC
    __spark_libs__/commons-crypto-1.1.0.jar -> resource { scheme: "hdfs" host: "node01" port: 8020 file: "/graduation/jars/spark-3.5.1/commons-crypto-1.1.0.jar" } size: 166244 timestamp: 1789198605826 type: FILE visibility: PUBLIC
    __spark_libs__/spire-util_2.12-0.17.0.jar -> resource { scheme: "hdfs" host: "node01" port: 8020 file: "/graduation/jars/spark-3.5.1/spire-util_2.12-0.17.0.jar" } size: 35085 timestamp: 1789198625344 type: FILE visibility: PUBLIC
    __spark_libs__/jersey-container-servlet-2.40.jar -> resource { scheme: "hdfs" host: "node01" port: 8020 file: "/graduation/jars/spark-3.5.1/jersey-container-servlet-2.40.jar" } size: 32298 timestamp: 1789198613411 type: FILE visibility: PUBLIC
    __spark_libs__/kubernetes-model-resource-6.7.2.jar -> resource { scheme: "hdfs" host: "node01" port: 8020 file: "/graduation/jars/spark-3.5.1/kubernetes-model-resource-6.7.2.jar" } size: 228230 timestamp: 1789198617159 type: FILE visibility: PUBLIC
    __spark_libs__/commons-lang-2.6.jar -> resource { scheme: "hdfs" host: "node01" port: 8020 file: "/graduation/jars/spark-3.5.1/commons-lang-2.6.jar" } size: 284220 timestamp: 1789198605943 type: FILE visibility: PUBLIC
    __spark_libs__/metrics-json-4.2.19.jar -> resource { scheme: "hdfs" host: "node01" port: 8020 file: "/graduation/jars/spark-3.5.1/metrics-json-4.2.19.jar" } size: 17037 timestamp: 1789198618690 type: FILE visibility: PUBLIC
    __spark_libs__/orc-mapreduce-1.9.2-shaded-protobuf.jar -> resource { scheme: "hdfs" host: "node01" port: 8020 file: "/graduation/jars/spark-3.5.1/orc-mapreduce-1.9.2-shaded-protobuf.jar" } size: 1710748 timestamp: 1789198621721 type: FILE visibility: PUBLIC
    __spark_libs__/hive-cli-2.3.9.jar -> resource { scheme: "hdfs" host: "node01" port: 8020 file: "/graduation/jars/spark-3.5.1/hive-cli-2.3.9.jar" } size: 44704 timestamp: 1789198609073 type: FILE visibility: PUBLIC
    __spark_libs__/aircompressor-0.26.jar -> resource { scheme: "hdfs" host: "node01" port: 8020 file: "/graduation/jars/spark-3.5.1/aircompressor-0.26.jar" } size: 254067 timestamp: 1789198603802 type: FILE visibility: PUBLIC
    __spark_libs__/hk2-api-2.6.1.jar -> resource { scheme: "hdfs" host: "node01" port: 8020 file: "/graduation/jars/spark-3.5.1/hk2-api-2.6.1.jar" } size: 200223 timestamp: 1789198610646 type: FILE visibility: PUBLIC
    __spark_libs__/netty-resolver-4.1.96.Final.jar -> resource { scheme: "hdfs" host: "node01" port: 8020 file: "/graduation/jars/spark-3.5.1/netty-resolver-4.1.96.Final.jar" } size: 37791 timestamp: 1789198619535 type: FILE visibility: PUBLIC

===============================================================================
26/09/12 15:41:24 INFO YarnAllocator: Resource profile 0 doesn't exist, adding it
26/09/12 15:41:24 INFO Configuration: resource-types.xml not found
26/09/12 15:41:24 INFO ResourceUtils: Unable to find 'resource-types.xml'.
26/09/12 15:41:24 INFO YarnAllocator: Will request 1 executor container(s) for  ResourceProfile Id: 0, each with 1 core(s) and 1408 MB memory. with custom resources: <memory:1408, vCores:1>
26/09/12 15:41:25 INFO YarnSchedulerBackend$YarnSchedulerEndpoint: ApplicationMaster registered as NettyRpcEndpointRef(spark://YarnAM@node03:34972)
26/09/12 15:41:25 INFO YarnAllocator: Submitted 1 unlocalized container requests.
26/09/12 15:41:25 INFO ApplicationMaster: Started progress reporter thread with (heartbeat : 3000, initial allocation : 200) intervals
26/09/12 15:41:25 INFO YarnAllocator: Launching container container_e35_1789195359269_0004_01_000002 on host node03 for executor with ID 1 for ResourceProfile Id 0
26/09/12 15:41:25 INFO YarnAllocator: Received 1 containers from YARN, launching executors on 1 of them.
26/09/12 15:41:28 INFO YarnSchedulerBackend$YarnDriverEndpoint: Registered executor NettyRpcEndpointRef(spark-client://Executor) (192.168.18.10x:56486) with ID 1,  ResourceProfileId 0
26/09/12 15:41:28 INFO YarnClusterSchedulerBackend: SchedulerBackend is ready for scheduling beginning after reached minRegisteredResourcesRatio: 0.8
26/09/12 15:41:28 INFO YarnClusterScheduler: YarnClusterScheduler.postStartHook done
26/09/12 15:41:28 INFO BlockManagerMasterEndpoint: Registering block manager node03:42527 with 413.9 MiB RAM, BlockManagerId(1, node03, 42527, None)
26/09/12 15:41:29 INFO SharedState: Setting hive.metastore.warehouse.dir ('hdfs://node01:8020/graduation/warehouse') to the value of spark.sql.warehouse.dir.
26/09/12 15:41:29 INFO SharedState: Warehouse path is 'hdfs://node01:8020/graduation/warehouse'.
26/09/12 15:41:29 INFO ServerInfo: Adding filter to /SQL: org.apache.hadoop.yarn.server.webproxy.amfilter.AmIpFilter
26/09/12 15:41:29 INFO ServerInfo: Adding filter to /SQL/json: org.apache.hadoop.yarn.server.webproxy.amfilter.AmIpFilter
26/09/12 15:41:29 INFO ServerInfo: Adding filter to /SQL/execution: org.apache.hadoop.yarn.server.webproxy.amfilter.AmIpFilter
26/09/12 15:41:29 INFO ServerInfo: Adding filter to /SQL/execution/json: org.apache.hadoop.yarn.server.webproxy.amfilter.AmIpFilter
26/09/12 15:41:29 INFO ServerInfo: Adding filter to /static/sql: org.apache.hadoop.yarn.server.webproxy.amfilter.AmIpFilter
26/09/12 15:41:30 INFO InMemoryFileIndex: It took 46 ms to list leaf files for 1 paths.
26/09/12 15:41:32 INFO FileSourceStrategy: Pushed Filters: 
26/09/12 15:41:32 INFO FileSourceStrategy: Post-Scan Filters: 
26/09/12 15:41:33 INFO CodeGenerator: Code generated in 305.001184 ms
26/09/12 15:41:34 INFO MemoryStore: Block broadcast_0 stored as values in memory (estimated size 373.8 KiB, free 413.6 MiB)
26/09/12 15:41:34 INFO MemoryStore: Block broadcast_0_piece0 stored as bytes in memory (estimated size 37.6 KiB, free 413.5 MiB)
26/09/12 15:41:34 INFO BlockManagerInfo: Added broadcast_0_piece0 in memory on node03:46141 (size: 37.6 KiB, free: 413.9 MiB)
26/09/12 15:41:34 INFO SparkContext: Created broadcast 0 from count at ClusterProbe.java:74
26/09/12 15:41:34 INFO FileSourceScanExec: Planning scan with bin packing, max size: 4194304 bytes, open cost is considered as scanning 4194304 bytes.
26/09/12 15:41:34 INFO DAGScheduler: Registering RDD 3 (count at ClusterProbe.java:74) as input to shuffle 0
26/09/12 15:41:34 INFO DAGScheduler: Got map stage job 0 (count at ClusterProbe.java:74) with 1 output partitions
26/09/12 15:41:34 INFO DAGScheduler: Final stage: ShuffleMapStage 0 (count at ClusterProbe.java:74)
26/09/12 15:41:34 INFO DAGScheduler: Parents of final stage: List()
26/09/12 15:41:34 INFO DAGScheduler: Missing parents: List()
26/09/12 15:41:34 INFO DAGScheduler: Submitting ShuffleMapStage 0 (MapPartitionsRDD[3] at count at ClusterProbe.java:74), which has no missing parents
26/09/12 15:41:34 INFO MemoryStore: Block broadcast_1 stored as values in memory (estimated size 15.6 KiB, free 413.5 MiB)
26/09/12 15:41:34 INFO MemoryStore: Block broadcast_1_piece0 stored as bytes in memory (estimated size 7.5 KiB, free 413.5 MiB)
26/09/12 15:41:34 INFO BlockManagerInfo: Added broadcast_1_piece0 in memory on node03:46141 (size: 7.5 KiB, free: 413.9 MiB)
26/09/12 15:41:34 INFO SparkContext: Created broadcast 1 from broadcast at DAGScheduler.scala:1585
26/09/12 15:41:34 INFO DAGScheduler: Submitting 1 missing tasks from ShuffleMapStage 0 (MapPartitionsRDD[3] at count at ClusterProbe.java:74) (first 15 tasks are for partitions Vector(0))
26/09/12 15:41:34 INFO YarnClusterScheduler: Adding task set 0.0 with 1 tasks resource profile 0
26/09/12 15:41:34 INFO TaskSetManager: Starting task 0.0 in stage 0.0 (TID 0) (node03, executor 1, partition 0, NODE_LOCAL, 8254 bytes) 
26/09/12 15:41:34 INFO BlockManagerInfo: Added broadcast_1_piece0 in memory on node03:42527 (size: 7.5 KiB, free: 413.9 MiB)
26/09/12 15:41:36 INFO BlockManagerInfo: Added broadcast_0_piece0 in memory on node03:42527 (size: 37.6 KiB, free: 413.9 MiB)
26/09/12 15:41:37 INFO TaskSetManager: Finished task 0.0 in stage 0.0 (TID 0) in 2953 ms on node03 (executor 1) (1/1)
26/09/12 15:41:37 INFO YarnClusterScheduler: Removed TaskSet 0.0, whose tasks have all completed, from pool 
26/09/12 15:41:37 INFO DAGScheduler: ShuffleMapStage 0 (count at ClusterProbe.java:74) finished in 3.076 s
26/09/12 15:41:37 INFO DAGScheduler: looking for newly runnable stages
26/09/12 15:41:37 INFO DAGScheduler: running: Set()
26/09/12 15:41:37 INFO DAGScheduler: waiting: Set()
26/09/12 15:41:37 INFO DAGScheduler: failed: Set()
26/09/12 15:41:37 INFO CodeGenerator: Code generated in 6.789074 ms
26/09/12 15:41:37 INFO SparkContext: Starting job: count at ClusterProbe.java:74
26/09/12 15:41:37 INFO DAGScheduler: Got job 1 (count at ClusterProbe.java:74) with 1 output partitions
26/09/12 15:41:37 INFO DAGScheduler: Final stage: ResultStage 2 (count at ClusterProbe.java:74)
26/09/12 15:41:37 INFO DAGScheduler: Parents of final stage: List(ShuffleMapStage 1)
26/09/12 15:41:37 INFO DAGScheduler: Missing parents: List()
26/09/12 15:41:37 INFO DAGScheduler: Submitting ResultStage 2 (MapPartitionsRDD[6] at count at ClusterProbe.java:74), which has no missing parents
26/09/12 15:41:37 INFO MemoryStore: Block broadcast_2 stored as values in memory (estimated size 12.5 KiB, free 413.5 MiB)
26/09/12 15:41:37 INFO MemoryStore: Block broadcast_2_piece0 stored as bytes in memory (estimated size 6.0 KiB, free 413.5 MiB)
26/09/12 15:41:37 INFO BlockManagerInfo: Added broadcast_2_piece0 in memory on node03:46141 (size: 6.0 KiB, free: 413.9 MiB)
26/09/12 15:41:37 INFO SparkContext: Created broadcast 2 from broadcast at DAGScheduler.scala:1585
26/09/12 15:41:37 INFO DAGScheduler: Submitting 1 missing tasks from ResultStage 2 (MapPartitionsRDD[6] at count at ClusterProbe.java:74) (first 15 tasks are for partitions Vector(0))
26/09/12 15:41:37 INFO YarnClusterScheduler: Adding task set 2.0 with 1 tasks resource profile 0
26/09/12 15:41:37 INFO TaskSetManager: Starting task 0.0 in stage 2.0 (TID 1) (node03, executor 1, partition 0, NODE_LOCAL, 7631 bytes) 
26/09/12 15:41:37 INFO BlockManagerInfo: Added broadcast_2_piece0 in memory on node03:42527 (size: 6.0 KiB, free: 413.9 MiB)
26/09/12 15:41:37 INFO MapOutputTrackerMasterEndpoint: Asked to send map output locations for shuffle 0 to 192.168.18.10x:56486
26/09/12 15:41:38 INFO TaskSetManager: Finished task 0.0 in stage 2.0 (TID 1) in 599 ms on node03 (executor 1) (1/1)
26/09/12 15:41:38 INFO YarnClusterScheduler: Removed TaskSet 2.0, whose tasks have all completed, from pool 
26/09/12 15:41:38 INFO DAGScheduler: ResultStage 2 (count at ClusterProbe.java:74) finished in 0.621 s
26/09/12 15:41:38 INFO DAGScheduler: Job 1 is finished. Cancelling potential speculative or zombie tasks for this job
26/09/12 15:41:38 INFO YarnClusterScheduler: Killing all running tasks in stage 2: Stage finished
26/09/12 15:41:38 INFO DAGScheduler: Job 1 finished: count at ClusterProbe.java:74, took 0.635426 s
26/09/12 15:41:38 INFO HiveUtils: Initializing HiveMetastoreConnection version 2.3.9 using Spark classes.
26/09/12 15:41:38 INFO BlockManagerInfo: Removed broadcast_2_piece0 on node03:46141 in memory (size: 6.0 KiB, free: 413.9 MiB)
26/09/12 15:41:38 INFO BlockManagerInfo: Removed broadcast_2_piece0 on node03:42527 in memory (size: 6.0 KiB, free: 413.9 MiB)
26/09/12 15:41:38 INFO HiveClientImpl: Warehouse location for Hive client (version 2.3.9) is hdfs://node01:8020/graduation/warehouse
26/09/12 15:41:38 INFO metastore: Trying to connect to metastore with URI thrift://node01:9083
26/09/12 15:41:38 INFO metastore: Opened a connection to metastore, current connections: 1
26/09/12 15:41:38 INFO metastore: Connected to metastore.
26/09/12 15:41:38 INFO CodeGenerator: Code generated in 43.058851 ms
26/09/12 15:41:39 INFO CodeGenerator: Code generated in 4.102693 ms
26/09/12 15:41:39 INFO CodeGenerator: Code generated in 10.953182 ms
26/09/12 15:41:39 INFO SparkContext: SparkContext is stopping with exitCode 0.
26/09/12 15:41:39 INFO SparkUI: Stopped Spark web UI at http://node03:32922
26/09/12 15:41:39 INFO YarnClusterSchedulerBackend: Shutting down all executors
26/09/12 15:41:39 INFO YarnSchedulerBackend$YarnDriverEndpoint: Asking each executor to shut down
26/09/12 15:41:39 INFO MapOutputTrackerMasterEndpoint: MapOutputTrackerMasterEndpoint stopped!
26/09/12 15:41:39 INFO MemoryStore: MemoryStore cleared
26/09/12 15:41:39 INFO BlockManager: BlockManager stopped
26/09/12 15:41:39 INFO BlockManagerMaster: BlockManagerMaster stopped
26/09/12 15:41:39 INFO OutputCommitCoordinator$OutputCommitCoordinatorEndpoint: OutputCommitCoordinator stopped!
26/09/12 15:41:39 INFO SparkContext: Successfully stopped SparkContext
26/09/12 15:41:39 INFO ApplicationMaster: Final app status: SUCCEEDED, exitCode: 0
26/09/12 15:41:39 INFO ApplicationMaster: Unregistering ApplicationMaster with SUCCEEDED
26/09/12 15:41:39 INFO AMRMClientImpl: Waiting for application to be successfully unregistered.
26/09/12 15:41:39 INFO ApplicationMaster: Deleting staging directory hdfs://node01:8020/graduation/staging/root/.sparkStaging/application_1789195359269_0004
26/09/12 15:41:39 INFO ShutdownHookManager: Shutdown hook called
26/09/12 15:41:39 INFO ShutdownHookManager: Deleting directory /var/yjx/hadoop/ha/nm-local-dir/usercache/root/appcache/application_1789195359269_0004/spark-97442b9d-75d4-4cbb-b667-aa09918736a5

End of LogType:stderr
***********************************************************************

Container: container_e35_1789195359269_0004_01_000001 on node03_43710
LogAggregationType: AGGREGATED
=====================================================================
LogType:stdout
LogLastModifiedTime:周六 9月 12 15:41:40 +0800 2026
LogLength:736
LogContents:
PROBE spark.version=3.5.1
PROBE scala.version=2.12.18
PROBE master=yarn
PROBE appId=application_1789195359269_0004
PROBE sparkUser=root
PROBE containerHost=node03
PROBE java.version=1.8.0_351
PROBE java.class.version=52.0
PROBE java.home=/usr/java/jdk1.8.0_351-amd64/jre
PROBE defaultFS=hdfs://node01:8020
PROBE hive.metastore.uris=thrift://node01:9083
PROBE hdfs.write=/graduation/probe/from-container/container-node03.txt len=70 replicas=3
PROBE hdfs.blockLocations=hdfs://node01:8020/graduation/probe/from-container/container-node03.txt
PROBE hdfs.readback.lines=1
PROBE spark.parallelism.readback=2
PROBE metastore.databases=[[default], [exam], [ods], [scott], [shop], [tmp], [yjxxt]]
PROBE metastore.reachable=TRUE
PROBE done=TRUE

End of LogType:stdout
***********************************************************************

Container: container_e35_1789195359269_0004_01_000002 on node03_43710
LogAggregationType: AGGREGATED
=====================================================================
LogType:directory.info
LogLastModifiedTime:周六 9月 12 15:41:40 +0800 2026
LogLength:31389
LogContents:
ls -l:
total 72
lrwxrwxrwx 1 root root    77 Sep 12 15:41 __app__.jar -> /var/yjx/hadoop/ha/nm-local-dir/usercache/root/filecache/15/cluster-probe.jar
-rw-r--r-- 1 root root    88 Sep 12 15:41 container_tokens
-rwx------ 1 root root   704 Sep 12 15:41 default_container_executor_session.sh
-rwx------ 1 root root   759 Sep 12 15:41 default_container_executor.sh
-rwx------ 1 root root 44173 Sep 12 15:41 launch_container.sh
lrwxrwxrwx 1 root root    78 Sep 12 15:41 __spark_conf__ -> /var/yjx/hadoop/ha/nm-local-dir/usercache/root/filecache/16/__spark_conf__.zip
drwxr-xr-x 2 root root 12288 Sep 12 15:41 __spark_libs__
drwx--x--- 2 root root     6 Sep 12 15:41 tmp
find -L . -maxdepth 5 -ls:
206049992    4 drwx--x---   4 root     root         4096 Sep 12 15:41 .
70451720    0 drwx--x---   2 root     root            6 Sep 12 15:41 ./tmp
206049993    4 -rw-r--r--   1 root     root           88 Sep 12 15:41 ./container_tokens
206049994    4 -rw-r--r--   1 root     root           12 Sep 12 15:41 ./.container_tokens.crc
206049995   44 -rwx------   1 root     root        44173 Sep 12 15:41 ./launch_container.sh
206049996    4 -rw-r--r--   1 root     root          356 Sep 12 15:41 ./.launch_container.sh.crc
206049997    4 -rwx------   1 root     root          704 Sep 12 15:41 ./default_container_executor_session.sh
206049998    4 -rw-r--r--   1 root     root           16 Sep 12 15:41 ./.default_container_executor_session.sh.crc
206049999    4 -rwx------   1 root     root          759 Sep 12 15:41 ./default_container_executor.sh
206050000    4 -rw-r--r--   1 root     root           16 Sep 12 15:41 ./.default_container_executor.sh.crc
137717903   16 drwxr-xr-x   2 root     root        12288 Sep 12 15:41 ./__spark_libs__
7154285  932 -r-xr-xr-x   1 root     root       953001 Sep 12 15:40 ./__spark_libs__/kubernetes-model-autoscaling-6.7.2.jar
70028023  180 -r-xr-xr-x   1 root     root       183633 Sep 12 15:40 ./__spark_libs__/hive-beeline-2.3.9.jar
70442059  328 -r-xr-xr-x   1 root     root       334803 Sep 12 15:40 ./__spark_libs__/snakeyaml-2.0.jar
70028017  404 -r-xr-xr-x   1 root     root       410874 Sep 12 15:40 ./__spark_libs__/kryo-shaded-4.0.2.jar
206003489   36 -r-xr-xr-x   1 root     root        35518 Sep 12 15:40 ./__spark_libs__/zjsonpatch-0.3.0.jar
70430538   20 -r-xr-xr-x   1 root     root        20437 Sep 12 15:40 ./__spark_libs__/audience-annotations-0.5.0.jar
206018273  532 -r-xr-xr-x   1 root     root       541587 Sep 12 15:40 ./__spark_libs__/spark-kubernetes_2.12-3.5.1.jar
70430520  112 -r-xr-xr-x   1 root     root       111010 Sep 12 15:40 ./__spark_libs__/arrow-memory-core-12.0.1.jar
7153931 8004 -r-xr-xr-x   1 root     root      8195966 Sep 12 15:40 ./__spark_libs__/hive-metastore-2.3.9.jar
206018255  420 -r-xr-xr-x   1 root     root       427674 Sep 12 15:40 ./__spark_libs__/okhttp-3.12.12.jar
7154273  244 -r-xr-xr-x   1 root     root       249790 Sep 12 15:40 ./__spark_libs__/javax.jdo-3.2.0-m3.jar
7160386  252 -r-xr-xr-x   1 root     root       256667 Sep 12 15:40 ./__spark_libs__/threeten-extra-1.7.1.jar
137388720 7176 -r-xr-xr-x   1 root     root      7345382 Sep 12 15:40 ./__spark_libs__/mesos-1.4.3-shaded-protobuf.jar
206003043  424 -r-xr-xr-x   1 root     root       432651 Sep 12 15:40 ./__spark_libs__/spark-graphx_2.12-3.5.1.jar
70442086  188 -r-xr-xr-x   1 root     root       188465 Sep 12 15:40 ./__spark_libs__/avro-mapred-1.11.2.jar
137388693  324 -r-xr-xr-x   1 root     root       327891 Sep 12 15:40 ./__spark_libs__/httpcore-4.4.16.jar
7154258  440 -r-xr-xr-x   1 root     root       447005 Sep 12 15:40 ./__spark_libs__/univocity-parsers-2.9.1.jar
70442050  244 -r-xr-xr-x   1 root     root       246445 Sep 12 15:40 ./__spark_libs__/libthrift-0.12.0.jar
135997922   56 -r-xr-xr-x   1 root     root        54630 Sep 12 15:40 ./__spark_libs__/jackson-dataformat-yaml-2.15.2.jar
205776827   84 -r-xr-xr-x   1 root     root        82872 Sep 12 15:40 ./__spark_libs__/jakarta.servlet-api-4.0.3.jar
7154300   28 -r-xr-xr-x   1 root     root        25486 Sep 12 15:40 ./__spark_libs__/netty-handler-proxy-4.1.96.Final.jar
206003522  292 -r-xr-xr-x   1 root     root       297253 Sep 12 15:40 ./__spark_libs__/spark-mesos_2.12-3.5.1.jar
135997946 3588 -r-xr-xr-x   1 root     root      3670535 Sep 12 15:40 ./__spark_libs__/scala-reflect-2.12.18.jar
70430496   60 -r-xr-xr-x   1 root     root        58284 Sep 12 15:40 ./__spark_libs__/commons-cli-1.5.0.jar
137388732 1152 -r-xr-xr-x   1 root     root      1175798 Sep 12 15:40 ./__spark_libs__/JTransforms-3.1.jar
135997678  344 -r-xr-xr-x   1 root     root       351778 Sep 12 15:40 ./__spark_libs__/spark-yarn_2.12-3.5.1.jar
70451690   16 -r-xr-xr-x   1 root     root        15071 Sep 12 15:40 ./__spark_libs__/jta-1.1.jar
206003531  984 -r-xr-xr-x   1 root     root      1004811 Sep 12 15:40 ./__spark_libs__/parquet-hadoop-1.13.1.jar
137388681  124 -r-xr-xr-x   1 root     root       124506 Sep 12 15:40 ./__spark_libs__/py4j-0.10.9.7.jar
70442101  116 -r-xr-xr-x   1 root     root       116013 Sep 12 15:40 ./__spark_libs__/xz-1.9.jar
206003540  236 -r-xr-xr-x   1 root     root       238400 Sep 12 15:40 ./__spark_libs__/commons-text-1.10.0.jar
137388696 1644 -r-xr-xr-x   1 root     root      1679366 Sep 12 15:40 ./__spark_libs__/hive-service-rpc-3.1.3.jar
7154264  768 -r-xr-xr-x   1 root     root       785639 Sep 12 15:40 ./__spark_libs__/httpclient-4.5.14.jar
7153886   16 -r-xr-xr-x   1 root     root        15160 Sep 12 15:40 ./__spark_libs__/spark-tags_2.12-3.5.1.jar
7153943 29384 -r-xr-xr-x   1 root     root     30085504 Sep 12 15:40 ./__spark_libs__/hadoop-client-runtime-3.3.4.jar
137388684  896 -r-xr-xr-x   1 root     root       916630 Sep 12 15:40 ./__spark_libs__/hive-serde-2.3.9.jar
70430541 2012 -r-xr-xr-x   1 root     root      2058806 Sep 12 15:40 ./__spark_libs__/snappy-java-1.1.10.3.jar
7153928  516 -r-xr-xr-x   1 root     root       526286 Sep 12 15:40 ./__spark_libs__/json4s-core_2.12-3.7.0-M11.jar
135997904  232 -r-xr-xr-x   1 root     root       236660 Sep 12 15:40 ./__spark_libs__/ST4-4.0.4.jar
7153940   20 -r-xr-xr-x   1 root     root        19479 Sep 12 15:40 ./__spark_libs__/osgi-resource-locator-1.0.3.jar
135997949   12 -r-xr-xr-x   1 root     root         8786 Sep 12 15:40 ./__spark_libs__/hive-shims-2.3.9.jar
7154303  172 -r-xr-xr-x   1 root     root       174487 Sep 12 15:40 ./__spark_libs__/kubernetes-model-rbac-6.7.2.jar
7154255   12 -r-xr-xr-x   1 root     root        12131 Sep 12 15:40 ./__spark_libs__/jpam-1.1.jar
70451696 4796 -r-xr-xr-x   1 root     root      4907714 Sep 12 15:40 ./__spark_libs__/kubernetes-model-core-6.7.2.jar
7154291  264 -r-xr-xr-x   1 root     root       268780 Sep 12 15:40 ./__spark_libs__/jline-2.14.6.jar
70430526  200 -r-xr-xr-x   1 root     root       203358 Sep 12 15:40 ./__spark_libs__/hk2-locator-2.6.1.jar
7153919  112 -r-xr-xr-x   1 root     root       110600 Sep 12 15:40 ./__spark_libs__/bonecp-0.8.0.RELEASE.jar
7153937 1836 -r-xr-xr-x   1 root     root      1878304 Sep 12 15:40 ./__spark_libs__/arrow-vector-12.0.1.jar
206018249  708 -r-xr-xr-x   1 root     root       724280 Sep 12 15:40 ./__spark_libs__/spark-hive_2.12-3.5.1.jar
7154249  176 -r-xr-xr-x   1 root     root       178149 Sep 12 15:40 ./__spark_libs__/stream-2.9.6.jar
206003022  712 -r-xr-xr-x   1 root     root       726071 Sep 12 15:40 ./__spark_libs__/parquet-format-structures-1.13.1.jar
137388687  288 -r-xr-xr-x   1 root     root       292124 Sep 12 15:40 ./__spark_libs__/snakeyaml-engine-2.6.jar
206018258   32 -r-xr-xr-x   1 root     root        28997 Sep 12 15:40 ./__spark_libs__/orc-shims-1.9.2.jar
70028002  384 -r-xr-xr-x   1 root     root       392179 Sep 12 15:40 ./__spark_libs__/kubernetes-client-6.7.2.jar
135997940  472 -r-xr-xr-x   1 root     root       483284 Sep 12 15:40 ./__spark_libs__/netty-codec-http2-4.1.96.Final.jar
206003504  356 -r-xr-xr-x   1 root     root       360738 Sep 12 15:40 ./__spark_libs__/commons-codec-1.16.0.jar
7154279  200 -r-xr-xr-x   1 root     root       201965 Sep 12 15:40 ./__spark_libs__/curator-framework-2.13.0.jar
206003019   44 -r-xr-xr-x   1 root     root        44704 Sep 12 15:40 ./__spark_libs__/hive-cli-2.3.9.jar
7154282  848 -r-xr-xr-x   1 root     root       867679 Sep 12 15:40 ./__spark_libs__/lapack-3.0.3.jar
135997670   28 -r-xr-xr-x   1 root     root        26430 Sep 12 15:40 ./__spark_libs__/log4j-slf4j2-impl-2.20.0.jar
135997889  340 -r-xr-xr-x   1 root     root       344788 Sep 12 15:40 ./__spark_libs__/netty-codec-4.1.96.Final.jar
70430556  240 -r-xr-xr-x   1 root     root       244621 Sep 12 15:40 ./__spark_libs__/spark-common-utils_2.12-3.5.1.jar
70442110  164 -r-xr-xr-x   1 root     root       166244 Sep 12 15:40 ./__spark_libs__/commons-crypto-1.1.0.jar
206003028 6000 -r-xr-xr-x   1 root     root      6143759 Sep 12 15:40 ./__spark_libs__/spark-mllib_2.12-3.5.1.jar
206003537  256 -r-xr-xr-x   1 root     root       258346 Sep 12 15:40 ./__spark_libs__/hive-storage-api-2.8.1.jar
7153910  120 -r-xr-xr-x   1 root     root       120974 Sep 12 15:40 ./__spark_libs__/netty-codec-socks-4.1.96.Final.jar
70442062   64 -r-xr-xr-x   1 root     root        64873 Sep 12 15:40 ./__spark_libs__/flatbuffers-java-1.12.0.jar
135997934  300 -r-xr-xr-x   1 root     root       306489 Sep 12 15:40 ./__spark_libs__/netty-buffer-4.1.96.Final.jar
70028026   40 -r-xr-xr-x   1 root     root        38970 Sep 12 15:40 ./__spark_libs__/netty-transport-native-epoll-4.1.96.Final-linux-x86_64.jar
206003016  164 -r-xr-xr-x   1 root     root       166259 Sep 12 15:40 ./__spark_libs__/blas-3.0.3.jar
137388690  624 -r-xr-xr-x   1 root     root       637993 Sep 12 15:40 ./__spark_libs__/joda-time-2.12.5.jar
137388735  108 -r-xr-xr-x   1 root     root       108433 Sep 12 15:40 ./__spark_libs__/netty-transport-classes-kqueue-4.1.96.Final.jar
7153877   40 -r-xr-xr-x   1 root     root        37065 Sep 12 15:40 ./__spark_libs__/json4s-jackson_2.12-3.7.0-M11.jar
206003067  344 -r-xr-xr-x   1 root     root       348265 Sep 12 15:40 ./__spark_libs__/json4s-scalap_2.12-3.7.0-M11.jar
135997901   40 -r-xr-xr-x   1 root     root        37791 Sep 12 15:40 ./__spark_libs__/netty-resolver-4.1.96.Final.jar
70430544  132 -r-xr-xr-x   1 root     root       131590 Sep 12 15:40 ./__spark_libs__/hk2-utils-2.6.1.jar
70442089    8 -r-xr-xr-x   1 root     root         4468 Sep 12 15:40 ./__spark_libs__/netty-all-4.1.96.Final.jar
7153916  764 -r-xr-xr-x   1 root     root       780664 Sep 12 15:40 ./__spark_libs__/jackson-mapper-asl-1.9.13.jar
206003498  280 -r-xr-xr-x   1 root     root       283653 Sep 12 15:40 ./__spark_libs__/curator-recipes-2.13.0.jar
135997696  144 -r-xr-xr-x   1 root     root       145397 Sep 12 15:40 ./__spark_libs__/kubernetes-model-certificates-6.7.2.jar
206018264  540 -r-xr-xr-x   1 root     root       549207 Sep 12 15:40 ./__spark_libs__/jackson-core-2.15.2.jar
135997674   92 -r-xr-xr-x   1 root     root        93210 Sep 12 15:40 ./__spark_libs__/super-csv-2.2.0.jar
137388705   72 -r-xr-xr-x   1 root     root        73256 Sep 12 15:40 ./__spark_libs__/jersey-container-servlet-core-2.40.jar
135997720   20 -r-xr-xr-x   1 root     root        19827 Sep 12 15:40 ./__spark_libs__/opencsv-2.3.jar
70451699   28 -r-xr-xr-x   1 root     root        26514 Sep 12 15:40 ./__spark_libs__/stax-api-1.0.1.jar
206003064   24 -r-xr-xr-x   1 root     root        21143 Sep 12 15:40 ./__spark_libs__/jcl-over-slf4j-2.0.7.jar
7160389  184 -r-xr-xr-x   1 root     root       185432 Sep 12 15:40 ./__spark_libs__/avro-ipc-1.11.2.jar
135997705  120 -r-xr-xr-x   1 root     root       120293 Sep 12 15:40 ./__spark_libs__/hive-shims-common-2.3.9.jar
7154252 2368 -r-xr-xr-x   1 root     root      2422356 Sep 12 15:40 ./__spark_libs__/spark-network-common_2.12-3.5.1.jar
70028029  188 -r-xr-xr-x   1 root     root       190432 Sep 12 15:40 ./__spark_libs__/gson-2.2.4.jar
206018270   80 -r-xr-xr-x   1 root     root        77939 Sep 12 15:40 ./__spark_libs__/kubernetes-model-metrics-6.7.2.jar
70451687  420 -r-xr-xr-x   1 root     root       427780 Sep 12 15:40 ./__spark_libs__/jodd-core-3.5.2.jar
206003013  116 -r-xr-xr-x   1 root     root       117002 Sep 12 15:40 ./__spark_libs__/spark-mllib-local_2.12-3.5.1.jar
7153925   36 -r-xr-xr-x   1 root     root        34654 Sep 12 15:40 ./__spark_libs__/paranamer-2.8.jar
205776824   28 -r-xr-xr-x   1 root     root        24665 Sep 12 15:40 ./__spark_libs__/netty-transport-native-kqueue-4.1.96.Final-osx-x86_64.jar
7153851   76 -r-xr-xr-x   1 root     root        75567 Sep 12 15:40 ./__spark_libs__/jackson-annotations-2.15.2.jar
70430550  144 -r-xr-xr-x   1 root     root       147152 Sep 12 15:40 ./__spark_libs__/netty-transport-classes-epoll-4.1.96.Final.jar
7160401   24 -r-xr-xr-x   1 root     root        21568 Sep 12 15:40 ./__spark_libs__/metrics-jmx-4.2.19.jar
137388675   88 -r-xr-xr-x   1 root     root        89855 Sep 12 15:40 ./__spark_libs__/json4s-ast_2.12-3.7.0-M11.jar
206018252 10588 -r-xr-xr-x   1 root     root     10840949 Sep 12 15:40 ./__spark_libs__/hive-exec-2.3.9-core.jar
206018291  108 -r-xr-xr-x   1 root     root       110232 Sep 12 15:40 ./__spark_libs__/arrow-format-12.0.1.jar
7153871 2120 -r-xr-xr-x   1 root     root      2168533 Sep 12 15:40 ./__spark_libs__/tink-1.9.0.jar
70451684 1168 -r-xr-xr-x   1 root     root      1194003 Sep 12 15:40 ./__spark_libs__/arpack_combined_all-0.1.jar
70430505   92 -r-xr-xr-x   1 root     root        91930 Sep 12 15:40 ./__spark_libs__/jakarta.validation-api-2.0.2.jar
7154240  564 -r-xr-xr-x   1 root     root       577133 Sep 12 15:40 ./__spark_libs__/kubernetes-model-networking-6.7.2.jar
137388678   40 -r-xr-xr-x   1 root     root        39487 Sep 12 15:40 ./__spark_libs__/arrow-memory-netty-12.0.1.jar
137388708 1228 -r-xr-xr-x   1 root     root      1254153 Sep 12 15:40 ./__spark_libs__/zookeeper-3.6.3.jar
137388672   28 -r-xr-xr-x   1 root     root        25400 Sep 12 15:40 ./__spark_libs__/netty-transport-native-kqueue-4.1.96.Final-osx-aarch_64.jar
206018279   80 -r-xr-xr-x   1 root     root        81831 Sep 12 15:40 ./__spark_libs__/compress-lzf-1.1.2.jar
206003055  992 -r-xr-xr-x   1 root     root      1013367 Sep 12 15:40 ./__spark_libs__/jaxb-runtime-2.3.2.jar
206003513   32 -r-xr-xr-x   1 root     root        31604 Sep 12 15:40 ./__spark_libs__/kubernetes-httpclient-okhttp-6.7.2.jar
135997916   80 -r-xr-xr-x   1 root     root        80384 Sep 12 15:40 ./__spark_libs__/breeze-macros_2.12-2.1.0.jar
70442095  940 -r-xr-xr-x   1 root     root       961299 Sep 12 15:40 ./__spark_libs__/kubernetes-model-admissionregistration-6.7.2.jar
70451681 9420 -r-xr-xr-x   1 root     root      9644368 Sep 12 15:40 ./__spark_libs__/spark-sql_2.12-3.5.1.jar
206018288   36 -r-xr-xr-x   1 root     root        33031 Sep 12 15:40 ./__spark_libs__/jsr305-3.0.0.jar
70442056 1732 -r-xr-xr-x   1 root     root      1772199 Sep 12 15:40 ./__spark_libs__/spark-sql-api_2.12-3.5.1.jar
70430511   20 -r-xr-xr-x   1 root     root        18140 Sep 12 15:40 ./__spark_libs__/jakarta.inject-2.6.1.jar
135997723  476 -r-xr-xr-x   1 root     root       483954 Sep 12 15:40 ./__spark_libs__/commons-io-2.13.0.jar
206003058   56 -r-xr-xr-x   1 root     root        54774 Sep 12 15:40 ./__spark_libs__/spark-unsafe_2.12-3.5.1.jar
206003528   84 -r-xr-xr-x   1 root     root        84199 Sep 12 15:40 ./__spark_libs__/spark-kvstore_2.12-3.5.1.jar
206018285  436 -r-xr-xr-x   1 root     root       443362 Sep 12 15:40 ./__spark_libs__/RoaringBitmap-0.9.45.jar
135997702  308 -r-xr-xr-x   1 root     root       313296 Sep 12 15:40 ./__spark_libs__/log4j-api-2.20.0.jar
70430523  172 -r-xr-xr-x   1 root     root       173752 Sep 12 15:40 ./__spark_libs__/commons-compiler-3.1.9.jar
206003046   48 -r-xr-xr-x   1 root     root        48987 Sep 12 15:40 ./__spark_libs__/kubernetes-model-coordination-6.7.2.jar
70430502  136 -r-xr-xr-x   1 root     root       136363 Sep 12 15:40 ./__spark_libs__/HikariCP-2.5.1.jar
135997726   28 -r-xr-xr-x   1 root     root        27156 Sep 12 15:40 ./__spark_libs__/istack-commons-runtime-3.0.8.jar
7160404 1980 -r-xr-xr-x   1 root     root      2027128 Sep 12 15:40 ./__spark_libs__/parquet-column-1.13.1.jar
70442077  832 -r-xr-xr-x   1 root     root       849213 Sep 12 15:40 ./__spark_libs__/parquet-encoding-1.13.1.jar
7153880  156 -r-xr-xr-x   1 root     root       159174 Sep 12 15:40 ./__spark_libs__/kubernetes-model-node-6.7.2.jar
206018276 2140 -r-xr-xr-x   1 root     root      2189117 Sep 12 15:40 ./__spark_libs__/guava-14.0.1.jar
135997687  252 -r-xr-xr-x   1 root     root       254067 Sep 12 15:40 ./__spark_libs__/aircompressor-0.26.jar
135997693  292 -r-xr-xr-x   1 root     root       296926 Sep 12 15:40 ./__spark_libs__/kubernetes-model-batch-6.7.2.jar
7154246  320 -r-xr-xr-x   1 root     root       326585 Sep 12 15:40 ./__spark_libs__/hive-llap-common-2.3.9.jar
7153946  548 -r-xr-xr-x   1 root     root       557737 Sep 12 15:40 ./__spark_libs__/netty-handler-4.1.96.Final.jar
70028005  644 -r-xr-xr-x   1 root     root       656598 Sep 12 15:40 ./__spark_libs__/netty-codec-http-4.1.96.Final.jar
135997919  520 -r-xr-xr-x   1 root     root       530799 Sep 12 15:40 ./__spark_libs__/kubernetes-model-apps-6.7.2.jar
137388717   36 -r-xr-xr-x   1 root     root        35085 Sep 12 15:40 ./__spark_libs__/spire-util_2.12-0.17.0.jar
135997684  668 -r-xr-xr-x   1 root     root       682804 Sep 12 15:40 ./__spark_libs__/lz4-java-1.8.0.jar
137388726  388 -r-xr-xr-x   1 root     root       395195 Sep 12 15:40 ./__spark_libs__/javolution-5.5.1.jar
206003519  140 -r-xr-xr-x   1 root     root       140376 Sep 12 15:40 ./__spark_libs__/jakarta.ws.rs-api-2.1.6.jar
206003031 19004 -r-xr-xr-x   1 root     root     19458635 Sep 12 15:40 ./__spark_libs__/hadoop-client-api-3.3.4.jar
70442098   28 -r-xr-xr-x   1 root     root        25475 Sep 12 15:40 ./__spark_libs__/json-1.8.jar
7154297 1000 -r-xr-xr-x   1 root     root      1022407 Sep 12 15:40 ./__spark_libs__/kubernetes-model-flowcontrol-6.7.2.jar
70442092   96 -r-xr-xr-x   1 root     root        97009 Sep 12 15:40 ./__spark_libs__/parquet-common-1.13.1.jar
206003546    8 -r-xr-xr-x   1 root     root         5711 Sep 12 15:40 ./__spark_libs__/minlog-1.3.0.jar
70430529  116 -r-xr-xr-x   1 root     root       116364 Sep 12 15:40 ./__spark_libs__/hive-jdbc-2.3.9.jar
206003510 14324 -r-xr-xr-x   1 root     root     14667703 Sep 12 15:40 ./__spark_libs__/spark-core_2.12-3.5.1.jar
7154294 1016 -r-xr-xr-x   1 root     root      1036374 Sep 12 15:40 ./__spark_libs__/kubernetes-model-gatewayapi-6.7.2.jar
70430532  248 -r-xr-xr-x   1 root     root       250399 Sep 12 15:40 ./__spark_libs__/zookeeper-jute-3.6.3.jar
206003516  128 -r-xr-xr-x   1 root     root       129647 Sep 12 15:40 ./__spark_libs__/metrics-core-4.2.19.jar
206003501    8 -r-xr-xr-x   1 root     root         5655 Sep 12 15:40 ./__spark_libs__/jul-to-slf4j-2.0.7.jar
70028020  128 -r-xr-xr-x   1 root     root       129774 Sep 12 15:40 ./__spark_libs__/datasketches-memory-2.1.0.jar
7154243 2164 -r-xr-xr-x   1 root     root      2213560 Sep 12 15:40 ./__spark_libs__/commons-math3-3.6.1.jar
135997898 3160 -r-xr-xr-x   1 root     root      3232770 Sep 12 15:40 ./__spark_libs__/derby-10.14.2.0.jar
70442083   24 -r-xr-xr-x   1 root     root        23890 Sep 12 15:40 ./__spark_libs__/metrics-graphite-4.2.19.jar
70430553  296 -r-xr-xr-x   1 root     root       301876 Sep 12 15:40 ./__spark_libs__/jersey-client-2.40.jar
70028011   40 -r-xr-xr-x   1 root     root        40475 Sep 12 15:40 ./__spark_libs__/netty-transport-native-epoll-4.1.96.Final-linux-aarch_64.jar
206003052  816 -r-xr-xr-x   1 root     root       832024 Sep 12 15:40 ./__spark_libs__/datasketches-java-3.3.0.jar
206003534  736 -r-xr-xr-x   1 root     root       751914 Sep 12 15:40 ./__spark_libs__/commons-collections4-4.4.jar
206018267  260 -r-xr-xr-x   1 root     root       262591 Sep 12 15:40 ./__spark_libs__/xbean-asm9-shaded-4.23.jar
137388714  196 -r-xr-xr-x   1 root     root       200223 Sep 12 15:40 ./__spark_libs__/hk2-api-2.6.1.jar
7153922  428 -r-xr-xr-x   1 root     root       436169 Sep 12 15:40 ./__spark_libs__/hive-common-2.3.9.jar
206003034 1864 -r-xr-xr-x   1 root     root      1908681 Sep 12 15:40 ./__spark_libs__/datanucleus-rdbms-4.1.19.jar
70027999  188 -r-xr-xr-x   1 root     root       191677 Sep 12 15:40 ./__spark_libs__/kubernetes-model-discovery-6.7.2.jar
137388711   56 -r-xr-xr-x   1 root     root        54279 Sep 12 15:40 ./__spark_libs__/pickle-1.3.jar
135997699  504 -r-xr-xr-x   1 root     root       513968 Sep 12 15:40 ./__spark_libs__/jackson-module-scala_2.12-2.15.2.jar
7153904  228 -r-xr-xr-x   1 root     root       232470 Sep 12 15:40 ./__spark_libs__/JLargeArrays-1.5.jar
7154267  200 -r-xr-xr-x   1 root     root       201124 Sep 12 15:40 ./__spark_libs__/jdo-api-3.0.1.jar
7154276   52 -r-xr-xr-x   1 root     root        49423 Sep 12 15:40 ./__spark_libs__/objenesis-3.3.jar
7153865  776 -r-xr-xr-x   1 root     root       794137 Sep 12 15:40 ./__spark_libs__/javassist-3.29.2-GA.jar
206003525  360 -r-xr-xr-x   1 root     root       366748 Sep 12 15:40 ./__spark_libs__/datanucleus-api-jdo-4.2.4.jar
70430499  332 -r-xr-xr-x   1 root     root       336742 Sep 12 15:40 ./__spark_libs__/antlr4-runtime-4.9.3.jar
7153874 57936 -r-xr-xr-x   1 root     root     59326387 Sep 12 15:40 ./__spark_libs__/rocksdbjni-8.3.2.jar
70430547    4 -r-xr-xr-x   1 root     root         2551 Sep 12 15:40 ./__spark_libs__/shims-0.9.45.jar
7153868   96 -r-xr-xr-x   1 root     root        96221 Sep 12 15:40 ./__spark_libs__/commons-pool-1.5.4.jar
70430508  228 -r-xr-xr-x   1 root     root       232248 Sep 12 15:40 ./__spark_libs__/jackson-core-asl-1.9.13.jar
70442080  340 -r-xr-xr-x   1 root     root       344375 Sep 12 15:40 ./__spark_libs__/log4j-1.2-api-2.20.0.jar
206018294   44 -r-xr-xr-x   1 root     root        43897 Sep 12 15:40 ./__spark_libs__/netty-transport-native-unix-common-4.1.96.Final.jar
135997925   16 -r-xr-xr-x   1 root     root        15935 Sep 12 15:40 ./__spark_libs__/dropwizard-metrics-hadoop-metrics2-reporter-0.1.2.jar
7153855   20 -r-xr-xr-x   1 root     root        17037 Sep 12 15:40 ./__spark_libs__/metrics-json-4.2.19.jar
135997681   32 -r-xr-xr-x   1 root     root        29603 Sep 12 15:40 ./__spark_libs__/kubernetes-model-common-6.7.2.jar
70442107   16 -r-xr-xr-x   1 root     root        12923 Sep 12 15:40 ./__spark_libs__/hive-shims-scheduler-2.3.9.jar
70430517 1368 -r-xr-xr-x   1 root     root      1398591 Sep 12 15:40 ./__spark_libs__/ivy-2.5.1.jar
206003495  224 -r-xr-xr-x   1 root     root       228230 Sep 12 15:40 ./__spark_libs__/kubernetes-model-resource-6.7.2.jar
137388729   20 -r-xr-xr-x   1 root     root        19014 Sep 12 15:40 ./__spark_libs__/annotations-17.0.0.jar
135997895 1972 -r-xr-xr-x   1 root     root      2016766 Sep 12 15:40 ./__spark_libs__/datanucleus-core-4.1.17.jar
135997928  280 -r-xr-xr-x   1 root     root       284220 Sep 12 15:40 ./__spark_libs__/commons-lang-2.6.jar
7153898   16 -r-xr-xr-x   1 root     root        15071 Sep 12 15:40 ./__spark_libs__/transaction-api-1.1.jar
206018243 12756 -r-xr-xr-x   1 root     root     13059596 Sep 12 15:40 ./__spark_libs__/breeze_2.12-2.1.0.jar
206003040   60 -r-xr-xr-x   1 root     root        58683 Sep 12 15:40 ./__spark_libs__/chill-java-0.10.0.jar
206003549  308 -r-xr-xr-x   1 root     root       313702 Sep 12 15:40 ./__spark_libs__/libfb303-0.9.3.jar
206018240   68 -r-xr-xr-x   1 root     root        65966 Sep 12 15:40 ./__spark_libs__/kubernetes-model-scheduling-6.7.2.jar
7160398 10728 -r-xr-xr-x   1 root     root     10983677 Sep 12 15:40 ./__spark_libs__/scala-compiler-2.12.18.jar
70442053  104 -r-xr-xr-x   1 root     root       103931 Sep 12 15:40 ./__spark_libs__/kubernetes-model-events-6.7.2.jar
7160392   68 -r-xr-xr-x   1 root     root        69409 Sep 12 15:40 ./__spark_libs__/activation-1.1.1.jar
206003037 1972 -r-xr-xr-x   1 root     root      2017388 Sep 12 15:40 ./__spark_libs__/parquet-jackson-1.13.1.jar
70028014  560 -r-xr-xr-x   1 root     root       571369 Sep 12 15:40 ./__spark_libs__/spark-hive-thriftserver_2.12-3.5.1.jar
7160407  648 -r-xr-xr-x   1 root     root       659926 Sep 12 15:40 ./__spark_libs__/netty-common-4.1.96.Final.jar
70430514   56 -r-xr-xr-x   1 root     root        53902 Sep 12 15:40 ./__spark_libs__/hive-shims-0.23-2.3.9.jar
7154270  932 -r-xr-xr-x   1 root     root       950564 Sep 12 15:40 ./__spark_libs__/jersey-server-2.40.jar
135997907   80 -r-xr-xr-x   1 root     root        78441 Sep 12 15:40 ./__spark_libs__/spark-launcher_2.12-3.5.1.jar
70442104  116 -r-xr-xr-x   1 root     root       114698 Sep 12 15:40 ./__spark_libs__/spire-macros_2.12-0.17.0.jar
135997937 2768 -r-xr-xr-x   1 root     root      2830854 Sep 12 15:40 ./__spark_libs__/orc-core-1.9.2-shaded-protobuf.jar
70442071  336 -r-xr-xr-x   1 root     root       341926 Sep 12 15:40 ./__spark_libs__/kubernetes-model-policy-6.7.2.jar
7153895   80 -r-xr-xr-x   1 root     root        78477 Sep 12 15:40 ./__spark_libs__/jersey-hk2-2.40.jar
206018246 3284 -r-xr-xr-x   1 root     root      3362359 Sep 12 15:40 ./__spark_libs__/hadoop-shaded-guava-1.1.1.jar
7153913  940 -r-xr-xr-x   1 root     root       958840 Sep 12 15:40 ./__spark_libs__/janino-3.1.9.jar
70027993   28 -r-xr-xr-x   1 root     root        25058 Sep 12 15:40 ./__spark_libs__/jakarta.annotation-api-1.3.5.jar
135997711  600 -r-xr-xr-x   1 root     root       612317 Sep 12 15:40 ./__spark_libs__/avro-1.11.2.jar
206018282  568 -r-xr-xr-x   1 root     root       579727 Sep 12 15:40 ./__spark_libs__/kubernetes-model-extensions-6.7.2.jar
137707874   88 -r-xr-xr-x   1 root     root        88732 Sep 12 15:40 ./__spark_libs__/okio-1.15.0.jar
135997717 5308 -r-xr-xr-x   1 root     root      5433857 Sep 12 15:40 ./__spark_libs__/scala-library-2.12.18.jar
137388699   64 -r-xr-xr-x   1 root     root        65261 Sep 12 15:40 ./__spark_libs__/oro-2.0.8.jar
206003049 7076 -r-xr-xr-x   1 root     root      7243903 Sep 12 15:40 ./__spark_libs__/spire_2.12-0.17.0.jar
206003543  388 -r-xr-xr-x   1 root     root       395537 Sep 12 15:40 ./__spark_libs__/kubernetes-model-storageclass-6.7.2.jar
7153892   16 -r-xr-xr-x   1 root     root        12483 Sep 12 15:40 ./__spark_libs__/logging-interceptor-3.12.12.jar
7154261  208 -r-xr-xr-x   1 root     root       212374 Sep 12 15:40 ./__spark_libs__/chill_2.12-0.10.0.jar
70451702   56 -r-xr-xr-x   1 root     root        56812 Sep 12 15:40 ./__spark_libs__/hadoop-yarn-server-web-proxy-3.3.4.jar
137388723  184 -r-xr-xr-x   1 root     root       186777 Sep 12 15:40 ./__spark_libs__/scala-parser-combinators_2.12-2.3.0.jar
7153949 1808 -r-xr-xr-x   1 root     root      1847550 Sep 12 15:40 ./__spark_libs__/log4j-core-2.20.0.jar
7153889 1016 -r-xr-xr-x   1 root     root      1037169 Sep 12 15:40 ./__spark_libs__/kubernetes-model-apiextensions-6.7.2.jar
135997910 1040 -r-xr-xr-x   1 root     root      1062555 Sep 12 15:40 ./__spark_libs__/commons-compress-1.23.0.jar
7153883 2368 -r-xr-xr-x   1 root     root      2423157 Sep 12 15:40 ./__spark_libs__/curator-client-2.13.0.jar
70430535 1024 -r-xr-xr-x   1 root     root      1045744 Sep 12 15:40 ./__spark_libs__/leveldbjni-all-1.8.jar
7160410  164 -r-xr-xr-x   1 root     root       167761 Sep 12 15:40 ./__spark_libs__/antlr-runtime-3.5.2.jar
135997931  244 -r-xr-xr-x   1 root     root       247466 Sep 12 15:40 ./__spark_libs__/scala-collection-compat_2.12-2.7.0.jar
206003061   32 -r-xr-xr-x   1 root     root        30823 Sep 12 15:40 ./__spark_libs__/spark-sketch_2.12-3.5.1.jar
70430559   64 -r-xr-xr-x   1 root     root        63635 Sep 12 15:40 ./__spark_libs__/slf4j-api-2.0.7.jar
70442074 12260 -r-xr-xr-x   1 root     root     12551721 Sep 12 15:40 ./__spark_libs__/spark-catalyst_2.12-3.5.1.jar
7153901 1584 -r-xr-xr-x   1 root     root      1620088 Sep 12 15:40 ./__spark_libs__/jackson-databind-2.15.2.jar
70451693 1672 -r-xr-xr-x   1 root     root      1710748 Sep 12 15:40 ./__spark_libs__/orc-mapreduce-1.9.2-shaded-protobuf.jar
7160395  476 -r-xr-xr-x   1 root     root       486414 Sep 12 15:40 ./__spark_libs__/kubernetes-client-api-6.7.2.jar
206003010  456 -r-xr-xr-x   1 root     root       466520 Sep 12 15:40 ./__spark_libs__/scala-xml_2.12-2.1.0.jar
70028008 1144 -r-xr-xr-x   1 root     root      1168417 Sep 12 15:40 ./__spark_libs__/algebra_2.12-2.0.1.jar
206003492   40 -r-xr-xr-x   1 root     root        38711 Sep 12 15:40 ./__spark_libs__/spark-repl_2.12-3.5.1.jar
7153862 3264 -r-xr-xr-x   1 root     root      3340031 Sep 12 15:40 ./__spark_libs__/cats-kernel_2.12-2.1.1.jar
206003025  176 -r-xr-xr-x   1 root     root       177704 Sep 12 15:40 ./__spark_libs__/spark-network-shuffle_2.12-3.5.1.jar
135997892 5804 -r-xr-xr-x   1 root     root      5940719 Sep 12 15:40 ./__spark_libs__/zstd-jni-1.5.5-4.jar
206003507 1108 -r-xr-xr-x   1 root     root      1133653 Sep 12 15:40 ./__spark_libs__/spark-streaming_2.12-3.5.1.jar
135997943   28 -r-xr-xr-x   1 root     root        27006 Sep 12 15:40 ./__spark_libs__/aopalliance-repackaged-2.6.1.jar
70442068  576 -r-xr-xr-x   1 root     root       588337 Sep 12 15:40 ./__spark_libs__/commons-collections-3.2.2.jar
7153934  124 -r-xr-xr-x   1 root     root       122937 Sep 12 15:40 ./__spark_libs__/jackson-datatype-jsr310-2.15.2.jar
135997913  116 -r-xr-xr-x   1 root     root       115498 Sep 12 15:40 ./__spark_libs__/jakarta.xml.bind-api-2.3.2.jar
135997690   76 -r-xr-xr-x   1 root     root        76500 Sep 12 15:40 ./__spark_libs__/arpack-3.0.3.jar
70442065   32 -r-xr-xr-x   1 root     root        32298 Sep 12 15:40 ./__spark_libs__/jersey-container-servlet-2.40.jar
7153907 1204 -r-xr-xr-x   1 root     root      1230119 Sep 12 15:40 ./__spark_libs__/jersey-common-2.40.jar
206018261  480 -r-xr-xr-x   1 root     root       489581 Sep 12 15:40 ./__spark_libs__/netty-transport-4.1.96.Final.jar
206003070   12 -r-xr-xr-x   1 root     root         8455 Sep 12 15:40 ./__spark_libs__/spire-platform_2.12-0.17.0.jar
137388702   64 -r-xr-xr-x   1 root     root        62050 Sep 12 15:40 ./__spark_libs__/commons-logging-1.1.3.jar
135997708   28 -r-xr-xr-x   1 root     root        24683 Sep 12 15:40 ./__spark_libs__/metrics-jvm-4.2.19.jar
135997714  160 -r-xr-xr-x   1 root     root       160519 Sep 12 15:40 ./__spark_libs__/commons-dbcp-1.4.jar
7154288  576 -r-xr-xr-x   1 root     root       587402 Sep 12 15:40 ./__spark_libs__/commons-lang3-3.12.0.jar
206018296    0 drwx------   3 root     root          134 Sep 12 15:41 ./__spark_conf__
7160413    0 drwx------   2 root     root           69 Sep 12 15:41 ./__spark_conf__/__hadoop_conf__
7160414    4 -r-x------   1 root     root         1247 Sep 12 15:41 ./__spark_conf__/__hadoop_conf__/yarn-site.xml
7160415    4 -r-x------   1 root     root          721 Sep 12 15:41 ./__spark_conf__/__hadoop_conf__/core-site.xml
7160416    4 -r-x------   1 root     root          713 Sep 12 15:41 ./__spark_conf__/__hadoop_conf__/hive-site.xml
206018297  152 -r-x------   1 root     root       153486 Sep 12 15:41 ./__spark_conf__/__spark_hadoop_conf__.xml
206018298    4 -r-x------   1 root     root          546 Sep 12 15:41 ./__spark_conf__/__spark_conf__.properties
206018299   40 -r-x------   1 root     root        38951 Sep 12 15:41 ./__spark_conf__/__spark_dist_cache__.properties
70451715    4 -r-x------   1 root     root         3454 Sep 12 15:41 ./__app__.jar
broken symlinks(find -L . -maxdepth 5 -type l -ls):

End of LogType:directory.info
*******************************************************************************

Container: container_e35_1789195359269_0004_01_000002 on node03_43710
LogAggregationType: AGGREGATED
=====================================================================
LogType:launch_container.sh
LogLastModifiedTime:周六 9月 12 15:41:40 +0800 2026
LogLength:44173
LogContents:
#!/bin/bash

set -o pipefail -e
export PRELAUNCH_OUT="/opt/yjx/hadoop-3.3.4/logs/userlogs/application_1789195359269_0004/container_e35_1789195359269_0004_01_000002/prelaunch.out"
exec >"${PRELAUNCH_OUT}"
export PRELAUNCH_ERR="/opt/yjx/hadoop-3.3.4/logs/userlogs/application_1789195359269_0004/container_e35_1789195359269_0004_01_000002/prelaunch.err"
exec 2>"${PRELAUNCH_ERR}"
echo "Setting up env variables"
export JAVA_HOME=${JAVA_HOME:-"/usr/java/jdk1.8.0_351-amd64"}
export HADOOP_COMMON_HOME=${HADOOP_COMMON_HOME:-"/opt/yjx/hadoop-3.3.4"}
export HADOOP_HDFS_HOME=${HADOOP_HDFS_HOME:-"/opt/yjx/hadoop-3.3.4"}
export HADOOP_CONF_DIR=${HADOOP_CONF_DIR:-"/opt/yjx/hadoop-3.3.4/etc/hadoop"}
export HADOOP_YARN_HOME=${HADOOP_YARN_HOME:-"/opt/yjx/hadoop-3.3.4"}
export HADOOP_HOME=${HADOOP_HOME:-"/opt/yjx/hadoop-3.3.4"}
export PATH=${PATH:-"/usr/local/sbin:/usr/local/bin:/usr/sbin:/usr/bin"}
export LANG=${LANG:-"en_US.UTF-8"}
export HADOOP_TOKEN_FILE_LOCATION="/var/yjx/hadoop/ha/nm-local-dir/usercache/root/appcache/application_1789195359269_0004/container_e35_1789195359269_0004_01_000002/container_tokens"
export CONTAINER_ID="container_e35_1789195359269_0004_01_000002"
export NM_PORT="43710"
export NM_HOST="node03"
export NM_HTTP_PORT="8042"
export LOCAL_DIRS="/var/yjx/hadoop/ha/nm-local-dir/usercache/root/appcache/application_1789195359269_0004"
export LOCAL_USER_DIRS="/var/yjx/hadoop/ha/nm-local-dir/usercache/root/"
export LOG_DIRS="/opt/yjx/hadoop-3.3.4/logs/userlogs/application_1789195359269_0004/container_e35_1789195359269_0004_01_000002"
export USER="root"
export LOGNAME="root"
export HOME="/home/"
export PWD="/var/yjx/hadoop/ha/nm-local-dir/usercache/root/appcache/application_1789195359269_0004/container_e35_1789195359269_0004_01_000002"
export LOCALIZATION_COUNTERS="0,337876344,0,254,8"
export JVM_PID="$$"
export NM_AUX_SERVICE_mapreduce_shuffle="AAA0+gAAAAAAAAAAAAAAAAAAAAAAAAAAAAAAAAAAAAA="
export SPARK_YARN_STAGING_DIR="hdfs://node01:8020/graduation/staging/root/.sparkStaging/application_1789195359269_0004"
export SPARK_PREFER_IPV6="false"
export CLASSPATH="$PWD:$PWD/__spark_conf__:$PWD/__spark_libs__/*:$PWD/__spark_conf__/__hadoop_conf__"
export SPARK_USER="root"
export MALLOC_ARENA_MAX="4"
echo "Setting up job resources"
mkdir -p __spark_libs__
ln -sf -- "/var/yjx/hadoop/ha/nm-local-dir/filecache/201/kubernetes-model-autoscaling-6.7.2.jar" "__spark_libs__/kubernetes-model-autoscaling-6.7.2.jar"
mkdir -p __spark_libs__
ln -sf -- "/var/yjx/hadoop/ha/nm-local-dir/filecache/46/hive-beeline-2.3.9.jar" "__spark_libs__/hive-beeline-2.3.9.jar"
mkdir -p __spark_libs__
ln -sf -- "/var/yjx/hadoop/ha/nm-local-dir/filecache/158/snakeyaml-2.0.jar" "__spark_libs__/snakeyaml-2.0.jar"
mkdir -p __spark_libs__
ln -sf -- "/var/yjx/hadoop/ha/nm-local-dir/filecache/38/kryo-shaded-4.0.2.jar" "__spark_libs__/kryo-shaded-4.0.2.jar"
mkdir -p __spark_libs__
ln -sf -- "/var/yjx/hadoop/ha/nm-local-dir/filecache/104/zjsonpatch-0.3.0.jar" "__spark_libs__/zjsonpatch-0.3.0.jar"
mkdir -p __spark_libs__
ln -sf -- "/var/yjx/hadoop/ha/nm-local-dir/filecache/114/audience-annotations-0.5.0.jar" "__spark_libs__/audience-annotations-0.5.0.jar"
mkdir -p __spark_libs__
ln -sf -- "/var/yjx/hadoop/ha/nm-local-dir/filecache/232/spark-kubernetes_2.12-3.5.1.jar" "__spark_libs__/spark-kubernetes_2.12-3.5.1.jar"
mkdir -p __spark_libs__
ln -sf -- "/var/yjx/hadoop/ha/nm-local-dir/filecache/90/arrow-memory-core-12.0.1.jar" "__spark_libs__/arrow-memory-core-12.0.1.jar"
mkdir -p __spark_libs__
ln -sf -- "/var/yjx/hadoop/ha/nm-local-dir/filecache/113/hive-metastore-2.3.9.jar" "__spark_libs__/hive-metastore-2.3.9.jar"
mkdir -p __spark_libs__
ln -sf -- "/var/yjx/hadoop/ha/nm-local-dir/filecache/208/okhttp-3.12.12.jar" "__spark_libs__/okhttp-3.12.12.jar"
mkdir -p __spark_libs__
ln -sf -- "/var/yjx/hadoop/ha/nm-local-dir/filecache/185/javax.jdo-3.2.0-m3.jar" "__spark_libs__/javax.jdo-3.2.0-m3.jar"
mkdir -p __spark_libs__
ln -sf -- "/var/yjx/hadoop/ha/nm-local-dir/filecache/229/threeten-extra-1.7.1.jar" "__spark_libs__/threeten-extra-1.7.1.jar"
mkdir -p __spark_libs__
ln -sf -- "/var/yjx/hadoop/ha/nm-local-dir/filecache/235/mesos-1.4.3-shaded-protobuf.jar" "__spark_libs__/mesos-1.4.3-shaded-protobuf.jar"
mkdir -p __spark_libs__
ln -sf -- "/var/yjx/hadoop/ha/nm-local-dir/filecache/64/spark-graphx_2.12-3.5.1.jar" "__spark_libs__/spark-graphx_2.12-3.5.1.jar"
mkdir -p __spark_libs__
ln -sf -- "/var/yjx/hadoop/ha/nm-local-dir/filecache/194/avro-mapred-1.11.2.jar" "__spark_libs__/avro-mapred-1.11.2.jar"
mkdir -p __spark_libs__
ln -sf -- "/var/yjx/hadoop/ha/nm-local-dir/filecache/199/httpcore-4.4.16.jar" "__spark_libs__/httpcore-4.4.16.jar"
mkdir -p __spark_libs__
ln -sf -- "/var/yjx/hadoop/ha/nm-local-dir/filecache/165/univocity-parsers-2.9.1.jar" "__spark_libs__/univocity-parsers-2.9.1.jar"
mkdir -p __spark_libs__
ln -sf -- "/var/yjx/hadoop/ha/nm-local-dir/filecache/146/libthrift-0.12.0.jar" "__spark_libs__/libthrift-0.12.0.jar"
mkdir -p __spark_libs__
ln -sf -- "/var/yjx/hadoop/ha/nm-local-dir/filecache/131/jackson-dataformat-yaml-2.15.2.jar" "__spark_libs__/jackson-dataformat-yaml-2.15.2.jar"
mkdir -p __spark_libs__
ln -sf -- "/var/yjx/hadoop/ha/nm-local-dir/filecache/15/jakarta.servlet-api-4.0.3.jar" "__spark_libs__/jakarta.servlet-api-4.0.3.jar"
mkdir -p __spark_libs__
ln -sf -- "/var/yjx/hadoop/ha/nm-local-dir/filecache/221/netty-handler-proxy-4.1.96.Final.jar" "__spark_libs__/netty-handler-proxy-4.1.96.Final.jar"
mkdir -p __spark_libs__
ln -sf -- "/var/yjx/hadoop/ha/nm-local-dir/filecache/148/spark-mesos_2.12-3.5.1.jar" "__spark_libs__/spark-mesos_2.12-3.5.1.jar"
mkdir -p __spark_libs__
ln -sf -- "/var/yjx/hadoop/ha/nm-local-dir/filecache/163/scala-reflect-2.12.18.jar" "__spark_libs__/scala-reflect-2.12.18.jar"
mkdir -p __spark_libs__
ln -sf -- "/var/yjx/hadoop/ha/nm-local-dir/filecache/58/commons-cli-1.5.0.jar" "__spark_libs__/commons-cli-1.5.0.jar"
mkdir -p __spark_libs__
ln -sf -- "/var/yjx/hadoop/ha/nm-local-dir/filecache/251/JTransforms-3.1.jar" "__spark_libs__/JTransforms-3.1.jar"
mkdir -p __spark_libs__
ln -sf -- "/var/yjx/hadoop/ha/nm-local-dir/filecache/19/spark-yarn_2.12-3.5.1.jar" "__spark_libs__/spark-yarn_2.12-3.5.1.jar"
mkdir -p __spark_libs__
ln -sf -- "/var/yjx/hadoop/ha/nm-local-dir/filecache/242/jta-1.1.jar" "__spark_libs__/jta-1.1.jar"
mkdir -p __spark_libs__
ln -sf -- "/var/yjx/hadoop/ha/nm-local-dir/filecache/160/parquet-hadoop-1.13.1.jar" "__spark_libs__/parquet-hadoop-1.13.1.jar"
mkdir -p __spark_libs__
ln -sf -- "/var/yjx/hadoop/ha/nm-local-dir/filecache/183/py4j-0.10.9.7.jar" "__spark_libs__/py4j-0.10.9.7.jar"
mkdir -p __spark_libs__
ln -sf -- "/var/yjx/hadoop/ha/nm-local-dir/filecache/214/xz-1.9.jar" "__spark_libs__/xz-1.9.jar"
mkdir -p __spark_libs__
ln -sf -- "/var/yjx/hadoop/ha/nm-local-dir/filecache/172/commons-text-1.10.0.jar" "__spark_libs__/commons-text-1.10.0.jar"
mkdir -p __spark_libs__
ln -sf -- "/var/yjx/hadoop/ha/nm-local-dir/filecache/203/hive-service-rpc-3.1.3.jar" "__spark_libs__/hive-service-rpc-3.1.3.jar"
mkdir -p __spark_libs__
ln -sf -- "/var/yjx/hadoop/ha/nm-local-dir/filecache/173/httpclient-4.5.14.jar" "__spark_libs__/httpclient-4.5.14.jar"
mkdir -p __spark_libs__
ln -sf -- "/var/yjx/hadoop/ha/nm-local-dir/filecache/53/spark-tags_2.12-3.5.1.jar" "__spark_libs__/spark-tags_2.12-3.5.1.jar"
mkdir -p __spark_libs__
ln -sf -- "/var/yjx/hadoop/ha/nm-local-dir/filecache/129/hadoop-client-runtime-3.3.4.jar" "__spark_libs__/hadoop-client-runtime-3.3.4.jar"
mkdir -p __spark_libs__
ln -sf -- "/var/yjx/hadoop/ha/nm-local-dir/filecache/187/hive-serde-2.3.9.jar" "__spark_libs__/hive-serde-2.3.9.jar"
mkdir -p __spark_libs__
ln -sf -- "/var/yjx/hadoop/ha/nm-local-dir/filecache/118/snappy-java-1.1.10.3.jar" "__spark_libs__/snappy-java-1.1.10.3.jar"
mkdir -p __spark_libs__
ln -sf -- "/var/yjx/hadoop/ha/nm-local-dir/filecache/109/json4s-core_2.12-3.7.0-M11.jar" "__spark_libs__/json4s-core_2.12-3.7.0-M11.jar"
mkdir -p __spark_libs__
ln -sf -- "/var/yjx/hadoop/ha/nm-local-dir/filecache/107/ST4-4.0.4.jar" "__spark_libs__/ST4-4.0.4.jar"
mkdir -p __spark_libs__
ln -sf -- "/var/yjx/hadoop/ha/nm-local-dir/filecache/125/osgi-resource-locator-1.0.3.jar" "__spark_libs__/osgi-resource-locator-1.0.3.jar"
mkdir -p __spark_libs__
ln -sf -- "/var/yjx/hadoop/ha/nm-local-dir/filecache/167/hive-shims-2.3.9.jar" "__spark_libs__/hive-shims-2.3.9.jar"
mkdir -p __spark_libs__
ln -sf -- "/var/yjx/hadoop/ha/nm-local-dir/filecache/225/kubernetes-model-rbac-6.7.2.jar" "__spark_libs__/kubernetes-model-rbac-6.7.2.jar"
mkdir -p __spark_libs__
ln -sf -- "/var/yjx/hadoop/ha/nm-local-dir/filecache/161/jpam-1.1.jar" "__spark_libs__/jpam-1.1.jar"
mkdir -p __spark_libs__
ln -sf -- "/var/yjx/hadoop/ha/nm-local-dir/filecache/250/kubernetes-model-core-6.7.2.jar" "__spark_libs__/kubernetes-model-core-6.7.2.jar"
mkdir -p __spark_libs__
ln -sf -- "/var/yjx/hadoop/ha/nm-local-dir/filecache/209/jline-2.14.6.jar" "__spark_libs__/jline-2.14.6.jar"
mkdir -p __spark_libs__
ln -sf -- "/var/yjx/hadoop/ha/nm-local-dir/filecache/98/hk2-locator-2.6.1.jar" "__spark_libs__/hk2-locator-2.6.1.jar"
mkdir -p __spark_libs__
ln -sf -- "/var/yjx/hadoop/ha/nm-local-dir/filecache/97/bonecp-0.8.0.RELEASE.jar" "__spark_libs__/bonecp-0.8.0.RELEASE.jar"
mkdir -p __spark_libs__
ln -sf -- "/var/yjx/hadoop/ha/nm-local-dir/filecache/121/arrow-vector-12.0.1.jar" "__spark_libs__/arrow-vector-12.0.1.jar"
mkdir -p __spark_libs__
ln -sf -- "/var/yjx/hadoop/ha/nm-local-dir/filecache/200/spark-hive_2.12-3.5.1.jar" "__spark_libs__/spark-hive_2.12-3.5.1.jar"
mkdir -p __spark_libs__
ln -sf -- "/var/yjx/hadoop/ha/nm-local-dir/filecache/153/stream-2.9.6.jar" "__spark_libs__/stream-2.9.6.jar"
mkdir -p __spark_libs__
ln -sf -- "/var/yjx/hadoop/ha/nm-local-dir/filecache/36/parquet-format-structures-1.13.1.jar" "__spark_libs__/parquet-format-structures-1.13.1.jar"
mkdir -p __spark_libs__
ln -sf -- "/var/yjx/hadoop/ha/nm-local-dir/filecache/191/snakeyaml-engine-2.6.jar" "__spark_libs__/snakeyaml-engine-2.6.jar"
mkdir -p __spark_libs__
ln -sf -- "/var/yjx/hadoop/ha/nm-local-dir/filecache/212/orc-shims-1.9.2.jar" "__spark_libs__/orc-shims-1.9.2.jar"
mkdir -p __spark_libs__
ln -sf -- "/var/yjx/hadoop/ha/nm-local-dir/filecache/18/kubernetes-client-6.7.2.jar" "__spark_libs__/kubernetes-client-6.7.2.jar"
mkdir -p __spark_libs__
ln -sf -- "/var/yjx/hadoop/ha/nm-local-dir/filecache/155/netty-codec-http2-4.1.96.Final.jar" "__spark_libs__/netty-codec-http2-4.1.96.Final.jar"
mkdir -p __spark_libs__
ln -sf -- "/var/yjx/hadoop/ha/nm-local-dir/filecache/124/commons-codec-1.16.0.jar" "__spark_libs__/commons-codec-1.16.0.jar"
mkdir -p __spark_libs__
ln -sf -- "/var/yjx/hadoop/ha/nm-local-dir/filecache/193/curator-framework-2.13.0.jar" "__spark_libs__/curator-framework-2.13.0.jar"
mkdir -p __spark_libs__
ln -sf -- "/var/yjx/hadoop/ha/nm-local-dir/filecache/32/hive-cli-2.3.9.jar" "__spark_libs__/hive-cli-2.3.9.jar"
mkdir -p __spark_libs__
ln -sf -- "/var/yjx/hadoop/ha/nm-local-dir/filecache/197/lapack-3.0.3.jar" "__spark_libs__/lapack-3.0.3.jar"
mkdir -p __spark_libs__
ln -sf -- "/var/yjx/hadoop/ha/nm-local-dir/filecache/10/log4j-slf4j2-impl-2.20.0.jar" "__spark_libs__/log4j-slf4j2-impl-2.20.0.jar"
mkdir -p __spark_libs__
ln -sf -- "/var/yjx/hadoop/ha/nm-local-dir/filecache/87/netty-codec-4.1.96.Final.jar" "__spark_libs__/netty-codec-4.1.96.Final.jar"
mkdir -p __spark_libs__
ln -sf -- "/var/yjx/hadoop/ha/nm-local-dir/filecache/138/spark-common-utils_2.12-3.5.1.jar" "__spark_libs__/spark-common-utils_2.12-3.5.1.jar"
mkdir -p __spark_libs__
ln -sf -- "/var/yjx/hadoop/ha/nm-local-dir/filecache/226/commons-crypto-1.1.0.jar" "__spark_libs__/commons-crypto-1.1.0.jar"
mkdir -p __spark_libs__
ln -sf -- "/var/yjx/hadoop/ha/nm-local-dir/filecache/44/spark-mllib_2.12-3.5.1.jar" "__spark_libs__/spark-mllib_2.12-3.5.1.jar"
mkdir -p __spark_libs__
ln -sf -- "/var/yjx/hadoop/ha/nm-local-dir/filecache/168/hive-storage-api-2.8.1.jar" "__spark_libs__/hive-storage-api-2.8.1.jar"
mkdir -p __spark_libs__
ln -sf -- "/var/yjx/hadoop/ha/nm-local-dir/filecache/85/netty-codec-socks-4.1.96.Final.jar" "__spark_libs__/netty-codec-socks-4.1.96.Final.jar"
mkdir -p __spark_libs__
ln -sf -- "/var/yjx/hadoop/ha/nm-local-dir/filecache/162/flatbuffers-java-1.12.0.jar" "__spark_libs__/flatbuffers-java-1.12.0.jar"
ln -sf -- "/var/yjx/hadoop/ha/nm-local-dir/usercache/root/filecache/16/__spark_conf__.zip" "__spark_conf__"
mkdir -p __spark_libs__
ln -sf -- "/var/yjx/hadoop/ha/nm-local-dir/filecache/147/netty-buffer-4.1.96.Final.jar" "__spark_libs__/netty-buffer-4.1.96.Final.jar"
mkdir -p __spark_libs__
ln -sf -- "/var/yjx/hadoop/ha/nm-local-dir/filecache/50/netty-transport-native-epoll-4.1.96.Final-linux-x86_64.jar" "__spark_libs__/netty-transport-native-epoll-4.1.96.Final-linux-x86_64.jar"
mkdir -p __spark_libs__
ln -sf -- "/var/yjx/hadoop/ha/nm-local-dir/filecache/28/blas-3.0.3.jar" "__spark_libs__/blas-3.0.3.jar"
mkdir -p __spark_libs__
ln -sf -- "/var/yjx/hadoop/ha/nm-local-dir/filecache/195/joda-time-2.12.5.jar" "__spark_libs__/joda-time-2.12.5.jar"
mkdir -p __spark_libs__
ln -sf -- "/var/yjx/hadoop/ha/nm-local-dir/filecache/255/netty-transport-classes-kqueue-4.1.96.Final.jar" "__spark_libs__/netty-transport-classes-kqueue-4.1.96.Final.jar"
mkdir -p __spark_libs__
ln -sf -- "/var/yjx/hadoop/ha/nm-local-dir/filecache/41/json4s-jackson_2.12-3.7.0-M11.jar" "__spark_libs__/json4s-jackson_2.12-3.7.0-M11.jar"
mkdir -p __spark_libs__
ln -sf -- "/var/yjx/hadoop/ha/nm-local-dir/filecache/96/json4s-scalap_2.12-3.7.0-M11.jar" "__spark_libs__/json4s-scalap_2.12-3.7.0-M11.jar"
mkdir -p __spark_libs__
ln -sf -- "/var/yjx/hadoop/ha/nm-local-dir/filecache/103/netty-resolver-4.1.96.Final.jar" "__spark_libs__/netty-resolver-4.1.96.Final.jar"
mkdir -p __spark_libs__
ln -sf -- "/var/yjx/hadoop/ha/nm-local-dir/filecache/122/hk2-utils-2.6.1.jar" "__spark_libs__/hk2-utils-2.6.1.jar"
mkdir -p __spark_libs__
ln -sf -- "/var/yjx/hadoop/ha/nm-local-dir/filecache/198/netty-all-4.1.96.Final.jar" "__spark_libs__/netty-all-4.1.96.Final.jar"
mkdir -p __spark_libs__
ln -sf -- "/var/yjx/hadoop/ha/nm-local-dir/filecache/93/jackson-mapper-asl-1.9.13.jar" "__spark_libs__/jackson-mapper-asl-1.9.13.jar"
mkdir -p __spark_libs__
ln -sf -- "/var/yjx/hadoop/ha/nm-local-dir/filecache/116/curator-recipes-2.13.0.jar" "__spark_libs__/curator-recipes-2.13.0.jar"
mkdir -p __spark_libs__
ln -sf -- "/var/yjx/hadoop/ha/nm-local-dir/filecache/43/kubernetes-model-certificates-6.7.2.jar" "__spark_libs__/kubernetes-model-certificates-6.7.2.jar"
mkdir -p __spark_libs__
ln -sf -- "/var/yjx/hadoop/ha/nm-local-dir/filecache/220/jackson-core-2.15.2.jar" "__spark_libs__/jackson-core-2.15.2.jar"
mkdir -p __spark_libs__
ln -sf -- "/var/yjx/hadoop/ha/nm-local-dir/filecache/14/super-csv-2.2.0.jar" "__spark_libs__/super-csv-2.2.0.jar"
mkdir -p __spark_libs__
ln -sf -- "/var/yjx/hadoop/ha/nm-local-dir/filecache/215/jersey-container-servlet-core-2.40.jar" "__spark_libs__/jersey-container-servlet-core-2.40.jar"
mkdir -p __spark_libs__
ln -sf -- "/var/yjx/hadoop/ha/nm-local-dir/filecache/75/opencsv-2.3.jar" "__spark_libs__/opencsv-2.3.jar"
mkdir -p __spark_libs__
ln -sf -- "/var/yjx/hadoop/ha/nm-local-dir/filecache/254/stax-api-1.0.1.jar" "__spark_libs__/stax-api-1.0.1.jar"
mkdir -p __spark_libs__
ln -sf -- "/var/yjx/hadoop/ha/nm-local-dir/filecache/92/jcl-over-slf4j-2.0.7.jar" "__spark_libs__/jcl-over-slf4j-2.0.7.jar"
mkdir -p __spark_libs__
ln -sf -- "/var/yjx/hadoop/ha/nm-local-dir/filecache/233/avro-ipc-1.11.2.jar" "__spark_libs__/avro-ipc-1.11.2.jar"
mkdir -p __spark_libs__
ln -sf -- "/var/yjx/hadoop/ha/nm-local-dir/filecache/55/hive-shims-common-2.3.9.jar" "__spark_libs__/hive-shims-common-2.3.9.jar"
mkdir -p __spark_libs__
ln -sf -- "/var/yjx/hadoop/ha/nm-local-dir/filecache/157/spark-network-common_2.12-3.5.1.jar" "__spark_libs__/spark-network-common_2.12-3.5.1.jar"
mkdir -p __spark_libs__
ln -sf -- "/var/yjx/hadoop/ha/nm-local-dir/filecache/54/gson-2.2.4.jar" "__spark_libs__/gson-2.2.4.jar"
mkdir -p __spark_libs__
ln -sf -- "/var/yjx/hadoop/ha/nm-local-dir/filecache/228/kubernetes-model-metrics-6.7.2.jar" "__spark_libs__/kubernetes-model-metrics-6.7.2.jar"
mkdir -p __spark_libs__
ln -sf -- "/var/yjx/hadoop/ha/nm-local-dir/filecache/238/jodd-core-3.5.2.jar" "__spark_libs__/jodd-core-3.5.2.jar"
mkdir -p __spark_libs__
ln -sf -- "/var/yjx/hadoop/ha/nm-local-dir/filecache/24/spark-mllib-local_2.12-3.5.1.jar" "__spark_libs__/spark-mllib-local_2.12-3.5.1.jar"
mkdir -p __spark_libs__
ln -sf -- "/var/yjx/hadoop/ha/nm-local-dir/filecache/105/paranamer-2.8.jar" "__spark_libs__/paranamer-2.8.jar"
mkdir -p __spark_libs__
ln -sf -- "/var/yjx/hadoop/ha/nm-local-dir/filecache/11/netty-transport-native-kqueue-4.1.96.Final-osx-x86_64.jar" "__spark_libs__/netty-transport-native-kqueue-4.1.96.Final-osx-x86_64.jar"
mkdir -p __spark_libs__
ln -sf -- "/var/yjx/hadoop/ha/nm-local-dir/filecache/12/jackson-annotations-2.15.2.jar" "__spark_libs__/jackson-annotations-2.15.2.jar"
mkdir -p __spark_libs__
ln -sf -- "/var/yjx/hadoop/ha/nm-local-dir/filecache/130/netty-transport-classes-epoll-4.1.96.Final.jar" "__spark_libs__/netty-transport-classes-epoll-4.1.96.Final.jar"
mkdir -p __spark_libs__
ln -sf -- "/var/yjx/hadoop/ha/nm-local-dir/filecache/249/metrics-jmx-4.2.19.jar" "__spark_libs__/metrics-jmx-4.2.19.jar"
mkdir -p __spark_libs__
ln -sf -- "/var/yjx/hadoop/ha/nm-local-dir/filecache/175/json4s-ast_2.12-3.7.0-M11.jar" "__spark_libs__/json4s-ast_2.12-3.7.0-M11.jar"
mkdir -p __spark_libs__
ln -sf -- "/var/yjx/hadoop/ha/nm-local-dir/filecache/204/hive-exec-2.3.9-core.jar" "__spark_libs__/hive-exec-2.3.9-core.jar"
mkdir -p __spark_libs__
ln -sf -- "/var/yjx/hadoop/ha/nm-local-dir/filecache/256/arrow-format-12.0.1.jar" "__spark_libs__/arrow-format-12.0.1.jar"
mkdir -p __spark_libs__
ln -sf -- "/var/yjx/hadoop/ha/nm-local-dir/filecache/33/tink-1.9.0.jar" "__spark_libs__/tink-1.9.0.jar"
mkdir -p __spark_libs__
ln -sf -- "/var/yjx/hadoop/ha/nm-local-dir/filecache/234/arpack_combined_all-0.1.jar" "__spark_libs__/arpack_combined_all-0.1.jar"
mkdir -p __spark_libs__
ln -sf -- "/var/yjx/hadoop/ha/nm-local-dir/filecache/70/jakarta.validation-api-2.0.2.jar" "__spark_libs__/jakarta.validation-api-2.0.2.jar"
mkdir -p __spark_libs__
ln -sf -- "/var/yjx/hadoop/ha/nm-local-dir/filecache/141/kubernetes-model-networking-6.7.2.jar" "__spark_libs__/kubernetes-model-networking-6.7.2.jar"
mkdir -p __spark_libs__
ln -sf -- "/var/yjx/hadoop/ha/nm-local-dir/filecache/179/arrow-memory-netty-12.0.1.jar" "__spark_libs__/arrow-memory-netty-12.0.1.jar"
mkdir -p __spark_libs__
ln -sf -- "/var/yjx/hadoop/ha/nm-local-dir/filecache/219/zookeeper-3.6.3.jar" "__spark_libs__/zookeeper-3.6.3.jar"
mkdir -p __spark_libs__
ln -sf -- "/var/yjx/hadoop/ha/nm-local-dir/filecache/171/netty-transport-native-kqueue-4.1.96.Final-osx-aarch_64.jar" "__spark_libs__/netty-transport-native-kqueue-4.1.96.Final-osx-aarch_64.jar"
mkdir -p __spark_libs__
ln -sf -- "/var/yjx/hadoop/ha/nm-local-dir/filecache/240/compress-lzf-1.1.2.jar" "__spark_libs__/compress-lzf-1.1.2.jar"
mkdir -p __spark_libs__
ln -sf -- "/var/yjx/hadoop/ha/nm-local-dir/filecache/80/jaxb-runtime-2.3.2.jar" "__spark_libs__/jaxb-runtime-2.3.2.jar"
mkdir -p __spark_libs__
ln -sf -- "/var/yjx/hadoop/ha/nm-local-dir/filecache/136/kubernetes-httpclient-okhttp-6.7.2.jar" "__spark_libs__/kubernetes-httpclient-okhttp-6.7.2.jar"
mkdir -p __spark_libs__
ln -sf -- "/var/yjx/hadoop/ha/nm-local-dir/filecache/123/breeze-macros_2.12-2.1.0.jar" "__spark_libs__/breeze-macros_2.12-2.1.0.jar"
mkdir -p __spark_libs__
ln -sf -- "/var/yjx/hadoop/ha/nm-local-dir/filecache/206/kubernetes-model-admissionregistration-6.7.2.jar" "__spark_libs__/kubernetes-model-admissionregistration-6.7.2.jar"
mkdir -p __spark_libs__
ln -sf -- "/var/yjx/hadoop/ha/nm-local-dir/filecache/230/spark-sql_2.12-3.5.1.jar" "__spark_libs__/spark-sql_2.12-3.5.1.jar"
mkdir -p __spark_libs__
ln -sf -- "/var/yjx/hadoop/ha/nm-local-dir/filecache/252/jsr305-3.0.0.jar" "__spark_libs__/jsr305-3.0.0.jar"
mkdir -p __spark_libs__
ln -sf -- "/var/yjx/hadoop/ha/nm-local-dir/filecache/154/spark-sql-api_2.12-3.5.1.jar" "__spark_libs__/spark-sql-api_2.12-3.5.1.jar"
mkdir -p __spark_libs__
ln -sf -- "/var/yjx/hadoop/ha/nm-local-dir/filecache/78/jakarta.inject-2.6.1.jar" "__spark_libs__/jakarta.inject-2.6.1.jar"
mkdir -p __spark_libs__
ln -sf -- "/var/yjx/hadoop/ha/nm-local-dir/filecache/79/commons-io-2.13.0.jar" "__spark_libs__/commons-io-2.13.0.jar"
mkdir -p __spark_libs__
ln -sf -- "/var/yjx/hadoop/ha/nm-local-dir/filecache/84/spark-unsafe_2.12-3.5.1.jar" "__spark_libs__/spark-unsafe_2.12-3.5.1.jar"
mkdir -p __spark_libs__
ln -sf -- "/var/yjx/hadoop/ha/nm-local-dir/filecache/156/spark-kvstore_2.12-3.5.1.jar" "__spark_libs__/spark-kvstore_2.12-3.5.1.jar"
mkdir -p __spark_libs__
ln -sf -- "/var/yjx/hadoop/ha/nm-local-dir/filecache/248/RoaringBitmap-0.9.45.jar" "__spark_libs__/RoaringBitmap-0.9.45.jar"
mkdir -p __spark_libs__
ln -sf -- "/var/yjx/hadoop/ha/nm-local-dir/filecache/51/log4j-api-2.20.0.jar" "__spark_libs__/log4j-api-2.20.0.jar"
mkdir -p __spark_libs__
ln -sf -- "/var/yjx/hadoop/ha/nm-local-dir/filecache/94/commons-compiler-3.1.9.jar" "__spark_libs__/commons-compiler-3.1.9.jar"
mkdir -p __spark_libs__
ln -sf -- "/var/yjx/hadoop/ha/nm-local-dir/filecache/68/kubernetes-model-coordination-6.7.2.jar" "__spark_libs__/kubernetes-model-coordination-6.7.2.jar"
mkdir -p __spark_libs__
ln -sf -- "/var/yjx/hadoop/ha/nm-local-dir/filecache/66/HikariCP-2.5.1.jar" "__spark_libs__/HikariCP-2.5.1.jar"
mkdir -p __spark_libs__
ln -sf -- "/var/yjx/hadoop/ha/nm-local-dir/filecache/83/istack-commons-runtime-3.0.8.jar" "__spark_libs__/istack-commons-runtime-3.0.8.jar"
mkdir -p __spark_libs__
ln -sf -- "/var/yjx/hadoop/ha/nm-local-dir/filecache/253/parquet-column-1.13.1.jar" "__spark_libs__/parquet-column-1.13.1.jar"
mkdir -p __spark_libs__
ln -sf -- "/var/yjx/hadoop/ha/nm-local-dir/filecache/182/parquet-encoding-1.13.1.jar" "__spark_libs__/parquet-encoding-1.13.1.jar"
mkdir -p __spark_libs__
ln -sf -- "/var/yjx/hadoop/ha/nm-local-dir/filecache/45/kubernetes-model-node-6.7.2.jar" "__spark_libs__/kubernetes-model-node-6.7.2.jar"
mkdir -p __spark_libs__
ln -sf -- "/var/yjx/hadoop/ha/nm-local-dir/filecache/236/guava-14.0.1.jar" "__spark_libs__/guava-14.0.1.jar"
mkdir -p __spark_libs__
ln -sf -- "/var/yjx/hadoop/ha/nm-local-dir/filecache/31/aircompressor-0.26.jar" "__spark_libs__/aircompressor-0.26.jar"
mkdir -p __spark_libs__
ln -sf -- "/var/yjx/hadoop/ha/nm-local-dir/filecache/39/kubernetes-model-batch-6.7.2.jar" "__spark_libs__/kubernetes-model-batch-6.7.2.jar"
mkdir -p __spark_libs__
ln -sf -- "/var/yjx/hadoop/ha/nm-local-dir/filecache/149/hive-llap-common-2.3.9.jar" "__spark_libs__/hive-llap-common-2.3.9.jar"
mkdir -p __spark_libs__
ln -sf -- "/var/yjx/hadoop/ha/nm-local-dir/filecache/133/netty-handler-4.1.96.Final.jar" "__spark_libs__/netty-handler-4.1.96.Final.jar"
mkdir -p __spark_libs__
ln -sf -- "/var/yjx/hadoop/ha/nm-local-dir/filecache/22/netty-codec-http-4.1.96.Final.jar" "__spark_libs__/netty-codec-http-4.1.96.Final.jar"
mkdir -p __spark_libs__
ln -sf -- "/var/yjx/hadoop/ha/nm-local-dir/filecache/127/kubernetes-model-apps-6.7.2.jar" "__spark_libs__/kubernetes-model-apps-6.7.2.jar"
mkdir -p __spark_libs__
ln -sf -- "/var/yjx/hadoop/ha/nm-local-dir/filecache/231/spire-util_2.12-0.17.0.jar" "__spark_libs__/spire-util_2.12-0.17.0.jar"
mkdir -p __spark_libs__
ln -sf -- "/var/yjx/hadoop/ha/nm-local-dir/filecache/27/lz4-java-1.8.0.jar" "__spark_libs__/lz4-java-1.8.0.jar"
mkdir -p __spark_libs__
ln -sf -- "/var/yjx/hadoop/ha/nm-local-dir/filecache/243/javolution-5.5.1.jar" "__spark_libs__/javolution-5.5.1.jar"
mkdir -p __spark_libs__
ln -sf -- "/var/yjx/hadoop/ha/nm-local-dir/filecache/144/jakarta.ws.rs-api-2.1.6.jar" "__spark_libs__/jakarta.ws.rs-api-2.1.6.jar"
mkdir -p __spark_libs__
ln -sf -- "/var/yjx/hadoop/ha/nm-local-dir/filecache/48/hadoop-client-api-3.3.4.jar" "__spark_libs__/hadoop-client-api-3.3.4.jar"
mkdir -p __spark_libs__
ln -sf -- "/var/yjx/hadoop/ha/nm-local-dir/filecache/210/json-1.8.jar" "__spark_libs__/json-1.8.jar"
mkdir -p __spark_libs__
ln -sf -- "/var/yjx/hadoop/ha/nm-local-dir/filecache/217/kubernetes-model-flowcontrol-6.7.2.jar" "__spark_libs__/kubernetes-model-flowcontrol-6.7.2.jar"
mkdir -p __spark_libs__
ln -sf -- "/var/yjx/hadoop/ha/nm-local-dir/filecache/202/parquet-common-1.13.1.jar" "__spark_libs__/parquet-common-1.13.1.jar"
mkdir -p __spark_libs__
ln -sf -- "/var/yjx/hadoop/ha/nm-local-dir/filecache/180/minlog-1.3.0.jar" "__spark_libs__/minlog-1.3.0.jar"
mkdir -p __spark_libs__
ln -sf -- "/var/yjx/hadoop/ha/nm-local-dir/filecache/102/hive-jdbc-2.3.9.jar" "__spark_libs__/hive-jdbc-2.3.9.jar"
mkdir -p __spark_libs__
ln -sf -- "/var/yjx/hadoop/ha/nm-local-dir/filecache/132/spark-core_2.12-3.5.1.jar" "__spark_libs__/spark-core_2.12-3.5.1.jar"
mkdir -p __spark_libs__
ln -sf -- "/var/yjx/hadoop/ha/nm-local-dir/filecache/213/kubernetes-model-gatewayapi-6.7.2.jar" "__spark_libs__/kubernetes-model-gatewayapi-6.7.2.jar"
mkdir -p __spark_libs__
ln -sf -- "/var/yjx/hadoop/ha/nm-local-dir/filecache/106/zookeeper-jute-3.6.3.jar" "__spark_libs__/zookeeper-jute-3.6.3.jar"
mkdir -p __spark_libs__
ln -sf -- "/var/yjx/hadoop/ha/nm-local-dir/filecache/140/metrics-core-4.2.19.jar" "__spark_libs__/metrics-core-4.2.19.jar"
mkdir -p __spark_libs__
ln -sf -- "/var/yjx/hadoop/ha/nm-local-dir/filecache/120/jul-to-slf4j-2.0.7.jar" "__spark_libs__/jul-to-slf4j-2.0.7.jar"
mkdir -p __spark_libs__
ln -sf -- "/var/yjx/hadoop/ha/nm-local-dir/filecache/42/datasketches-memory-2.1.0.jar" "__spark_libs__/datasketches-memory-2.1.0.jar"
mkdir -p __spark_libs__
ln -sf -- "/var/yjx/hadoop/ha/nm-local-dir/filecache/145/commons-math3-3.6.1.jar" "__spark_libs__/commons-math3-3.6.1.jar"
mkdir -p __spark_libs__
ln -sf -- "/var/yjx/hadoop/ha/nm-local-dir/filecache/99/derby-10.14.2.0.jar" "__spark_libs__/derby-10.14.2.0.jar"
mkdir -p __spark_libs__
ln -sf -- "/var/yjx/hadoop/ha/nm-local-dir/filecache/190/metrics-graphite-4.2.19.jar" "__spark_libs__/metrics-graphite-4.2.19.jar"
mkdir -p __spark_libs__
ln -sf -- "/var/yjx/hadoop/ha/nm-local-dir/filecache/134/jersey-client-2.40.jar" "__spark_libs__/jersey-client-2.40.jar"
mkdir -p __spark_libs__
ln -sf -- "/var/yjx/hadoop/ha/nm-local-dir/filecache/30/netty-transport-native-epoll-4.1.96.Final-linux-aarch_64.jar" "__spark_libs__/netty-transport-native-epoll-4.1.96.Final-linux-aarch_64.jar"
mkdir -p __spark_libs__
ln -sf -- "/var/yjx/hadoop/ha/nm-local-dir/filecache/76/datasketches-java-3.3.0.jar" "__spark_libs__/datasketches-java-3.3.0.jar"
mkdir -p __spark_libs__
ln -sf -- "/var/yjx/hadoop/ha/nm-local-dir/filecache/164/commons-collections4-4.4.jar" "__spark_libs__/commons-collections4-4.4.jar"
mkdir -p __spark_libs__
ln -sf -- "/var/yjx/hadoop/ha/nm-local-dir/filecache/224/xbean-asm9-shaded-4.23.jar" "__spark_libs__/xbean-asm9-shaded-4.23.jar"
mkdir -p __spark_libs__
ln -sf -- "/var/yjx/hadoop/ha/nm-local-dir/filecache/227/hk2-api-2.6.1.jar" "__spark_libs__/hk2-api-2.6.1.jar"
mkdir -p __spark_libs__
ln -sf -- "/var/yjx/hadoop/ha/nm-local-dir/filecache/101/hive-common-2.3.9.jar" "__spark_libs__/hive-common-2.3.9.jar"
mkdir -p __spark_libs__
ln -sf -- "/var/yjx/hadoop/ha/nm-local-dir/filecache/52/datanucleus-rdbms-4.1.19.jar" "__spark_libs__/datanucleus-rdbms-4.1.19.jar"
mkdir -p __spark_libs__
ln -sf -- "/var/yjx/hadoop/ha/nm-local-dir/filecache/17/kubernetes-model-discovery-6.7.2.jar" "__spark_libs__/kubernetes-model-discovery-6.7.2.jar"
mkdir -p __spark_libs__
ln -sf -- "/var/yjx/hadoop/ha/nm-local-dir/filecache/223/pickle-1.3.jar" "__spark_libs__/pickle-1.3.jar"
mkdir -p __spark_libs__
ln -sf -- "/var/yjx/hadoop/ha/nm-local-dir/filecache/47/jackson-module-scala_2.12-2.15.2.jar" "__spark_libs__/jackson-module-scala_2.12-2.15.2.jar"
mkdir -p __spark_libs__
ln -sf -- "/var/yjx/hadoop/ha/nm-local-dir/filecache/77/JLargeArrays-1.5.jar" "__spark_libs__/JLargeArrays-1.5.jar"
mkdir -p __spark_libs__
ln -sf -- "/var/yjx/hadoop/ha/nm-local-dir/filecache/177/jdo-api-3.0.1.jar" "__spark_libs__/jdo-api-3.0.1.jar"
mkdir -p __spark_libs__
ln -sf -- "/var/yjx/hadoop/ha/nm-local-dir/filecache/189/objenesis-3.3.jar" "__spark_libs__/objenesis-3.3.jar"
mkdir -p __spark_libs__
ln -sf -- "/var/yjx/hadoop/ha/nm-local-dir/filecache/25/javassist-3.29.2-GA.jar" "__spark_libs__/javassist-3.29.2-GA.jar"
mkdir -p __spark_libs__
ln -sf -- "/var/yjx/hadoop/ha/nm-local-dir/filecache/152/datanucleus-api-jdo-4.2.4.jar" "__spark_libs__/datanucleus-api-jdo-4.2.4.jar"
mkdir -p __spark_libs__
ln -sf -- "/var/yjx/hadoop/ha/nm-local-dir/filecache/62/antlr4-runtime-4.9.3.jar" "__spark_libs__/antlr4-runtime-4.9.3.jar"
mkdir -p __spark_libs__
ln -sf -- "/var/yjx/hadoop/ha/nm-local-dir/filecache/37/rocksdbjni-8.3.2.jar" "__spark_libs__/rocksdbjni-8.3.2.jar"
mkdir -p __spark_libs__
ln -sf -- "/var/yjx/hadoop/ha/nm-local-dir/filecache/126/shims-0.9.45.jar" "__spark_libs__/shims-0.9.45.jar"
mkdir -p __spark_libs__
ln -sf -- "/var/yjx/hadoop/ha/nm-local-dir/filecache/29/commons-pool-1.5.4.jar" "__spark_libs__/commons-pool-1.5.4.jar"
mkdir -p __spark_libs__
ln -sf -- "/var/yjx/hadoop/ha/nm-local-dir/filecache/74/jackson-core-asl-1.9.13.jar" "__spark_libs__/jackson-core-asl-1.9.13.jar"
mkdir -p __spark_libs__
ln -sf -- "/var/yjx/hadoop/ha/nm-local-dir/filecache/186/log4j-1.2-api-2.20.0.jar" "__spark_libs__/log4j-1.2-api-2.20.0.jar"
mkdir -p __spark_libs__
ln -sf -- "/var/yjx/hadoop/ha/nm-local-dir/filecache/260/netty-transport-native-unix-common-4.1.96.Final.jar" "__spark_libs__/netty-transport-native-unix-common-4.1.96.Final.jar"
mkdir -p __spark_libs__
ln -sf -- "/var/yjx/hadoop/ha/nm-local-dir/filecache/135/dropwizard-metrics-hadoop-metrics2-reporter-0.1.2.jar" "__spark_libs__/dropwizard-metrics-hadoop-metrics2-reporter-0.1.2.jar"
mkdir -p __spark_libs__
ln -sf -- "/var/yjx/hadoop/ha/nm-local-dir/filecache/16/metrics-json-4.2.19.jar" "__spark_libs__/metrics-json-4.2.19.jar"
mkdir -p __spark_libs__
ln -sf -- "/var/yjx/hadoop/ha/nm-local-dir/filecache/23/kubernetes-model-common-6.7.2.jar" "__spark_libs__/kubernetes-model-common-6.7.2.jar"
mkdir -p __spark_libs__
ln -sf -- "/var/yjx/hadoop/ha/nm-local-dir/filecache/222/hive-shims-scheduler-2.3.9.jar" "__spark_libs__/hive-shims-scheduler-2.3.9.jar"
mkdir -p __spark_libs__
ln -sf -- "/var/yjx/hadoop/ha/nm-local-dir/filecache/86/ivy-2.5.1.jar" "__spark_libs__/ivy-2.5.1.jar"
mkdir -p __spark_libs__
ln -sf -- "/var/yjx/hadoop/ha/nm-local-dir/filecache/112/kubernetes-model-resource-6.7.2.jar" "__spark_libs__/kubernetes-model-resource-6.7.2.jar"
mkdir -p __spark_libs__
ln -sf -- "/var/yjx/hadoop/ha/nm-local-dir/filecache/247/annotations-17.0.0.jar" "__spark_libs__/annotations-17.0.0.jar"
mkdir -p __spark_libs__
ln -sf -- "/var/yjx/hadoop/ha/nm-local-dir/filecache/95/datanucleus-core-4.1.17.jar" "__spark_libs__/datanucleus-core-4.1.17.jar"
mkdir -p __spark_libs__
ln -sf -- "/var/yjx/hadoop/ha/nm-local-dir/filecache/139/commons-lang-2.6.jar" "__spark_libs__/commons-lang-2.6.jar"
mkdir -p __spark_libs__
ln -sf -- "/var/yjx/hadoop/ha/nm-local-dir/filecache/69/transaction-api-1.1.jar" "__spark_libs__/transaction-api-1.1.jar"
mkdir -p __spark_libs__
ln -sf -- "/var/yjx/hadoop/ha/nm-local-dir/filecache/192/breeze_2.12-2.1.0.jar" "__spark_libs__/breeze_2.12-2.1.0.jar"
mkdir -p __spark_libs__
ln -sf -- "/var/yjx/hadoop/ha/nm-local-dir/filecache/60/chill-java-0.10.0.jar" "__spark_libs__/chill-java-0.10.0.jar"
mkdir -p __spark_libs__
ln -sf -- "/var/yjx/hadoop/ha/nm-local-dir/filecache/184/libfb303-0.9.3.jar" "__spark_libs__/libfb303-0.9.3.jar"
mkdir -p __spark_libs__
ln -sf -- "/var/yjx/hadoop/ha/nm-local-dir/filecache/188/kubernetes-model-scheduling-6.7.2.jar" "__spark_libs__/kubernetes-model-scheduling-6.7.2.jar"
mkdir -p __spark_libs__
ln -sf -- "/var/yjx/hadoop/ha/nm-local-dir/filecache/245/scala-compiler-2.12.18.jar" "__spark_libs__/scala-compiler-2.12.18.jar"
mkdir -p __spark_libs__
ln -sf -- "/var/yjx/hadoop/ha/nm-local-dir/filecache/150/kubernetes-model-events-6.7.2.jar" "__spark_libs__/kubernetes-model-events-6.7.2.jar"
mkdir -p __spark_libs__
ln -sf -- "/var/yjx/hadoop/ha/nm-local-dir/filecache/237/activation-1.1.1.jar" "__spark_libs__/activation-1.1.1.jar"
mkdir -p __spark_libs__
ln -sf -- "/var/yjx/hadoop/ha/nm-local-dir/filecache/56/parquet-jackson-1.13.1.jar" "__spark_libs__/parquet-jackson-1.13.1.jar"
mkdir -p __spark_libs__
ln -sf -- "/var/yjx/hadoop/ha/nm-local-dir/filecache/34/spark-hive-thriftserver_2.12-3.5.1.jar" "__spark_libs__/spark-hive-thriftserver_2.12-3.5.1.jar"
mkdir -p __spark_libs__
ln -sf -- "/var/yjx/hadoop/ha/nm-local-dir/filecache/257/netty-common-4.1.96.Final.jar" "__spark_libs__/netty-common-4.1.96.Final.jar"
mkdir -p __spark_libs__
ln -sf -- "/var/yjx/hadoop/ha/nm-local-dir/filecache/82/hive-shims-0.23-2.3.9.jar" "__spark_libs__/hive-shims-0.23-2.3.9.jar"
mkdir -p __spark_libs__
ln -sf -- "/var/yjx/hadoop/ha/nm-local-dir/filecache/181/jersey-server-2.40.jar" "__spark_libs__/jersey-server-2.40.jar"
mkdir -p __spark_libs__
ln -sf -- "/var/yjx/hadoop/ha/nm-local-dir/filecache/111/spark-launcher_2.12-3.5.1.jar" "__spark_libs__/spark-launcher_2.12-3.5.1.jar"
mkdir -p __spark_libs__
ln -sf -- "/var/yjx/hadoop/ha/nm-local-dir/filecache/218/spire-macros_2.12-0.17.0.jar" "__spark_libs__/spire-macros_2.12-0.17.0.jar"
mkdir -p __spark_libs__
ln -sf -- "/var/yjx/hadoop/ha/nm-local-dir/filecache/151/orc-core-1.9.2-shaded-protobuf.jar" "__spark_libs__/orc-core-1.9.2-shaded-protobuf.jar"
mkdir -p __spark_libs__
ln -sf -- "/var/yjx/hadoop/ha/nm-local-dir/filecache/174/kubernetes-model-policy-6.7.2.jar" "__spark_libs__/kubernetes-model-policy-6.7.2.jar"
mkdir -p __spark_libs__
ln -sf -- "/var/yjx/hadoop/ha/nm-local-dir/filecache/65/jersey-hk2-2.40.jar" "__spark_libs__/jersey-hk2-2.40.jar"
mkdir -p __spark_libs__
ln -sf -- "/var/yjx/hadoop/ha/nm-local-dir/filecache/196/hadoop-shaded-guava-1.1.1.jar" "__spark_libs__/hadoop-shaded-guava-1.1.1.jar"
mkdir -p __spark_libs__
ln -sf -- "/var/yjx/hadoop/ha/nm-local-dir/filecache/89/janino-3.1.9.jar" "__spark_libs__/janino-3.1.9.jar"
mkdir -p __spark_libs__
ln -sf -- "/var/yjx/hadoop/ha/nm-local-dir/filecache/13/jakarta.annotation-api-1.3.5.jar" "__spark_libs__/jakarta.annotation-api-1.3.5.jar"
mkdir -p __spark_libs__
ln -sf -- "/var/yjx/hadoop/ha/nm-local-dir/filecache/63/avro-1.11.2.jar" "__spark_libs__/avro-1.11.2.jar"
mkdir -p __spark_libs__
ln -sf -- "/var/yjx/hadoop/ha/nm-local-dir/filecache/244/kubernetes-model-extensions-6.7.2.jar" "__spark_libs__/kubernetes-model-extensions-6.7.2.jar"
mkdir -p __spark_libs__
ln -sf -- "/var/yjx/hadoop/ha/nm-local-dir/filecache/259/okio-1.15.0.jar" "__spark_libs__/okio-1.15.0.jar"
mkdir -p __spark_libs__
ln -sf -- "/var/yjx/hadoop/ha/nm-local-dir/filecache/71/scala-library-2.12.18.jar" "__spark_libs__/scala-library-2.12.18.jar"
mkdir -p __spark_libs__
ln -sf -- "/var/yjx/hadoop/ha/nm-local-dir/filecache/207/oro-2.0.8.jar" "__spark_libs__/oro-2.0.8.jar"
mkdir -p __spark_libs__
ln -sf -- "/var/yjx/hadoop/ha/nm-local-dir/filecache/72/spire_2.12-0.17.0.jar" "__spark_libs__/spire_2.12-0.17.0.jar"
mkdir -p __spark_libs__
ln -sf -- "/var/yjx/hadoop/ha/nm-local-dir/filecache/176/kubernetes-model-storageclass-6.7.2.jar" "__spark_libs__/kubernetes-model-storageclass-6.7.2.jar"
mkdir -p __spark_libs__
ln -sf -- "/var/yjx/hadoop/ha/nm-local-dir/filecache/61/logging-interceptor-3.12.12.jar" "__spark_libs__/logging-interceptor-3.12.12.jar"
mkdir -p __spark_libs__
ln -sf -- "/var/yjx/hadoop/ha/nm-local-dir/filecache/169/chill_2.12-0.10.0.jar" "__spark_libs__/chill_2.12-0.10.0.jar"
mkdir -p __spark_libs__
ln -sf -- "/var/yjx/hadoop/ha/nm-local-dir/filecache/258/hadoop-yarn-server-web-proxy-3.3.4.jar" "__spark_libs__/hadoop-yarn-server-web-proxy-3.3.4.jar"
mkdir -p __spark_libs__
ln -sf -- "/var/yjx/hadoop/ha/nm-local-dir/filecache/239/scala-parser-combinators_2.12-2.3.0.jar" "__spark_libs__/scala-parser-combinators_2.12-2.3.0.jar"
mkdir -p __spark_libs__
ln -sf -- "/var/yjx/hadoop/ha/nm-local-dir/filecache/137/log4j-core-2.20.0.jar" "__spark_libs__/log4j-core-2.20.0.jar"
mkdir -p __spark_libs__
ln -sf -- "/var/yjx/hadoop/ha/nm-local-dir/filecache/57/kubernetes-model-apiextensions-6.7.2.jar" "__spark_libs__/kubernetes-model-apiextensions-6.7.2.jar"
mkdir -p __spark_libs__
ln -sf -- "/var/yjx/hadoop/ha/nm-local-dir/filecache/115/commons-compress-1.23.0.jar" "__spark_libs__/commons-compress-1.23.0.jar"
mkdir -p __spark_libs__
ln -sf -- "/var/yjx/hadoop/ha/nm-local-dir/filecache/49/curator-client-2.13.0.jar" "__spark_libs__/curator-client-2.13.0.jar"
mkdir -p __spark_libs__
ln -sf -- "/var/yjx/hadoop/ha/nm-local-dir/filecache/110/leveldbjni-all-1.8.jar" "__spark_libs__/leveldbjni-all-1.8.jar"
mkdir -p __spark_libs__
ln -sf -- "/var/yjx/hadoop/ha/nm-local-dir/filecache/261/antlr-runtime-3.5.2.jar" "__spark_libs__/antlr-runtime-3.5.2.jar"
mkdir -p __spark_libs__
ln -sf -- "/var/yjx/hadoop/ha/nm-local-dir/filecache/143/scala-collection-compat_2.12-2.7.0.jar" "__spark_libs__/scala-collection-compat_2.12-2.7.0.jar"
mkdir -p __spark_libs__
ln -sf -- "/var/yjx/hadoop/ha/nm-local-dir/filecache/88/spark-sketch_2.12-3.5.1.jar" "__spark_libs__/spark-sketch_2.12-3.5.1.jar"
mkdir -p __spark_libs__
ln -sf -- "/var/yjx/hadoop/ha/nm-local-dir/filecache/142/slf4j-api-2.0.7.jar" "__spark_libs__/slf4j-api-2.0.7.jar"
mkdir -p __spark_libs__
ln -sf -- "/var/yjx/hadoop/ha/nm-local-dir/filecache/178/spark-catalyst_2.12-3.5.1.jar" "__spark_libs__/spark-catalyst_2.12-3.5.1.jar"
mkdir -p __spark_libs__
ln -sf -- "/var/yjx/hadoop/ha/nm-local-dir/filecache/73/jackson-databind-2.15.2.jar" "__spark_libs__/jackson-databind-2.15.2.jar"
mkdir -p __spark_libs__
ln -sf -- "/var/yjx/hadoop/ha/nm-local-dir/filecache/246/orc-mapreduce-1.9.2-shaded-protobuf.jar" "__spark_libs__/orc-mapreduce-1.9.2-shaded-protobuf.jar"
mkdir -p __spark_libs__
ln -sf -- "/var/yjx/hadoop/ha/nm-local-dir/filecache/241/kubernetes-client-api-6.7.2.jar" "__spark_libs__/kubernetes-client-api-6.7.2.jar"
mkdir -p __spark_libs__
ln -sf -- "/var/yjx/hadoop/ha/nm-local-dir/filecache/20/scala-xml_2.12-2.1.0.jar" "__spark_libs__/scala-xml_2.12-2.1.0.jar"
mkdir -p __spark_libs__
ln -sf -- "/var/yjx/hadoop/ha/nm-local-dir/filecache/26/algebra_2.12-2.0.1.jar" "__spark_libs__/algebra_2.12-2.0.1.jar"
mkdir -p __spark_libs__
ln -sf -- "/var/yjx/hadoop/ha/nm-local-dir/filecache/108/spark-repl_2.12-3.5.1.jar" "__spark_libs__/spark-repl_2.12-3.5.1.jar"
mkdir -p __spark_libs__
ln -sf -- "/var/yjx/hadoop/ha/nm-local-dir/filecache/21/cats-kernel_2.12-2.1.1.jar" "__spark_libs__/cats-kernel_2.12-2.1.1.jar"
mkdir -p __spark_libs__
ln -sf -- "/var/yjx/hadoop/ha/nm-local-dir/filecache/40/spark-network-shuffle_2.12-3.5.1.jar" "__spark_libs__/spark-network-shuffle_2.12-3.5.1.jar"
mkdir -p __spark_libs__
ln -sf -- "/var/yjx/hadoop/ha/nm-local-dir/filecache/91/zstd-jni-1.5.5-4.jar" "__spark_libs__/zstd-jni-1.5.5-4.jar"
ln -sf -- "/var/yjx/hadoop/ha/nm-local-dir/usercache/root/filecache/15/cluster-probe.jar" "__app__.jar"
mkdir -p __spark_libs__
ln -sf -- "/var/yjx/hadoop/ha/nm-local-dir/filecache/128/spark-streaming_2.12-3.5.1.jar" "__spark_libs__/spark-streaming_2.12-3.5.1.jar"
mkdir -p __spark_libs__
ln -sf -- "/var/yjx/hadoop/ha/nm-local-dir/filecache/159/aopalliance-repackaged-2.6.1.jar" "__spark_libs__/aopalliance-repackaged-2.6.1.jar"
mkdir -p __spark_libs__
ln -sf -- "/var/yjx/hadoop/ha/nm-local-dir/filecache/170/commons-collections-3.2.2.jar" "__spark_libs__/commons-collections-3.2.2.jar"
mkdir -p __spark_libs__
ln -sf -- "/var/yjx/hadoop/ha/nm-local-dir/filecache/117/jackson-datatype-jsr310-2.15.2.jar" "__spark_libs__/jackson-datatype-jsr310-2.15.2.jar"
mkdir -p __spark_libs__
ln -sf -- "/var/yjx/hadoop/ha/nm-local-dir/filecache/119/jakarta.xml.bind-api-2.3.2.jar" "__spark_libs__/jakarta.xml.bind-api-2.3.2.jar"
mkdir -p __spark_libs__
ln -sf -- "/var/yjx/hadoop/ha/nm-local-dir/filecache/35/arpack-3.0.3.jar" "__spark_libs__/arpack-3.0.3.jar"
mkdir -p __spark_libs__
ln -sf -- "/var/yjx/hadoop/ha/nm-local-dir/filecache/166/jersey-container-servlet-2.40.jar" "__spark_libs__/jersey-container-servlet-2.40.jar"
mkdir -p __spark_libs__
ln -sf -- "/var/yjx/hadoop/ha/nm-local-dir/filecache/81/jersey-common-2.40.jar" "__spark_libs__/jersey-common-2.40.jar"
mkdir -p __spark_libs__
ln -sf -- "/var/yjx/hadoop/ha/nm-local-dir/filecache/216/netty-transport-4.1.96.Final.jar" "__spark_libs__/netty-transport-4.1.96.Final.jar"
mkdir -p __spark_libs__
ln -sf -- "/var/yjx/hadoop/ha/nm-local-dir/filecache/100/spire-platform_2.12-0.17.0.jar" "__spark_libs__/spire-platform_2.12-0.17.0.jar"
mkdir -p __spark_libs__
ln -sf -- "/var/yjx/hadoop/ha/nm-local-dir/filecache/211/commons-logging-1.1.3.jar" "__spark_libs__/commons-logging-1.1.3.jar"
mkdir -p __spark_libs__
ln -sf -- "/var/yjx/hadoop/ha/nm-local-dir/filecache/59/metrics-jvm-4.2.19.jar" "__spark_libs__/metrics-jvm-4.2.19.jar"
mkdir -p __spark_libs__
ln -sf -- "/var/yjx/hadoop/ha/nm-local-dir/filecache/67/commons-dbcp-1.4.jar" "__spark_libs__/commons-dbcp-1.4.jar"
mkdir -p __spark_libs__
ln -sf -- "/var/yjx/hadoop/ha/nm-local-dir/filecache/205/commons-lang3-3.12.0.jar" "__spark_libs__/commons-lang3-3.12.0.jar"
echo "Copying debugging information"
# Creating copy of launch script
cp "launch_container.sh" "/opt/yjx/hadoop-3.3.4/logs/userlogs/application_1789195359269_0004/container_e35_1789195359269_0004_01_000002/launch_container.sh"
chmod 640 "/opt/yjx/hadoop-3.3.4/logs/userlogs/application_1789195359269_0004/container_e35_1789195359269_0004_01_000002/launch_container.sh"
# Determining directory contents
echo "ls -l:" 1>"/opt/yjx/hadoop-3.3.4/logs/userlogs/application_1789195359269_0004/container_e35_1789195359269_0004_01_000002/directory.info"
ls -l 1>>"/opt/yjx/hadoop-3.3.4/logs/userlogs/application_1789195359269_0004/container_e35_1789195359269_0004_01_000002/directory.info"
echo "find -L . -maxdepth 5 -ls:" 1>>"/opt/yjx/hadoop-3.3.4/logs/userlogs/application_1789195359269_0004/container_e35_1789195359269_0004_01_000002/directory.info"
find -L . -maxdepth 5 -ls 1>>"/opt/yjx/hadoop-3.3.4/logs/userlogs/application_1789195359269_0004/container_e35_1789195359269_0004_01_000002/directory.info"
echo "broken symlinks(find -L . -maxdepth 5 -type l -ls):" 1>>"/opt/yjx/hadoop-3.3.4/logs/userlogs/application_1789195359269_0004/container_e35_1789195359269_0004_01_000002/directory.info"
find -L . -maxdepth 5 -type l -ls 1>>"/opt/yjx/hadoop-3.3.4/logs/userlogs/application_1789195359269_0004/container_e35_1789195359269_0004_01_000002/directory.info"
echo "Launching container"
exec /bin/bash -c "$JAVA_HOME/bin/java -server -Xmx1024m '-Djava.net.preferIPv6Addresses=false' '-XX:+IgnoreUnrecognizedVMOptions' '--add-opens=java.base/java.lang=ALL-UNNAMED' '--add-opens=java.base/java.lang.invoke=ALL-UNNAMED' '--add-opens=java.base/java.lang.reflect=ALL-UNNAMED' '--add-opens=java.base/java.io=ALL-UNNAMED' '--add-opens=java.base/java.net=ALL-UNNAMED' '--add-opens=java.base/java.nio=ALL-UNNAMED' '--add-opens=java.base/java.util=ALL-UNNAMED' '--add-opens=java.base/java.util.concurrent=ALL-UNNAMED' '--add-opens=java.base/java.util.concurrent.atomic=ALL-UNNAMED' '--add-opens=java.base/jdk.internal.ref=ALL-UNNAMED' '--add-opens=java.base/sun.nio.ch=ALL-UNNAMED' '--add-opens=java.base/sun.nio.cs=ALL-UNNAMED' '--add-opens=java.base/sun.security.action=ALL-UNNAMED' '--add-opens=java.base/sun.util.calendar=ALL-UNNAMED' '--add-opens=java.security.jgss/sun.security.krb5=ALL-UNNAMED' '-Djdk.reflect.useDirectMethodHandle=false' -Djava.io.tmpdir=$PWD/tmp '-Dspark.driver.port=34972' '-Dspark.ui.port=0' -Dspark.yarn.app.container.log.dir=/opt/yjx/hadoop-3.3.4/logs/userlogs/application_1789195359269_0004/container_e35_1789195359269_0004_01_000002 -XX:OnOutOfMemoryError='kill %p' org.apache.spark.executor.YarnCoarseGrainedExecutorBackend --driver-url spark://CoarseGrainedScheduler@node03:34972 --executor-id 1 --hostname node03 --cores 1 --app-id application_1789195359269_0004 --resourceProfileId 0 1>/opt/yjx/hadoop-3.3.4/logs/userlogs/application_1789195359269_0004/container_e35_1789195359269_0004_01_000002/stdout 2>/opt/yjx/hadoop-3.3.4/logs/userlogs/application_1789195359269_0004/container_e35_1789195359269_0004_01_000002/stderr"

End of LogType:launch_container.sh
************************************************************************************

Container: container_e35_1789195359269_0004_01_000002 on node03_43710
LogAggregationType: AGGREGATED
=====================================================================
LogType:prelaunch.err
LogLastModifiedTime:周六 9月 12 15:41:40 +0800 2026
LogLength:0
LogContents:

End of LogType:prelaunch.err
******************************************************************************

Container: container_e35_1789195359269_0004_01_000002 on node03_43710
LogAggregationType: AGGREGATED
=====================================================================
LogType:prelaunch.out
LogLastModifiedTime:周六 9月 12 15:41:40 +0800 2026
LogLength:100
LogContents:
Setting up env variables
Setting up job resources
Copying debugging information
Launching container

End of LogType:prelaunch.out
******************************************************************************

Container: container_e35_1789195359269_0004_01_000002 on node03_43710
LogAggregationType: AGGREGATED
=====================================================================
LogType:stderr
LogLastModifiedTime:周六 9月 12 15:41:40 +0800 2026
LogLength:7429
LogContents:
Using Spark's default log4j profile: org/apache/spark/log4j2-defaults.properties
26/09/12 15:41:26 INFO CoarseGrainedExecutorBackend: Started daemon with process name: 9427@node03
26/09/12 15:41:26 INFO SignalUtils: Registering signal handler for TERM
26/09/12 15:41:26 INFO SignalUtils: Registering signal handler for HUP
26/09/12 15:41:26 INFO SignalUtils: Registering signal handler for INT
26/09/12 15:41:27 WARN NativeCodeLoader: Unable to load native-hadoop library for your platform... using builtin-java classes where applicable
26/09/12 15:41:27 INFO SecurityManager: Changing view acls to: root
26/09/12 15:41:27 INFO SecurityManager: Changing modify acls to: root
26/09/12 15:41:27 INFO SecurityManager: Changing view acls groups to: 
26/09/12 15:41:27 INFO SecurityManager: Changing modify acls groups to: 
26/09/12 15:41:27 INFO SecurityManager: SecurityManager: authentication disabled; ui acls disabled; users with view permissions: root; groups with view permissions: EMPTY; users with modify permissions: root; groups with modify permissions: EMPTY
26/09/12 15:41:27 INFO TransportClientFactory: Successfully created connection to node03/192.168.18.10x:34972 after 83 ms (0 ms spent in bootstraps)
26/09/12 15:41:28 INFO SecurityManager: Changing view acls to: root
26/09/12 15:41:28 INFO SecurityManager: Changing modify acls to: root
26/09/12 15:41:28 INFO SecurityManager: Changing view acls groups to: 
26/09/12 15:41:28 INFO SecurityManager: Changing modify acls groups to: 
26/09/12 15:41:28 INFO SecurityManager: SecurityManager: authentication disabled; ui acls disabled; users with view permissions: root; groups with view permissions: EMPTY; users with modify permissions: root; groups with modify permissions: EMPTY
26/09/12 15:41:28 INFO TransportClientFactory: Successfully created connection to node03/192.168.18.10x:34972 after 3 ms (0 ms spent in bootstraps)
26/09/12 15:41:28 INFO DiskBlockManager: Created local directory at /var/yjx/hadoop/ha/nm-local-dir/usercache/root/appcache/application_1789195359269_0004/blockmgr-7ed8769f-9366-4c30-9bd8-9d73de879385
26/09/12 15:41:28 INFO MemoryStore: MemoryStore started with capacity 413.9 MiB
26/09/12 15:41:28 INFO YarnCoarseGrainedExecutorBackend: Connecting to driver: spark://CoarseGrainedScheduler@node03:34972
26/09/12 15:41:28 INFO ResourceUtils: ==============================================================
26/09/12 15:41:28 INFO ResourceUtils: No custom resources configured for spark.executor.
26/09/12 15:41:28 INFO ResourceUtils: ==============================================================
26/09/12 15:41:28 INFO YarnCoarseGrainedExecutorBackend: Successfully registered with driver
26/09/12 15:41:28 INFO Executor: Starting executor ID 1 on host node03
26/09/12 15:41:28 INFO Executor: OS info Linux, 3.10.0-1160.el7.x86_64, amd64
26/09/12 15:41:28 INFO Executor: Java version 1.8.0_351
26/09/12 15:41:28 INFO Utils: Successfully started service 'org.apache.spark.network.netty.NettyBlockTransferService' on port 42527.
26/09/12 15:41:28 INFO NettyBlockTransferService: Server created on node03:42527
26/09/12 15:41:28 INFO BlockManager: Using org.apache.spark.storage.RandomBlockReplicationPolicy for block replication policy
26/09/12 15:41:28 INFO BlockManagerMaster: Registering BlockManager BlockManagerId(1, node03, 42527, None)
26/09/12 15:41:28 INFO BlockManagerMaster: Registered BlockManager BlockManagerId(1, node03, 42527, None)
26/09/12 15:41:28 INFO BlockManager: Initialized BlockManager: BlockManagerId(1, node03, 42527, None)
26/09/12 15:41:28 INFO Executor: Starting executor with user classpath (userClassPathFirst = false): 'file:/var/yjx/hadoop/ha/nm-local-dir/usercache/root/appcache/application_1789195359269_0004/container_e35_1789195359269_0004_01_000002/__app__.jar,file:/var/yjx/hadoop/ha/nm-local-dir/usercache/root/appcache/application_1789195359269_0004/container_e35_1789195359269_0004_01_000002/__app__.jar'
26/09/12 15:41:28 INFO Executor: Created or updated repl class loader org.apache.spark.util.MutableURLClassLoader@12918877 for default.
26/09/12 15:41:34 INFO YarnCoarseGrainedExecutorBackend: Got assigned task 0
26/09/12 15:41:34 INFO Executor: Running task 0.0 in stage 0.0 (TID 0)
26/09/12 15:41:34 INFO TorrentBroadcast: Started reading broadcast variable 1 with 1 pieces (estimated total size 4.0 MiB)
26/09/12 15:41:34 INFO TransportClientFactory: Successfully created connection to node03/192.168.18.10x:46141 after 22 ms (0 ms spent in bootstraps)
26/09/12 15:41:34 INFO MemoryStore: Block broadcast_1_piece0 stored as bytes in memory (estimated size 7.5 KiB, free 413.9 MiB)
26/09/12 15:41:34 INFO TorrentBroadcast: Reading broadcast variable 1 took 159 ms
26/09/12 15:41:35 INFO MemoryStore: Block broadcast_1 stored as values in memory (estimated size 15.6 KiB, free 413.9 MiB)
26/09/12 15:41:36 INFO CodeGenerator: Code generated in 379.676037 ms
26/09/12 15:41:36 INFO FileScanRDD: Reading File path: hdfs://node01:8020/graduation/probe/from-container/container-node03.txt, range: 0-70, partition values: [empty row]
26/09/12 15:41:36 INFO CodeGenerator: Code generated in 5.774581 ms
26/09/12 15:41:36 INFO TorrentBroadcast: Started reading broadcast variable 0 with 1 pieces (estimated total size 4.0 MiB)
26/09/12 15:41:36 INFO MemoryStore: Block broadcast_0_piece0 stored as bytes in memory (estimated size 37.6 KiB, free 413.9 MiB)
26/09/12 15:41:36 INFO TorrentBroadcast: Reading broadcast variable 0 took 27 ms
26/09/12 15:41:36 INFO MemoryStore: Block broadcast_0 stored as values in memory (estimated size 631.0 KiB, free 413.2 MiB)
26/09/12 15:41:37 INFO Executor: Finished task 0.0 in stage 0.0 (TID 0). 2003 bytes result sent to driver
26/09/12 15:41:37 INFO YarnCoarseGrainedExecutorBackend: Got assigned task 1
26/09/12 15:41:37 INFO Executor: Running task 0.0 in stage 2.0 (TID 1)
26/09/12 15:41:37 INFO MapOutputTrackerWorker: Updating epoch to 1 and clearing cache
26/09/12 15:41:37 INFO TorrentBroadcast: Started reading broadcast variable 2 with 1 pieces (estimated total size 4.0 MiB)
26/09/12 15:41:37 INFO MemoryStore: Block broadcast_2_piece0 stored as bytes in memory (estimated size 6.0 KiB, free 413.2 MiB)
26/09/12 15:41:37 INFO TorrentBroadcast: Reading broadcast variable 2 took 31 ms
26/09/12 15:41:37 INFO MemoryStore: Block broadcast_2 stored as values in memory (estimated size 12.5 KiB, free 413.2 MiB)
26/09/12 15:41:37 INFO MapOutputTrackerWorker: Don't have map outputs for shuffle 0, fetching them
26/09/12 15:41:37 INFO MapOutputTrackerWorker: Doing the fetch; tracker endpoint = NettyRpcEndpointRef(spark://MapOutputTracker@node03:34972)
26/09/12 15:41:38 INFO MapOutputTrackerWorker: Got the map output locations
26/09/12 15:41:38 INFO ShuffleBlockFetcherIterator: Getting 1 (60.0 B) non-empty blocks including 1 (60.0 B) local and 0 (0.0 B) host-local and 0 (0.0 B) push-merged-local and 0 (0.0 B) remote blocks
26/09/12 15:41:38 INFO ShuffleBlockFetcherIterator: Started 0 remote fetches in 27 ms
26/09/12 15:41:38 INFO CodeGenerator: Code generated in 21.591676 ms
26/09/12 15:41:38 INFO Executor: Finished task 0.0 in stage 2.0 (TID 1). 4081 bytes result sent to driver
26/09/12 15:41:39 INFO YarnCoarseGrainedExecutorBackend: Driver commanded a shutdown
26/09/12 15:41:39 INFO MemoryStore: MemoryStore cleared
26/09/12 15:41:39 INFO BlockManager: BlockManager stopped
26/09/12 15:41:39 INFO ShutdownHookManager: Shutdown hook called

End of LogType:stderr
***********************************************************************

Container: container_e35_1789195359269_0004_01_000002 on node03_43710
LogAggregationType: AGGREGATED
=====================================================================
LogType:stdout
LogLastModifiedTime:周六 9月 12 15:41:40 +0800 2026
LogLength:0
LogContents:

End of LogType:stdout
***********************************************************************

