db	table	partition	file	bytes	sha256
dw_ads.db	ads_active_trend	dt=20260901	spark-warehouse\dw_ads.db\ads_active_trend\dt=20260901\part-00000-6f729134-bb8f-428a-b98c-75fc5c202914.c000.snappy.parquet	748	E3C337FF30AFB687B8CF0F6EA2EA185973BF2B25B03153A9FF4FE73B241B78A6
dw_ads.db	ads_active_trend__staging	snapshot_id=S20260901_39	spark-warehouse\dw_ads.db\ads_active_trend__staging\snapshot_id=S20260901_39\dt=20260901\part-00000-d75e4589-5a3a-4eb2-8023-c92257eaa89b.c000.snappy.parquet	748	83A3F902CEE858686F9F970E07D5A4F8F3080A86A67D1031BAB8B9666316716A
dw_ads.db	ads_behavior_funnel	dt=20260901	spark-warehouse\dw_ads.db\ads_behavior_funnel\dt=20260901\part-00000-b6aa539d-f1c4-4062-85a3-321b416231fc.c000.snappy.parquet	1252	5970820FE8DD899D8267B2FA06F018B38FD36E42B771BC15D7C98A3A714D6EFE
dw_ads.db	ads_behavior_funnel	dt=20260901	spark-warehouse\dw_ads.db\ads_behavior_funnel\dt=20260901\part-00001-b6aa539d-f1c4-4062-85a3-321b416231fc.c000.snappy.parquet	1302	736739B93E253F57853F1644F906ED4619A527A5570152856631AF46C93E7E25
dw_ads.db	ads_behavior_funnel	dt=20260901	spark-warehouse\dw_ads.db\ads_behavior_funnel\dt=20260901\part-00002-b6aa539d-f1c4-4062-85a3-321b416231fc.c000.snappy.parquet	1295	02A1E0F8154390A274D52B026C66F63CDA2DE7C501A8C8D79304E25B4482E1B3
dw_ads.db	ads_behavior_funnel	dt=20260901	spark-warehouse\dw_ads.db\ads_behavior_funnel\dt=20260901\part-00003-b6aa539d-f1c4-4062-85a3-321b416231fc.c000.snappy.parquet	1281	67F334F9307D194A531ACDE6CBEAC014530EBCBDCA14E40FCE5B52E660D6C4E9
dw_ads.db	ads_behavior_funnel__staging	snapshot_id=S20260901_39	spark-warehouse\dw_ads.db\ads_behavior_funnel__staging\snapshot_id=S20260901_39\dt=20260901\part-00000-9fe78214-398b-4d4b-9d8b-b6af922a46be.c000.snappy.parquet	1252	0A4EEDD856103467C5B0A870527910A6D2A0FF29005E271CBCA20F8112BFFD55
dw_ads.db	ads_behavior_funnel__staging	snapshot_id=S20260901_39	spark-warehouse\dw_ads.db\ads_behavior_funnel__staging\snapshot_id=S20260901_39\dt=20260901\part-00001-9fe78214-398b-4d4b-9d8b-b6af922a46be.c000.snappy.parquet	1302	71A8C73E2AB46CDC3BF6E9D58A08A0C7C0A65A75484D1D6DC22FE07B6CC724E5
dw_ads.db	ads_behavior_funnel__staging	snapshot_id=S20260901_39	spark-warehouse\dw_ads.db\ads_behavior_funnel__staging\snapshot_id=S20260901_39\dt=20260901\part-00002-9fe78214-398b-4d4b-9d8b-b6af922a46be.c000.snappy.parquet	1295	2EC2586EEA66384996853C65706BD9AEE5FD9CBCD2312EEEB852CE7985C1297A
dw_ads.db	ads_behavior_funnel__staging	snapshot_id=S20260901_39	spark-warehouse\dw_ads.db\ads_behavior_funnel__staging\snapshot_id=S20260901_39\dt=20260901\part-00003-9fe78214-398b-4d4b-9d8b-b6af922a46be.c000.snappy.parquet	1281	CEFCBDB7B50B46D10C1E61D47CD1BD9ABB27FCF7C52C88AE9F611BA64F01F9A4
dw_ads.db	ads_data_quality	dt=20260901	spark-warehouse\dw_ads.db\ads_data_quality\dt=20260901\part-00000-35e4cb82-3d88-4cdf-be22-d9d5a0506383.c000.snappy.parquet	1829	A1A7F8F04DD7493804EA2C5C3E68D7B0B19A8C4017A7C26C159177B1C0FA9C7D
dw_ads.db	ads_data_quality	dt=20260901	spark-warehouse\dw_ads.db\ads_data_quality\dt=20260901\part-00001-35e4cb82-3d88-4cdf-be22-d9d5a0506383.c000.snappy.parquet	1892	4B612FE270E2B7E18158D155159BC5FAC013C10CE8CF69FB030358BAFAFF31BB
dw_ads.db	ads_data_quality	dt=20260901	spark-warehouse\dw_ads.db\ads_data_quality\dt=20260901\part-00002-35e4cb82-3d88-4cdf-be22-d9d5a0506383.c000.snappy.parquet	1836	35BB1276A6179A797E681462006189F3ADA298B093616E5456C1221F46C0E87B
dw_ads.db	ads_data_quality	dt=20260901	spark-warehouse\dw_ads.db\ads_data_quality\dt=20260901\part-00003-35e4cb82-3d88-4cdf-be22-d9d5a0506383.c000.snappy.parquet	1794	C754258E4DD29FE35228D36B4FF128E7242907A9A3570E8B7503839008D1D5F8
dw_ads.db	ads_data_quality__staging	snapshot_id=S20260901_39	spark-warehouse\dw_ads.db\ads_data_quality__staging\snapshot_id=S20260901_39\dt=20260901\part-00000-819064e1-8182-4792-bca8-c5ffc34771c6.c000.snappy.parquet	1829	2D01140EE6EF3221C7B7AE56312FC7F6BD0B2C347129F1FFB5070CB827E546EE
dw_ads.db	ads_data_quality__staging	snapshot_id=S20260901_39	spark-warehouse\dw_ads.db\ads_data_quality__staging\snapshot_id=S20260901_39\dt=20260901\part-00001-819064e1-8182-4792-bca8-c5ffc34771c6.c000.snappy.parquet	1892	F3AEC7EE2EA2589DE6A8AF3A70ABAC6FD995706BCB4CE521E4BFDF98E9619EDD
dw_ads.db	ads_data_quality__staging	snapshot_id=S20260901_39	spark-warehouse\dw_ads.db\ads_data_quality__staging\snapshot_id=S20260901_39\dt=20260901\part-00002-819064e1-8182-4792-bca8-c5ffc34771c6.c000.snappy.parquet	1836	5592344B910D8C9F4D395990E001BBB052640AFC59AD9C57F44E374EF33BF39E
dw_ads.db	ads_data_quality__staging	snapshot_id=S20260901_39	spark-warehouse\dw_ads.db\ads_data_quality__staging\snapshot_id=S20260901_39\dt=20260901\part-00003-819064e1-8182-4792-bca8-c5ffc34771c6.c000.snappy.parquet	1794	5DCB73E13DC7BC018322ED6CF38CCEB8D55711C98098B4F31E5FF6E7DED88D54
dw_ads.db	ads_hot_product	dt=20260901	spark-warehouse\dw_ads.db\ads_hot_product\dt=20260901\part-00000-3515f794-8078-4b85-a09f-223c76c79b5c.c000.snappy.parquet	2544	31F88B6AA7031DF5752B8B991910CBCFFBA93FDD456698A3856DFC5BB467A96D
dw_ads.db	ads_hot_product__staging	snapshot_id=S20260901_39	spark-warehouse\dw_ads.db\ads_hot_product__staging\snapshot_id=S20260901_39\dt=20260901\part-00000-6c2263b3-cebb-466c-8d1a-a7f3ad8a5be2.c000.snappy.parquet	2592	BFBD39E6F67BF2EC1E2DA35EC359DE1789719758E08ED845FBEB1A51F957A513
dw_ads.db	ads_operation_overview__staging	snapshot_id=S20260901_39	spark-warehouse\dw_ads.db\ads_operation_overview__staging\snapshot_id=S20260901_39\dt=20260901\part-00000-e937c2f0-3027-4a4d-b4d6-6f85d186defc.c000.snappy.parquet	2666	4111BD4E089BF503098F01BE13D9253C3951278664A55ACB2FEFAF710A0DFAC0
dw_ads.db	ads_operation_overview__staging	snapshot_id=S20260907_TEST	spark-warehouse\dw_ads.db\ads_operation_overview__staging\snapshot_id=S20260907_TEST\dt=20260907\part-00000-09c22e46-7afb-4037-a087-fd6940d2cddd.c000.snappy.parquet	2630	F4A81E6BCBF405E74DAC0589538B15144FEDC5756356F4EF929F6203893A1B5F
dw_ads.db	ads_operation_overview__staging	snapshot_id=S20260907_TEST	spark-warehouse\dw_ads.db\ads_operation_overview__staging\snapshot_id=S20260907_TEST\dt=20260907\part-00000-8415c28a-e578-4f53-b4be-c766861949f3.c000.snappy.parquet	2630	846604FEFFDCD8D3ADB7A5C19DFE1008E1088EB951BBC40EF2F7ACA15AD7F958
dw_ads.db	ads_operation_overview__staging	snapshot_id=S20260907_TEST	spark-warehouse\dw_ads.db\ads_operation_overview__staging\snapshot_id=S20260907_TEST\dt=20260907\part-00000-fe6dd059-7b20-4626-a13e-8ef2b17ffded.c000.snappy.parquet	2630	846604FEFFDCD8D3ADB7A5C19DFE1008E1088EB951BBC40EF2F7ACA15AD7F958
dw_ads.db	ads_product_conversion	dt=20260901	spark-warehouse\dw_ads.db\ads_product_conversion\dt=20260901\part-00000-64d14dab-0e18-47a5-a193-4e903ac94812.c000.snappy.parquet	1411	094DC26FA4DBE28DC548AF078651B1C477120DCF4AFEC178298739E6BF0E686E
dw_ads.db	ads_product_conversion__staging	snapshot_id=S20260901_39	spark-warehouse\dw_ads.db\ads_product_conversion__staging\snapshot_id=S20260901_39\dt=20260901\part-00000-ec1ecdeb-eafc-4d04-9c30-e5aa5ac34040.c000.snappy.parquet	1455	FF4BC6A2CA63BD94AC777C75FADA771CDB25CAE1ED2A5A1159ED6F08D4979040
dw_ads.db	ads_sale_trend	dt=20260901	spark-warehouse\dw_ads.db\ads_sale_trend\dt=20260901\part-00000-50ea40bc-f74e-4784-b436-2e74ced2f545.c000.snappy.parquet	1374	D6F4D62BA2903084A95635AF3C66896E21F489CC4E49BAEBA90D7C64D9B92C7E
dw_ads.db	ads_sale_trend__staging	snapshot_id=S20260901_39	spark-warehouse\dw_ads.db\ads_sale_trend__staging\snapshot_id=S20260901_39\dt=20260901\part-00000-57333be1-b297-4aea-9997-332e54588587.c000.snappy.parquet	1374	8D67E07C270E1D1D444D25C0621D53778204D93C397231F9F6783B3AE91F3433
dw_ads.db	ads_user_profile	dt=20260901	spark-warehouse\dw_ads.db\ads_user_profile\dt=20260901\part-00000-0c65143a-7259-44fa-b3a7-98ffd254a468.c000.snappy.parquet	3677	050E48B5E5E3044275699F9AC1E2E2DC2D3D6511B47304D9F4B2C416BC63FF6D
dw_ads.db	ads_user_profile__staging	snapshot_id=S20260901_39	spark-warehouse\dw_ads.db\ads_user_profile__staging\snapshot_id=S20260901_39\dt=20260901\part-00000-b6af8833-f4c0-4fa4-b440-eb9a233c234b.c000.snappy.parquet	3296	35EDA81BC2B062C7D925349E9808452800995C58EB4980346D9EA002AE79478B
dw_dim.db	dim_product	dt=20260903	spark-warehouse\dw_dim.db\dim_product\dt=20260903\part-00000-2a0cef01-f77e-4286-a311-5ce22bfafe32.c000.snappy.parquet	3576	E70E3B814A34950CDD883C3FB326E09DF8674C0AF850E40991AB25C8A6F3DF14
dw_dim.db	dim_user	dt=20260901	spark-warehouse\dw_dim.db\dim_user\dt=20260901\part-00000-d045784e-b4b6-44ed-85e2-cc132d1af9b0.c000.snappy.parquet	2416	5593DE787A50FC0853E5EEC9B5A0DA548BDF38C3F12E2EDEFF58E56AF9B89A38
dw_dim.db	dim_user	dt=20260903	spark-warehouse\dw_dim.db\dim_user\dt=20260903\part-00000-291de7ed-8104-4cbf-be77-df1f324769fe.c000.snappy.parquet	2206	49C01D9E872864BC3A3DF1A63DFBF888B3F41A6615B3D8D943E88D3F17108630
dw_dwd.db	dwd_order_detail	dt=20260901	spark-warehouse\dw_dwd.db\dwd_order_detail\dt=20260901\part-00000-db4808f3-05ba-4794-b89b-01a866033275.c000.snappy.parquet	5927	2CBAD6E264595677B68B5F641829808F267E8EA4D5A5F731382F7369F32934BF
dw_dwd.db	dwd_order_detail	dt=20260901	spark-warehouse\dw_dwd.db\dwd_order_detail\dt=20260901\part-00001-db4808f3-05ba-4794-b89b-01a866033275.c000.snappy.parquet	5414	643D306DC1F3A7CD2F45C9790E45765C2ABCF12D382E89AD1EA0313E10676215
dw_dwd.db	dwd_order_detail	dt=20260902	spark-warehouse\dw_dwd.db\dwd_order_detail\dt=20260902\part-00000-db4808f3-05ba-4794-b89b-01a866033275.c000.snappy.parquet	5705	63E9196AD37239504E807941CDB98DEDAF16744F711E6DB94C1389A868E86906
dw_dwd.db	dwd_order_detail	dt=20260902	spark-warehouse\dw_dwd.db\dwd_order_detail\dt=20260902\part-00001-db4808f3-05ba-4794-b89b-01a866033275.c000.snappy.parquet	5802	732ED5E7FF85D88B63759BB1DFBA90F6387445ACC967A6EF2A04E7587FAC81EB
dw_dwd.db	dwd_order_detail	dt=20260903	spark-warehouse\dw_dwd.db\dwd_order_detail\dt=20260903\part-00000-db4808f3-05ba-4794-b89b-01a866033275.c000.snappy.parquet	5884	3D45BC2B8E532A91990445D3F69E730736A57790B0AC21027B384F7AF9631F44
dw_dwd.db	dwd_order_detail	dt=20260904	spark-warehouse\dw_dwd.db\dwd_order_detail\dt=20260904\part-00000-db4808f3-05ba-4794-b89b-01a866033275.c000.snappy.parquet	5574	152EFB3E27877B050376799CD6761D1FC7EE80CAB198F432DB4CD8A544709A0C
dw_dwd.db	dwd_order_detail	dt=20260904	spark-warehouse\dw_dwd.db\dwd_order_detail\dt=20260904\part-00001-db4808f3-05ba-4794-b89b-01a866033275.c000.snappy.parquet	5727	EF4EAC336C3C94096CDC76FD780F6B60B8BD37B05784938A781998033F3A91DC
dw_dwd.db	dwd_order_detail	dt=20260905	spark-warehouse\dw_dwd.db\dwd_order_detail\dt=20260905\part-00000-db4808f3-05ba-4794-b89b-01a866033275.c000.snappy.parquet	5559	1846F5CFE0014A496DAE28C31FC7D62898A54844EC6F8187DD02FC05A6362066
dw_dwd.db	dwd_order_detail	dt=20260906	spark-warehouse\dw_dwd.db\dwd_order_detail\dt=20260906\part-00000-db4808f3-05ba-4794-b89b-01a866033275.c000.snappy.parquet	5621	3CA47DBE09DA9BF37562C4B580B989C0E1C6FDAC1E81A5609F68BFC6B2BC91C4
dw_dwd.db	dwd_order_detail	dt=20260906	spark-warehouse\dw_dwd.db\dwd_order_detail\dt=20260906\part-00001-db4808f3-05ba-4794-b89b-01a866033275.c000.snappy.parquet	5798	4A5682314664B00A2EAA6DA79F50CC762075D1934AE5662F66EF1135D7249419
dw_dwd.db	dwd_order_detail	dt=20260907	spark-warehouse\dw_dwd.db\dwd_order_detail\dt=20260907\part-00000-db4808f3-05ba-4794-b89b-01a866033275.c000.snappy.parquet	5577	22F3E80B54BAC60198C383E6E2AFE3A9F94EFAFD0C279EF325F94CD29EB41BB4
dw_dwd.db	dwd_order_detail	dt=20260907	spark-warehouse\dw_dwd.db\dwd_order_detail\dt=20260907\part-00001-db4808f3-05ba-4794-b89b-01a866033275.c000.snappy.parquet	5399	FA4A82BE5EBA6F9175C221EEF172FE92D7EB5634E054EAE664AD795E3C536ECB
dw_dwd.db	dwd_order_detail	dt=20260908	spark-warehouse\dw_dwd.db\dwd_order_detail\dt=20260908\part-00000-db4808f3-05ba-4794-b89b-01a866033275.c000.snappy.parquet	5806	9AB95B38BED63D24B6A01AF05068F60390117A91E8A204E2DA73B19394C1557B
dw_dwd.db	dwd_order_detail	dt=20260908	spark-warehouse\dw_dwd.db\dwd_order_detail\dt=20260908\part-00001-db4808f3-05ba-4794-b89b-01a866033275.c000.snappy.parquet	5858	CC2B3D833C33C0370CD2D6B6549191716418654A89BE7BE8609B143260E9329A
dw_dwd.db	dwd_order_detail	dt=20260909	spark-warehouse\dw_dwd.db\dwd_order_detail\dt=20260909\part-00000-db4808f3-05ba-4794-b89b-01a866033275.c000.snappy.parquet	5481	845BBBBA91C22C32AA320F63159865A44AE222A97222CF3496AC1800D0C18B25
dw_dwd.db	dwd_order_detail	dt=20260909	spark-warehouse\dw_dwd.db\dwd_order_detail\dt=20260909\part-00001-db4808f3-05ba-4794-b89b-01a866033275.c000.snappy.parquet	5798	0F3363A9DADFF944CCEAC97BDF3B373BFF6219657E3F82C50814A32FE8665725
dw_dwd.db	dwd_order_detail	dt=20260910	spark-warehouse\dw_dwd.db\dwd_order_detail\dt=20260910\part-00000-db4808f3-05ba-4794-b89b-01a866033275.c000.snappy.parquet	5947	7D580E88D35CA949BAB01220F1AA02FD644349D5FA30A53F13DD7223E5D6929F
dw_dwd.db	dwd_order_detail	dt=20260910	spark-warehouse\dw_dwd.db\dwd_order_detail\dt=20260910\part-00001-db4808f3-05ba-4794-b89b-01a866033275.c000.snappy.parquet	5800	BD7E1188223067243EE52C05237D9AFCC857EA8D611AC8D530A934FB23D1825B
dw_dwd.db	dwd_order_detail	dt=20260911	spark-warehouse\dw_dwd.db\dwd_order_detail\dt=20260911\part-00000-db4808f3-05ba-4794-b89b-01a866033275.c000.snappy.parquet	5768	49A616941A02A520820994B5E6E43E03A35C2E276DA88F7986D3FD1F2CC02135
dw_dwd.db	dwd_order_detail	dt=20260911	spark-warehouse\dw_dwd.db\dwd_order_detail\dt=20260911\part-00001-db4808f3-05ba-4794-b89b-01a866033275.c000.snappy.parquet	5708	869838E158FAE65803D5D965F27571622562D3FCF5E9DC60CACE5B047B227845
dw_dwd.db	dwd_order_detail	dt=20260912	spark-warehouse\dw_dwd.db\dwd_order_detail\dt=20260912\part-00000-db4808f3-05ba-4794-b89b-01a866033275.c000.snappy.parquet	5815	6ECEF4ACD3AD1CFAE3088907BEC5561B5E8DD46EA36D393851E86FAD2B259FFA
dw_dwd.db	dwd_order_detail	dt=20260912	spark-warehouse\dw_dwd.db\dwd_order_detail\dt=20260912\part-00001-db4808f3-05ba-4794-b89b-01a866033275.c000.snappy.parquet	5806	2880C5CFC39F0F794FF168040468D203FAB64A4E0E3D35EDC2DE7DC4835E7A03
dw_dwd.db	dwd_order_detail	dt=20260913	spark-warehouse\dw_dwd.db\dwd_order_detail\dt=20260913\part-00000-db4808f3-05ba-4794-b89b-01a866033275.c000.snappy.parquet	5575	FF97437E90357650C5A15C40C93B96DE54DBC436DCEDB8B7845D1E2D3979FEB0
dw_dwd.db	dwd_order_detail	dt=20260913	spark-warehouse\dw_dwd.db\dwd_order_detail\dt=20260913\part-00001-db4808f3-05ba-4794-b89b-01a866033275.c000.snappy.parquet	5864	D0C0A0B8414A01267B28D69048FB48BE0F487C9C847EF6DF849F831B77AB3755
dw_dwd.db	dwd_order_detail	dt=20260914	spark-warehouse\dw_dwd.db\dwd_order_detail\dt=20260914\part-00000-db4808f3-05ba-4794-b89b-01a866033275.c000.snappy.parquet	5847	2116060781F791FBB57EF138515F42B066BE0C64DBFCDFEB80BD7A0CD92D9A5F
dw_dwd.db	dwd_order_detail	dt=20260914	spark-warehouse\dw_dwd.db\dwd_order_detail\dt=20260914\part-00001-db4808f3-05ba-4794-b89b-01a866033275.c000.snappy.parquet	5481	ED6170B08468FF9F1FC37A68DE301BD06EE4C32B4E3046736EF9B3E8DE5684A0
dw_dwd.db	dwd_order_detail	dt=20260915	spark-warehouse\dw_dwd.db\dwd_order_detail\dt=20260915\part-00000-db4808f3-05ba-4794-b89b-01a866033275.c000.snappy.parquet	5414	8BB6A0F94B59F360D11234FA12CF8B7E57D88E6C959EFC91879B66BD7321B1C8
dw_dwd.db	dwd_order_detail	dt=20260915	spark-warehouse\dw_dwd.db\dwd_order_detail\dt=20260915\part-00001-db4808f3-05ba-4794-b89b-01a866033275.c000.snappy.parquet	5830	0D497782CC4FB7689272011B46695EF058EAD44A45E5509F263BDDB846CB6A24
dw_dwd.db	dwd_order_detail	dt=20260916	spark-warehouse\dw_dwd.db\dwd_order_detail\dt=20260916\part-00000-db4808f3-05ba-4794-b89b-01a866033275.c000.snappy.parquet	5875	CDDF5C6F47729DF9F9BE74A425BD501973F8453E6C2636C158ED31D6DBF2979D
dw_dwd.db	dwd_order_detail	dt=20260916	spark-warehouse\dw_dwd.db\dwd_order_detail\dt=20260916\part-00001-db4808f3-05ba-4794-b89b-01a866033275.c000.snappy.parquet	5606	2E351EBCC61FBEAEAFD62A76A959CB1F4253049398C6AA25D2385F82D86F5BA2
dw_dwd.db	dwd_order_detail	dt=20260917	spark-warehouse\dw_dwd.db\dwd_order_detail\dt=20260917\part-00000-db4808f3-05ba-4794-b89b-01a866033275.c000.snappy.parquet	5901	788461BCB27E6D89ED993E19BB25C2974DA591885F8717161E0C6FE92DAB26F9
dw_dwd.db	dwd_order_detail	dt=20260917	spark-warehouse\dw_dwd.db\dwd_order_detail\dt=20260917\part-00001-db4808f3-05ba-4794-b89b-01a866033275.c000.snappy.parquet	5481	7A2BD93F0936C727F4016234AC2AB57C7CD86DF9E032D141FADAB240F9D47D37
dw_dwd.db	dwd_order_detail	dt=20260918	spark-warehouse\dw_dwd.db\dwd_order_detail\dt=20260918\part-00000-db4808f3-05ba-4794-b89b-01a866033275.c000.snappy.parquet	5863	5CDE59A1859B51779F1A3C0B4BA039BE98BE13517C62480A43B58D4438324C55
dw_dwd.db	dwd_order_detail	dt=20260918	spark-warehouse\dw_dwd.db\dwd_order_detail\dt=20260918\part-00001-db4808f3-05ba-4794-b89b-01a866033275.c000.snappy.parquet	5885	247134B7E508B4BB8E8C54A67F3D1B90FB18A64D7945D33341BADAF97990369C
dw_dwd.db	dwd_order_detail	dt=20260919	spark-warehouse\dw_dwd.db\dwd_order_detail\dt=20260919\part-00000-db4808f3-05ba-4794-b89b-01a866033275.c000.snappy.parquet	5621	3EC102E232384B12BF32843A3A6E8C35B2862F6B2C6176F3C3E967F800B830EF
dw_dwd.db	dwd_order_detail	dt=20260919	spark-warehouse\dw_dwd.db\dwd_order_detail\dt=20260919\part-00001-db4808f3-05ba-4794-b89b-01a866033275.c000.snappy.parquet	5533	551CC7BB27CD638228F9A7A5F2E83C5049D82DE88B2C341DBE109E83A2A88655
dw_dwd.db	dwd_order_detail	dt=20260920	spark-warehouse\dw_dwd.db\dwd_order_detail\dt=20260920\part-00000-db4808f3-05ba-4794-b89b-01a866033275.c000.snappy.parquet	5759	95A8553811F7CFB77874AB47E076DABFDBBD715994B500BA3DEC285D670223ED
dw_dwd.db	dwd_order_detail	dt=20260920	spark-warehouse\dw_dwd.db\dwd_order_detail\dt=20260920\part-00001-db4808f3-05ba-4794-b89b-01a866033275.c000.snappy.parquet	5768	A4945F9BF16F52A0B603DD23B23D7C0857A0C7B7A74160D2B7668C4BEBEBF06B
dw_dwd.db	dwd_order_detail	dt=20260921	spark-warehouse\dw_dwd.db\dwd_order_detail\dt=20260921\part-00000-db4808f3-05ba-4794-b89b-01a866033275.c000.snappy.parquet	5576	B360432E32545EEE9C5EAA07CCCBA9A31561AE9165849EE346C33BD756F5C6A9
dw_dwd.db	dwd_order_detail	dt=20260921	spark-warehouse\dw_dwd.db\dwd_order_detail\dt=20260921\part-00001-db4808f3-05ba-4794-b89b-01a866033275.c000.snappy.parquet	5610	2BD8D3BFA27AE6EA6686A51D39CFE62BABB1E1F1298ED365D27164C78F7F0F05
dw_dwd.db	dwd_order_detail	dt=20260922	spark-warehouse\dw_dwd.db\dwd_order_detail\dt=20260922\part-00001-db4808f3-05ba-4794-b89b-01a866033275.c000.snappy.parquet	5873	09258CF43CA34878289E76817149C5D78C9EA11A681E1A40684D40FC888C0284
dw_dwd.db	dwd_order_detail	dt=20260923	spark-warehouse\dw_dwd.db\dwd_order_detail\dt=20260923\part-00000-db4808f3-05ba-4794-b89b-01a866033275.c000.snappy.parquet	5414	55167B0669E1C83DE107AE021F227A110D910D8F901D87CB64EF79CC675DE603
dw_dwd.db	dwd_order_detail	dt=20260923	spark-warehouse\dw_dwd.db\dwd_order_detail\dt=20260923\part-00001-db4808f3-05ba-4794-b89b-01a866033275.c000.snappy.parquet	5632	07796E9A8A490E9161FEBA6BAC9ABED843F6B196E3323C763C5FF4F0D83CDC34
dw_dwd.db	dwd_order_detail	dt=20260924	spark-warehouse\dw_dwd.db\dwd_order_detail\dt=20260924\part-00000-db4808f3-05ba-4794-b89b-01a866033275.c000.snappy.parquet	5481	2DD89D10D9F236A11543E890E8DABD76D3CE0757E0BD0B9516B9621341B0AD10
dw_dwd.db	dwd_order_detail	dt=20260924	spark-warehouse\dw_dwd.db\dwd_order_detail\dt=20260924\part-00001-db4808f3-05ba-4794-b89b-01a866033275.c000.snappy.parquet	5840	3D5E815ECD30069D3C96920EBEAE0C6C4434132019DC576909EB2883B144065A
dw_dwd.db	dwd_order_detail	dt=20260925	spark-warehouse\dw_dwd.db\dwd_order_detail\dt=20260925\part-00000-db4808f3-05ba-4794-b89b-01a866033275.c000.snappy.parquet	5906	98B9E5E766D75FB3D82638A43E909C4215E82EC25E03633104C55050FF552DC4
dw_dwd.db	dwd_order_detail	dt=20260925	spark-warehouse\dw_dwd.db\dwd_order_detail\dt=20260925\part-00001-db4808f3-05ba-4794-b89b-01a866033275.c000.snappy.parquet	5414	2ECB9CD2A4BACB78AC4AFC99649CA6C4C7702BAA6277A3E12CCE069CA50D3512
dw_dwd.db	dwd_order_detail	dt=20260926	spark-warehouse\dw_dwd.db\dwd_order_detail\dt=20260926\part-00000-db4808f3-05ba-4794-b89b-01a866033275.c000.snappy.parquet	5621	F53C394744D9E1ADBF310D5C0C5EFC352DC57D7A1B7ED2EF42F7A43C536E444F
dw_dwd.db	dwd_order_detail	dt=20260926	spark-warehouse\dw_dwd.db\dwd_order_detail\dt=20260926\part-00001-db4808f3-05ba-4794-b89b-01a866033275.c000.snappy.parquet	5821	AAAD2F4708F41F49948E4FC5A2472E89BFDEF8B2BB7ED64DC8DA2AAF81F2CF1F
dw_dwd.db	dwd_order_detail	dt=20260928	spark-warehouse\dw_dwd.db\dwd_order_detail\dt=20260928\part-00000-db4808f3-05ba-4794-b89b-01a866033275.c000.snappy.parquet	5681	0428466DA4436A2AE9B4A90D95D840E32BBBF559A4F27BB556280074E764F6C0
dw_dwd.db	dwd_order_detail	dt=20260928	spark-warehouse\dw_dwd.db\dwd_order_detail\dt=20260928\part-00001-db4808f3-05ba-4794-b89b-01a866033275.c000.snappy.parquet	5776	2F99BBD54CFE3D26969569BEEA063B777216F892C1B0FD1E968C80CF4DAFEEA7
dw_dwd.db	dwd_order_detail	dt=20260929	spark-warehouse\dw_dwd.db\dwd_order_detail\dt=20260929\part-00001-db4808f3-05ba-4794-b89b-01a866033275.c000.snappy.parquet	5930	13029F6A3FD821FEBBD6617FA95CA218D1D48A786B34289F450ABD1235FF4F5C
dw_dwd.db	dwd_order_detail	dt=20260930	spark-warehouse\dw_dwd.db\dwd_order_detail\dt=20260930\part-00000-db4808f3-05ba-4794-b89b-01a866033275.c000.snappy.parquet	5577	D055C32ACC303599FEFFF23F0A0EB572F8422FE2150B32909959A83C5ECD8C77
dw_dwd.db	dwd_order_detail	dt=20260930	spark-warehouse\dw_dwd.db\dwd_order_detail\dt=20260930\part-00001-db4808f3-05ba-4794-b89b-01a866033275.c000.snappy.parquet	5606	B39AB0FC32FBFD5EFB2FA96EF072B006ECA568D39BE8C3684A05654C40E64730
dw_dwd.db	dwd_reject_record	dt=20260903	spark-warehouse\dw_dwd.db\dwd_reject_record\dt=20260903\part-00000-1b14cf9f-4206-4a7c-9fbd-4b131e291520.c000.snappy.parquet	1734	915E528596A00B6DA78FDAECDA9E3CFE581C142579622912E7E461DBBF900D78
dw_dwd.db	dwd_user_behavior_detail	dt=20260901	spark-warehouse\dw_dwd.db\dwd_user_behavior_detail\dt=20260901\part-00000-45060ad1-cee6-4c38-978e-2939867bf765.c000.snappy.parquet	3930	3B754B7568568F4D262A3F9DDFF096EA83AC4D45DBB09EE9EEB2872264EF82A5
dw_dwd.db	dwd_user_behavior_detail	dt=20260903	spark-warehouse\dw_dwd.db\dwd_user_behavior_detail\dt=20260903\part-00000-de19b688-556f-47a3-9f4f-52c3dc860a58.c000.snappy.parquet	3774	9AAE4A29FC2305C5337CC667939CCB787F37614B8B3BFC27FFA55E5FAFD6EA01
dw_dws.db	dws_behavior_funnel_day	dt=20260901	spark-warehouse\dw_dws.db\dws_behavior_funnel_day\dt=20260901\part-00000-294f7fd3-f27c-4061-b31e-8a045cceb545.c000.snappy.parquet	2836	68AB8CE8D7BC6FCDB6D391A2298C0CDD0EA5045505386897835C76F2D9A9E923
dw_dws.db	dws_behavior_funnel_day	dt=20260903	spark-warehouse\dw_dws.db\dws_behavior_funnel_day\dt=20260903\part-00000-f02929f0-2afb-4bf2-b906-ccf997d0db10.c000.snappy.parquet	2836	63F5647C05F5C3611BD6CE9EAFE717425771668B5520DB60D040AB6EB55EBB96
dw_dws.db	dws_product_behavior_day	dt=20260901	spark-warehouse\dw_dws.db\dws_product_behavior_day\dt=20260901\part-00000-c56ef806-8f3a-4cc4-85f1-e25182ba1ab0.c000.snappy.parquet	2278	088F1172E584275F2AB0D1F69CD4B1C02B39F944982429F2E247E1C0FDE7CE8A
dw_dws.db	dws_product_behavior_day	dt=20260903	spark-warehouse\dw_dws.db\dws_product_behavior_day\dt=20260903\part-00000-ad61fc78-9da1-43c8-995a-28aa8abcc941.c000.snappy.parquet	2280	A399EEEFC8170DB20C0B222F23F7B30A3090D85F53B8CE6B7225DC119E750935
dw_dws.db	dws_product_sale_day	dt=20260901	spark-warehouse\dw_dws.db\dws_product_sale_day\dt=20260901\part-00000-fcefca65-9a20-44f5-a32e-9c3ce2bedc9f.c000.snappy.parquet	1597	31FE365A07E4E583C9B287033FFB50CA96A6C08CDD4FD64BD6039FDF2D34C4F4
dw_dws.db	dws_product_sale_day	dt=20260903	spark-warehouse\dw_dws.db\dws_product_sale_day\dt=20260903\part-00000-b099a6ad-6f00-4181-b0fb-dc0e56a520d6.c000.snappy.parquet	1703	7DB58A686FB7B27FC1EE2C667573A86B4A9B79490B40E19B300C210E791B98DB
dw_dws.db	dws_region_sale_day	dt=20260901	spark-warehouse\dw_dws.db\dws_region_sale_day\dt=20260901\part-00000-5dfbe6d1-4120-40d5-ab97-9ce50573046f.c000.snappy.parquet	1311	44F5FBB7707BF13570DCBF2012F76F95D0D14B7CCB6093E85F91D21F16FE7D78
dw_dws.db	dws_region_sale_day	dt=20260903	spark-warehouse\dw_dws.db\dws_region_sale_day\dt=20260903\part-00000-607fc79c-e33f-47cb-abd6-eb8a61f5122f.c000.snappy.parquet	1369	7E7CD970C29875F4182CAC83483CA15C77139DB247D6091B1CE016710CDCB75C
dw_dws.db	dws_trade_day	dt=20260901	spark-warehouse\dw_dws.db\dws_trade_day\dt=20260901\part-00000-1c3f2b79-356d-4379-b179-fc6558067550.c000.snappy.parquet	1966	C8D74F610A56962C9ACFECC106584F9754A3367642B65F1EE0C10D5199C2B6B4
dw_dws.db	dws_trade_day	dt=20260903	spark-warehouse\dw_dws.db\dws_trade_day\dt=20260903\part-00000-6d22ec1e-63cf-4aea-94f5-16f56000814a.c000.snappy.parquet	1966	DDBBF7B0938779858FA00EE2AA5970CC2B8579832F5751FE014C9A07F91C7709
dw_dws.db	dws_user_behavior_day	dt=20260901	spark-warehouse\dw_dws.db\dws_user_behavior_day\dt=20260901\part-00000-6e30acbd-f372-46b7-aef7-505e95f9f45b.c000.snappy.parquet	2271	DBC1D1FD4F31B05EF9DB288C2E350C66EF581991D067C56514D7C959B0513E14
dw_dws.db	dws_user_behavior_day	dt=20260903	spark-warehouse\dw_dws.db\dws_user_behavior_day\dt=20260903\part-00000-1a86d7b5-5d88-4a81-a820-b28d69e2c3f3.c000.snappy.parquet	2172	61C5F51E6BFBA4C5FD797A9BE5E3E461F48BC902A0EC979E502BF599C75CF910
dw_dws.db	dws_user_trade_period	dt=20260901	spark-warehouse\dw_dws.db\dws_user_trade_period\dt=20260901\part-00000-8afc6436-5475-44ab-b9b1-97600489e08e.c000.snappy.parquet	1905	95DC0B2B667D8FB661F3EBC6ADAC6939D43C69441B57802B653CCED6A5619D4E
dw_dws.db	dws_user_trade_period	dt=20260903	spark-warehouse\dw_dws.db\dws_user_trade_period\dt=20260903\part-00000-a7505f4a-91a3-44be-a65b-5b6c4a218cf3.c000.snappy.parquet	2057	F871406C1A95203C58322E5B45E4B6894CB1DB66732286190EDFB45A57DEAF22
dw_ods.db	ods_behavior_event	dt=20260901	spark-warehouse\dw_ods.db\ods_behavior_event\dt=20260901\hour=00\part-00000-3b4cef8b-9e5a-47b6-a08f-b04dc53667c1.c000.snappy.parquet	4520	81EA9165AB1DFE31E0781D22CC77C603371FB4DF31508F7136CDADD461198F2D
dw_ods.db	ods_behavior_event	dt=20260901	spark-warehouse\dw_ods.db\ods_behavior_event\dt=20260901\hour=03\part-00000-3b4cef8b-9e5a-47b6-a08f-b04dc53667c1.c000.snappy.parquet	4493	1540A0266F412B8E12965D88B69E2EA7F053996320F9D3022D82DFCDDC7DE643
dw_ods.db	ods_behavior_event	dt=20260901	spark-warehouse\dw_ods.db\ods_behavior_event\dt=20260901\hour=05\part-00000-3b4cef8b-9e5a-47b6-a08f-b04dc53667c1.c000.snappy.parquet	4555	5E533AD5EA2B1EE17420296D830E374B8F748F63A86FBDFC9E743791EE704B16
dw_ods.db	ods_behavior_event	dt=20260901	spark-warehouse\dw_ods.db\ods_behavior_event\dt=20260901\hour=06\part-00000-3b4cef8b-9e5a-47b6-a08f-b04dc53667c1.c000.snappy.parquet	4528	18BA298208878C52DDB688082DBFF327A9B4582AE0B03D81B0FB4C6B24BE7DE0
dw_ods.db	ods_behavior_event	dt=20260901	spark-warehouse\dw_ods.db\ods_behavior_event\dt=20260901\hour=10\part-00000-3b4cef8b-9e5a-47b6-a08f-b04dc53667c1.c000.snappy.parquet	4521	5413DDBBF49BD657139DB8248431051CA9546C57486AC3BBA1D066945B74FA28
dw_ods.db	ods_behavior_event	dt=20260901	spark-warehouse\dw_ods.db\ods_behavior_event\dt=20260901\hour=14\part-00000-3b4cef8b-9e5a-47b6-a08f-b04dc53667c1.c000.snappy.parquet	4499	3C65639FDC77AF5FA049F6ABB70829CAEEC6D156FC662CFAE94F0B036913A584
dw_ods.db	ods_behavior_event	dt=20260901	spark-warehouse\dw_ods.db\ods_behavior_event\dt=20260901\hour=16\part-00000-3b4cef8b-9e5a-47b6-a08f-b04dc53667c1.c000.snappy.parquet	4493	674E67E4F3CEF52E293CF3AA22FD78004AE40A6C9EEE7B1FF1AB5681AEBDE2CF
dw_ods.db	ods_behavior_event	dt=20260901	spark-warehouse\dw_ods.db\ods_behavior_event\dt=20260901\hour=17\part-00000-3b4cef8b-9e5a-47b6-a08f-b04dc53667c1.c000.snappy.parquet	4594	A9D27911E4CE50808B3FDD5C435D702A6596B8EA00D6B6858280BE0B199D597C
dw_ods.db	ods_behavior_event	dt=20260901	spark-warehouse\dw_ods.db\ods_behavior_event\dt=20260901\hour=19\part-00000-3b4cef8b-9e5a-47b6-a08f-b04dc53667c1.c000.snappy.parquet	4514	27F2D600CD768DBB49D1D05337B24B15D015E071FCBD1E7159EF4973030E751C
dw_ods.db	ods_behavior_event	dt=20260901	spark-warehouse\dw_ods.db\ods_behavior_event\dt=20260901\hour=21\part-00000-3b4cef8b-9e5a-47b6-a08f-b04dc53667c1.c000.snappy.parquet	4536	0B3B3A3B895824FAB81526D9BC62C0F22D4A6FC01E8AC6DEAEEC695FBAFCD402
dw_ods.db	ods_behavior_event	dt=20260902	spark-warehouse\dw_ods.db\ods_behavior_event\dt=20260902\hour=01\part-00000-3b4cef8b-9e5a-47b6-a08f-b04dc53667c1.c000.snappy.parquet	4499	3A516AEDEBFABFD535FA83B67DB45614D69B80961956AC28A7A39B0964C5BC80
dw_ods.db	ods_behavior_event	dt=20260902	spark-warehouse\dw_ods.db\ods_behavior_event\dt=20260902\hour=03\part-00000-3b4cef8b-9e5a-47b6-a08f-b04dc53667c1.c000.snappy.parquet	4500	E20A704D6A67F55D7DE13D901EBD198CF50832EFF459A043FE84311E7D44AA99
dw_ods.db	ods_behavior_event	dt=20260902	spark-warehouse\dw_ods.db\ods_behavior_event\dt=20260902\hour=05\part-00000-3b4cef8b-9e5a-47b6-a08f-b04dc53667c1.c000.snappy.parquet	4493	82757DE8E062A5628CF9D3477F45DCF495AF0065706AC9E846F472F399B36D2E
dw_ods.db	ods_behavior_event	dt=20260902	spark-warehouse\dw_ods.db\ods_behavior_event\dt=20260902\hour=08\part-00000-3b4cef8b-9e5a-47b6-a08f-b04dc53667c1.c000.snappy.parquet	4528	28CB00495ADE93EB3F1A7D33BAA08783DE212FBC9211B3D95D4DDA961A662346
dw_ods.db	ods_behavior_event	dt=20260902	spark-warehouse\dw_ods.db\ods_behavior_event\dt=20260902\hour=09\part-00000-3b4cef8b-9e5a-47b6-a08f-b04dc53667c1.c000.snappy.parquet	4521	349A62B4169F2E4713C0427E50D13FC1BB38FE530251E9E06722B09B063C58C6
dw_ods.db	ods_behavior_event	dt=20260902	spark-warehouse\dw_ods.db\ods_behavior_event\dt=20260902\hour=14\part-00000-3b4cef8b-9e5a-47b6-a08f-b04dc53667c1.c000.snappy.parquet	4528	E42FA46E1BAEE725C30CD5D789C70D3903711CD32932E66BB7655DC9EC66A6C2
dw_ods.db	ods_behavior_event	dt=20260902	spark-warehouse\dw_ods.db\ods_behavior_event\dt=20260902\hour=17\part-00000-3b4cef8b-9e5a-47b6-a08f-b04dc53667c1.c000.snappy.parquet	4560	92884B7F4F517DE280494E8F80582809CD1402E0C01ACD3F0ECEBA33F17B4F4E
dw_ods.db	ods_behavior_event	dt=20260902	spark-warehouse\dw_ods.db\ods_behavior_event\dt=20260902\hour=18\part-00000-3b4cef8b-9e5a-47b6-a08f-b04dc53667c1.c000.snappy.parquet	4507	7024036B7F50FED043DFAFDA2029284625A9900E218BE46206F81CBD506B6F64
dw_ods.db	ods_behavior_event	dt=20260902	spark-warehouse\dw_ods.db\ods_behavior_event\dt=20260902\hour=19\part-00000-3b4cef8b-9e5a-47b6-a08f-b04dc53667c1.c000.snappy.parquet	4520	B0025DF281D98A772B16153E61991D85D4BA960BBC70C730DD48AC92EE78642D
dw_ods.db	ods_behavior_event	dt=20260902	spark-warehouse\dw_ods.db\ods_behavior_event\dt=20260902\hour=21\part-00000-3b4cef8b-9e5a-47b6-a08f-b04dc53667c1.c000.snappy.parquet	4544	C107882D7C2F971415549A43274ED4A1BC1F045821AA0B62B5BDB7EAB789CBF0
dw_ods.db	ods_behavior_event	dt=20260902	spark-warehouse\dw_ods.db\ods_behavior_event\dt=20260902\hour=23\part-00000-3b4cef8b-9e5a-47b6-a08f-b04dc53667c1.c000.snappy.parquet	4528	9F7216A946415568804C247E5D00079C121AAAF087BCAA54B7088369B6B0BDC2
dw_ods.db	ods_behavior_event	dt=20260903	spark-warehouse\dw_ods.db\ods_behavior_event\dt=20260903\hour=01\part-00000-3b4cef8b-9e5a-47b6-a08f-b04dc53667c1.c000.snappy.parquet	4500	6FC4AD937372F358DBD28A54FA71F94552179D5921FF79CA5CDAA2B842255624
dw_ods.db	ods_behavior_event	dt=20260903	spark-warehouse\dw_ods.db\ods_behavior_event\dt=20260903\hour=12\part-00000-3b4cef8b-9e5a-47b6-a08f-b04dc53667c1.c000.snappy.parquet	4528	3A6CC2E7D2B17FFC37C5D4FB0CDD70565272BBE54DB0AAF2F7841B860F395E23
dw_ods.db	ods_behavior_event	dt=20260903	spark-warehouse\dw_ods.db\ods_behavior_event\dt=20260903\hour=19\part-00000-3b4cef8b-9e5a-47b6-a08f-b04dc53667c1.c000.snappy.parquet	4514	3C9846C357C28E22FE48FDB92D9A271EDB594D11EF9742CB46D425C5C27F0ADA
dw_ods.db	ods_behavior_event	dt=20260903	spark-warehouse\dw_ods.db\ods_behavior_event\dt=20260903\hour=21\part-00000-3b4cef8b-9e5a-47b6-a08f-b04dc53667c1.c000.snappy.parquet	4493	02298BF675D28026F934919DA81CD927861F51D2BA2DD6B57169621FC9C9B893
dw_ods.db	ods_behavior_event	dt=20260903	spark-warehouse\dw_ods.db\ods_behavior_event\dt=20260903\hour=23\part-00000-3b4cef8b-9e5a-47b6-a08f-b04dc53667c1.c000.snappy.parquet	4514	E751BEAE03CB108EB61C11718FC3E0930D7B625EFB16F90AF5C4157319ED65F7
dw_ods.db	ods_behavior_event	dt=20260904	spark-warehouse\dw_ods.db\ods_behavior_event\dt=20260904\hour=01\part-00000-3b4cef8b-9e5a-47b6-a08f-b04dc53667c1.c000.snappy.parquet	4549	7A6DE333B2615D3CC99B2D1B731D6B16D1505FA629994D6DAF71E6F0A3ADA736
dw_ods.db	ods_behavior_event	dt=20260904	spark-warehouse\dw_ods.db\ods_behavior_event\dt=20260904\hour=02\part-00000-3b4cef8b-9e5a-47b6-a08f-b04dc53667c1.c000.snappy.parquet	4527	B27365BC7777CA349CA59CD7462047DCB550C9F7B1B2E0E6FF33DDA24951F704
dw_ods.db	ods_behavior_event	dt=20260904	spark-warehouse\dw_ods.db\ods_behavior_event\dt=20260904\hour=06\part-00000-3b4cef8b-9e5a-47b6-a08f-b04dc53667c1.c000.snappy.parquet	4500	698CA69F93FAAD55564B237D513B97A034731698860CBFDA74F178E1E4B24D97
dw_ods.db	ods_behavior_event	dt=20260904	spark-warehouse\dw_ods.db\ods_behavior_event\dt=20260904\hour=10\part-00000-3b4cef8b-9e5a-47b6-a08f-b04dc53667c1.c000.snappy.parquet	4521	85A4095BEDDA8F015D6DCD9E28CEA9A3AE15621A35B581B482A23F4D53FE4DFF
dw_ods.db	ods_behavior_event	dt=20260904	spark-warehouse\dw_ods.db\ods_behavior_event\dt=20260904\hour=12\part-00000-3b4cef8b-9e5a-47b6-a08f-b04dc53667c1.c000.snappy.parquet	4493	0C7E0A7346F5E9983298B8A2311435EE9C1DE84FBFC9679932C4F621525C365E
dw_ods.db	ods_behavior_event	dt=20260904	spark-warehouse\dw_ods.db\ods_behavior_event\dt=20260904\hour=13\part-00000-3b4cef8b-9e5a-47b6-a08f-b04dc53667c1.c000.snappy.parquet	4514	6DF2CB03528C9FD5E70E0E3883583535E41493ABA01FCD1BE2BBE52EAC7A79F4
dw_ods.db	ods_behavior_event	dt=20260904	spark-warehouse\dw_ods.db\ods_behavior_event\dt=20260904\hour=15\part-00000-3b4cef8b-9e5a-47b6-a08f-b04dc53667c1.c000.snappy.parquet	4551	B3C2408C2AE26021B4B288C83953E0EE0E1930729B7AF8C7A1BEE9F5A1866D03
dw_ods.db	ods_behavior_event	dt=20260904	spark-warehouse\dw_ods.db\ods_behavior_event\dt=20260904\hour=17\part-00000-3b4cef8b-9e5a-47b6-a08f-b04dc53667c1.c000.snappy.parquet	4542	C7E96C32B23EC6A85ACC07F19D2B002E218E501918B19BD0593467911A6F308D
dw_ods.db	ods_behavior_event	dt=20260904	spark-warehouse\dw_ods.db\ods_behavior_event\dt=20260904\hour=19\part-00000-3b4cef8b-9e5a-47b6-a08f-b04dc53667c1.c000.snappy.parquet	4493	1981F33C1AEDCB6056F3BF68F4CFB5175CD3C603DA6E14D39E97920F93E48EA7
dw_ods.db	ods_behavior_event	dt=20260904	spark-warehouse\dw_ods.db\ods_behavior_event\dt=20260904\hour=21\part-00000-3b4cef8b-9e5a-47b6-a08f-b04dc53667c1.c000.snappy.parquet	4600	562CE6846B4BF91C5293248837F49F7EF056E23D417BDF0162AFC1F66101028F
dw_ods.db	ods_behavior_event	dt=20260904	spark-warehouse\dw_ods.db\ods_behavior_event\dt=20260904\hour=23\part-00000-3b4cef8b-9e5a-47b6-a08f-b04dc53667c1.c000.snappy.parquet	4528	DC31198530A6AF40CAD8223C49DCD86927960C4CE39106097E6AC0FF8A855ED8
dw_ods.db	ods_behavior_event	dt=20260905	spark-warehouse\dw_ods.db\ods_behavior_event\dt=20260905\hour=00\part-00000-3b4cef8b-9e5a-47b6-a08f-b04dc53667c1.c000.snappy.parquet	4491	51BD0C248C2BDEA5F73F38DD2DA6955AB3FECE9437E40950306ABB37B2A43E1D
dw_ods.db	ods_behavior_event	dt=20260905	spark-warehouse\dw_ods.db\ods_behavior_event\dt=20260905\hour=09\part-00000-3b4cef8b-9e5a-47b6-a08f-b04dc53667c1.c000.snappy.parquet	4543	053D315DBF155530A4C8BCA94462DB1439C357B8BC3B3F48EBC4FB2B2A22B097
dw_ods.db	ods_behavior_event	dt=20260905	spark-warehouse\dw_ods.db\ods_behavior_event\dt=20260905\hour=10\part-00000-3b4cef8b-9e5a-47b6-a08f-b04dc53667c1.c000.snappy.parquet	4552	922360AF27F9466D26FC0029022414F5549D1E9DEC16E5ACC70649A0C08C1BB8
dw_ods.db	ods_behavior_event	dt=20260905	spark-warehouse\dw_ods.db\ods_behavior_event\dt=20260905\hour=12\part-00000-3b4cef8b-9e5a-47b6-a08f-b04dc53667c1.c000.snappy.parquet	4513	FF9EA9A09F8D7FB1B630307D2D8389A2AB1747D974C41C43180423553C2EDA5C
dw_ods.db	ods_behavior_event	dt=20260905	spark-warehouse\dw_ods.db\ods_behavior_event\dt=20260905\hour=15\part-00000-3b4cef8b-9e5a-47b6-a08f-b04dc53667c1.c000.snappy.parquet	4492	3541D937C31599D4009033F894AECACE29F1CFFEEDD88FA19E336FF12B6F1F99
dw_ods.db	ods_behavior_event	dt=20260905	spark-warehouse\dw_ods.db\ods_behavior_event\dt=20260905\hour=17\part-00000-3b4cef8b-9e5a-47b6-a08f-b04dc53667c1.c000.snappy.parquet	4491	7C5BD8270F653E4721C9CFC5C35981FD4C8906D86B6CC7701B751CFEF3801D3A
dw_ods.db	ods_behavior_event	dt=20260905	spark-warehouse\dw_ods.db\ods_behavior_event\dt=20260905\hour=23\part-00000-3b4cef8b-9e5a-47b6-a08f-b04dc53667c1.c000.snappy.parquet	4493	196628D5AE62A6330C9BDC159948049217249A1211C2B269CC7E1BB208BD1663
dw_ods.db	ods_behavior_event	dt=20260906	spark-warehouse\dw_ods.db\ods_behavior_event\dt=20260906\hour=01\part-00000-3b4cef8b-9e5a-47b6-a08f-b04dc53667c1.c000.snappy.parquet	4492	6851F7B93298CD7F06A6F81AFAAD9B84A67830F283BC3F76B343AA85947F5E87
dw_ods.db	ods_behavior_event	dt=20260906	spark-warehouse\dw_ods.db\ods_behavior_event\dt=20260906\hour=06\part-00000-3b4cef8b-9e5a-47b6-a08f-b04dc53667c1.c000.snappy.parquet	4499	910F99CE614C4B151D3A2093F37DBAF069E863915A92781C9C7EAB8E5F5C5B8B
dw_ods.db	ods_behavior_event	dt=20260906	spark-warehouse\dw_ods.db\ods_behavior_event\dt=20260906\hour=08\part-00000-3b4cef8b-9e5a-47b6-a08f-b04dc53667c1.c000.snappy.parquet	4493	154BBA798F310FDC2E6E244D08075D607D30C640D1F8D83A6DCBEC37EBA05D4D
dw_ods.db	ods_behavior_event	dt=20260906	spark-warehouse\dw_ods.db\ods_behavior_event\dt=20260906\hour=10\part-00000-3b4cef8b-9e5a-47b6-a08f-b04dc53667c1.c000.snappy.parquet	4500	0EEBAD9A71650A97F47FAA45D704C03D3490610E4642A55A81D352576DACCA73
dw_ods.db	ods_behavior_event	dt=20260906	spark-warehouse\dw_ods.db\ods_behavior_event\dt=20260906\hour=14\part-00000-3b4cef8b-9e5a-47b6-a08f-b04dc53667c1.c000.snappy.parquet	4500	0AA558AC480F66DC17FC9A1F64585ADBE9BB388DDFEFDC6B4FEF89D6262D992B
dw_ods.db	ods_behavior_event	dt=20260906	spark-warehouse\dw_ods.db\ods_behavior_event\dt=20260906\hour=15\part-00000-3b4cef8b-9e5a-47b6-a08f-b04dc53667c1.c000.snappy.parquet	4493	87FB9A82E29A8783BC3AE27F635D47B02363D36FABA2C42C319EFC725B2608BC
dw_ods.db	ods_behavior_event	dt=20260906	spark-warehouse\dw_ods.db\ods_behavior_event\dt=20260906\hour=17\part-00000-3b4cef8b-9e5a-47b6-a08f-b04dc53667c1.c000.snappy.parquet	4493	D0E4E8F6D06DDABD63A3FDA04B94CB6E34D5130FCB8A9800BC9AFE3B2AC71B74
dw_ods.db	ods_behavior_event	dt=20260906	spark-warehouse\dw_ods.db\ods_behavior_event\dt=20260906\hour=23\part-00000-3b4cef8b-9e5a-47b6-a08f-b04dc53667c1.c000.snappy.parquet	4493	BFC8B92915D4B1B4412CCE9D84D69EFE1F9C9BB0AD90159A09C8F3EBF968DBE2
dw_ods.db	ods_behavior_event	dt=20260907	spark-warehouse\dw_ods.db\ods_behavior_event\dt=20260907\hour=04\part-00000-3b4cef8b-9e5a-47b6-a08f-b04dc53667c1.c000.snappy.parquet	4559	CA18E7BDA95F2E91E08AC79225BF1B236E73F6BEC382839F5906E1DEBE6841B7
dw_ods.db	ods_behavior_event	dt=20260907	spark-warehouse\dw_ods.db\ods_behavior_event\dt=20260907\hour=12\part-00000-3b4cef8b-9e5a-47b6-a08f-b04dc53667c1.c000.snappy.parquet	4500	51AB4AB882C89AD0106126F4DD7C9A59471B54757FD4CEB6B5D3FBC95E17912F
dw_ods.db	ods_behavior_event	dt=20260907	spark-warehouse\dw_ods.db\ods_behavior_event\dt=20260907\hour=15\part-00000-3b4cef8b-9e5a-47b6-a08f-b04dc53667c1.c000.snappy.parquet	4520	A0E25D1F8495CB75A345736B060578104947100BDDBB650442DFBA2DFA4C26E9
dw_ods.db	ods_behavior_event	dt=20260907	spark-warehouse\dw_ods.db\ods_behavior_event\dt=20260907\hour=17\part-00000-3b4cef8b-9e5a-47b6-a08f-b04dc53667c1.c000.snappy.parquet	4622	7F0E529C0794416F8E099D115610685EB69044A0B1BA8187B467927AAC879373
dw_ods.db	ods_behavior_event	dt=20260907	spark-warehouse\dw_ods.db\ods_behavior_event\dt=20260907\hour=19\part-00000-3b4cef8b-9e5a-47b6-a08f-b04dc53667c1.c000.snappy.parquet	4545	DED38C728E6F451F55F1E9FD9195B885D25168998875E46879D133BC114408E4
dw_ods.db	ods_behavior_event	dt=20260907	spark-warehouse\dw_ods.db\ods_behavior_event\dt=20260907\hour=23\part-00000-3b4cef8b-9e5a-47b6-a08f-b04dc53667c1.c000.snappy.parquet	4500	7ACEBA44F3D93AB67EB29FA268787EBAF9BAFD77D90DD7D0995A536779564300
dw_ods.db	ods_behavior_event	dt=20260908	spark-warehouse\dw_ods.db\ods_behavior_event\dt=20260908\hour=01\part-00000-3b4cef8b-9e5a-47b6-a08f-b04dc53667c1.c000.snappy.parquet	4500	0EE337CF5319476A5005F3AD20D1A3BD0FE914EF4A486B2A417B931BE496D6BD
dw_ods.db	ods_behavior_event	dt=20260908	spark-warehouse\dw_ods.db\ods_behavior_event\dt=20260908\hour=02\part-00000-3b4cef8b-9e5a-47b6-a08f-b04dc53667c1.c000.snappy.parquet	4500	47EE54A2CC70C8F7B3E7F26D6AD6EB05B5B094A06EAD94F252E3B2233DC93A51
dw_ods.db	ods_behavior_event	dt=20260908	spark-warehouse\dw_ods.db\ods_behavior_event\dt=20260908\hour=05\part-00000-3b4cef8b-9e5a-47b6-a08f-b04dc53667c1.c000.snappy.parquet	4493	5527F0D49A3C5D3EA06E05FD6D5E5839B41F5035A23F5935AE52BEAEA4475A0D
dw_ods.db	ods_behavior_event	dt=20260908	spark-warehouse\dw_ods.db\ods_behavior_event\dt=20260908\hour=07\part-00000-3b4cef8b-9e5a-47b6-a08f-b04dc53667c1.c000.snappy.parquet	4523	14B6A45C22F78F329A269804DADCBB02CCC544DB93D16CD8F58084C32A815AA3
dw_ods.db	ods_behavior_event	dt=20260908	spark-warehouse\dw_ods.db\ods_behavior_event\dt=20260908\hour=08\part-00000-3b4cef8b-9e5a-47b6-a08f-b04dc53667c1.c000.snappy.parquet	4547	475646FE10D85758DA78F62968994742CFBE3561C1E73C0106C454B0A341E6E5
dw_ods.db	ods_behavior_event	dt=20260908	spark-warehouse\dw_ods.db\ods_behavior_event\dt=20260908\hour=09\part-00000-3b4cef8b-9e5a-47b6-a08f-b04dc53667c1.c000.snappy.parquet	4500	5E0BD5AB84C085BD1697B6EA8869ACE115FB4319B9566F1386C2586C80D38700
dw_ods.db	ods_behavior_event	dt=20260908	spark-warehouse\dw_ods.db\ods_behavior_event\dt=20260908\hour=10\part-00000-3b4cef8b-9e5a-47b6-a08f-b04dc53667c1.c000.snappy.parquet	4500	D516E8AFA7AAD990820C6456D108032D17BD745B50F76427996F7E9580C7F476
dw_ods.db	ods_behavior_event	dt=20260908	spark-warehouse\dw_ods.db\ods_behavior_event\dt=20260908\hour=11\part-00000-3b4cef8b-9e5a-47b6-a08f-b04dc53667c1.c000.snappy.parquet	4493	B8C9399A680AF992A862575547F3291AF3BFC6608E43C15CD4EC9733EA548EC9
dw_ods.db	ods_behavior_event	dt=20260908	spark-warehouse\dw_ods.db\ods_behavior_event\dt=20260908\hour=13\part-00000-3b4cef8b-9e5a-47b6-a08f-b04dc53667c1.c000.snappy.parquet	4546	E36627F4DC074FA0EEC5C96BDC1FE100735C1AB318B9050867DA573F4BB177B6
dw_ods.db	ods_behavior_event	dt=20260908	spark-warehouse\dw_ods.db\ods_behavior_event\dt=20260908\hour=15\part-00000-3b4cef8b-9e5a-47b6-a08f-b04dc53667c1.c000.snappy.parquet	4500	178F370E52298BDD7DC095C5AD4489670D04846572BCADA58483DEDC43B15041
dw_ods.db	ods_behavior_event	dt=20260909	spark-warehouse\dw_ods.db\ods_behavior_event\dt=20260909\hour=00\part-00000-3b4cef8b-9e5a-47b6-a08f-b04dc53667c1.c000.snappy.parquet	4528	8596DCF5C5A0097216C313B6154F589A1700561F3A9D8CF9A5C6D636ED5F23AB
dw_ods.db	ods_behavior_event	dt=20260909	spark-warehouse\dw_ods.db\ods_behavior_event\dt=20260909\hour=07\part-00000-3b4cef8b-9e5a-47b6-a08f-b04dc53667c1.c000.snappy.parquet	4521	C32BBBCC5353008F2D36D468A28C0EE6E28594F7EC04E97B4D47DA7F2561E229
dw_ods.db	ods_behavior_event	dt=20260909	spark-warehouse\dw_ods.db\ods_behavior_event\dt=20260909\hour=08\part-00000-3b4cef8b-9e5a-47b6-a08f-b04dc53667c1.c000.snappy.parquet	4492	B51EA13ED044A44762499116B088E4F56413ADA83DFFFC63AFBD59926A73A2A4
dw_ods.db	ods_behavior_event	dt=20260909	spark-warehouse\dw_ods.db\ods_behavior_event\dt=20260909\hour=11\part-00000-3b4cef8b-9e5a-47b6-a08f-b04dc53667c1.c000.snappy.parquet	4558	54B098F1BAF3039556463C6326A2AD5F2498D8744B3D2D6F1E32AEB423C62F96
dw_ods.db	ods_behavior_event	dt=20260909	spark-warehouse\dw_ods.db\ods_behavior_event\dt=20260909\hour=13\part-00000-3b4cef8b-9e5a-47b6-a08f-b04dc53667c1.c000.snappy.parquet	4500	2AB3B86999922659010D583FCF5B8449CA775F09239680832EEC0F7F7F498A38
dw_ods.db	ods_behavior_event	dt=20260909	spark-warehouse\dw_ods.db\ods_behavior_event\dt=20260909\hour=14\part-00000-3b4cef8b-9e5a-47b6-a08f-b04dc53667c1.c000.snappy.parquet	4528	70C0C85F7D24A3144580DA4FC147F2C5E8609CF798D15D9E597EA5C6B79DF320
dw_ods.db	ods_behavior_event	dt=20260909	spark-warehouse\dw_ods.db\ods_behavior_event\dt=20260909\hour=15\part-00000-3b4cef8b-9e5a-47b6-a08f-b04dc53667c1.c000.snappy.parquet	4500	F2FD17DB749DD4492354D65B515CF7194ECBAD818F9A70BE2D2C9FB712D6F494
dw_ods.db	ods_behavior_event	dt=20260909	spark-warehouse\dw_ods.db\ods_behavior_event\dt=20260909\hour=20\part-00000-3b4cef8b-9e5a-47b6-a08f-b04dc53667c1.c000.snappy.parquet	4499	64FE1EA4DDD73FF432D2A6CA309E6D1C6BF2FEAE40797CB0756338B7B00C5962
dw_ods.db	ods_behavior_event	dt=20260909	spark-warehouse\dw_ods.db\ods_behavior_event\dt=20260909\hour=21\part-00000-3b4cef8b-9e5a-47b6-a08f-b04dc53667c1.c000.snappy.parquet	4521	7AF6E7DDC3350A35DD00D9BB6ABBFA0D9731FC6F0A15260C8B3FCC6DC1DF3D92
dw_ods.db	ods_behavior_event	dt=20260909	spark-warehouse\dw_ods.db\ods_behavior_event\dt=20260909\hour=22\part-00000-3b4cef8b-9e5a-47b6-a08f-b04dc53667c1.c000.snappy.parquet	4600	36AF546D3691F0993BBA399A2C36CEA0BF67B50C21FBF7C93D19DFA6E07CCD93
dw_ods.db	ods_behavior_event	dt=20260910	spark-warehouse\dw_ods.db\ods_behavior_event\dt=20260910\hour=01\part-00000-3b4cef8b-9e5a-47b6-a08f-b04dc53667c1.c000.snappy.parquet	4521	D779F068540C3331F3F4F6E1A58200EFB7FC34AB37B3C6D72CBFD24E0F5AE81F
dw_ods.db	ods_behavior_event	dt=20260910	spark-warehouse\dw_ods.db\ods_behavior_event\dt=20260910\hour=03\part-00000-3b4cef8b-9e5a-47b6-a08f-b04dc53667c1.c000.snappy.parquet	4500	D6C85BEC4EB24F48C939072BFD01615A18A725A9C4BA11914C03AE72393C96D0
dw_ods.db	ods_behavior_event	dt=20260910	spark-warehouse\dw_ods.db\ods_behavior_event\dt=20260910\hour=04\part-00000-3b4cef8b-9e5a-47b6-a08f-b04dc53667c1.c000.snappy.parquet	4492	2A75C03FC03012085C4E4511ED602A31D2D7EBE0148748E2C9D75C7EA0B6F4FE
dw_ods.db	ods_behavior_event	dt=20260910	spark-warehouse\dw_ods.db\ods_behavior_event\dt=20260910\hour=10\part-00000-3b4cef8b-9e5a-47b6-a08f-b04dc53667c1.c000.snappy.parquet	4507	F3B4D972AEB36EB97E152C4A89F50435FC7C9935757949DDA9889768591356AB
dw_ods.db	ods_behavior_event	dt=20260910	spark-warehouse\dw_ods.db\ods_behavior_event\dt=20260910\hour=12\part-00000-3b4cef8b-9e5a-47b6-a08f-b04dc53667c1.c000.snappy.parquet	4507	4E44665C44A180ADC8D87CBA9201DFD5E56FEAB767686636E09F996C16F5FB52
dw_ods.db	ods_behavior_event	dt=20260910	spark-warehouse\dw_ods.db\ods_behavior_event\dt=20260910\hour=14\part-00000-3b4cef8b-9e5a-47b6-a08f-b04dc53667c1.c000.snappy.parquet	4500	F0DB3F35BE971CC36D0644495EA50B984320CA841B0479248730B21257796D24
dw_ods.db	ods_behavior_event	dt=20260910	spark-warehouse\dw_ods.db\ods_behavior_event\dt=20260910\hour=16\part-00000-3b4cef8b-9e5a-47b6-a08f-b04dc53667c1.c000.snappy.parquet	4554	C3483B7549847F686445D5E10653264E4CCC9A8F11B4E301CE82F2D9203AA77B
dw_ods.db	ods_behavior_event	dt=20260910	spark-warehouse\dw_ods.db\ods_behavior_event\dt=20260910\hour=18\part-00000-3b4cef8b-9e5a-47b6-a08f-b04dc53667c1.c000.snappy.parquet	4528	B04D48A1CC444031252BF26C4D4DE0679478533CF3815FAF9B3C06CAAA5BEFEF
dw_ods.db	ods_behavior_event	dt=20260910	spark-warehouse\dw_ods.db\ods_behavior_event\dt=20260910\hour=20\part-00000-3b4cef8b-9e5a-47b6-a08f-b04dc53667c1.c000.snappy.parquet	4521	1F85A555B4E0C83DEA5057419BE82262AA3F4BFE23E28439EE0C9FE4FA2F749D
dw_ods.db	ods_behavior_event	dt=20260910	spark-warehouse\dw_ods.db\ods_behavior_event\dt=20260910\hour=23\part-00000-3b4cef8b-9e5a-47b6-a08f-b04dc53667c1.c000.snappy.parquet	4500	618812CD88BB864ABCEF295C79F1894F3EB8E4429455E4223784B5A98B5C862B
dw_ods.db	ods_behavior_event	dt=20260911	spark-warehouse\dw_ods.db\ods_behavior_event\dt=20260911\hour=00\part-00000-3b4cef8b-9e5a-47b6-a08f-b04dc53667c1.c000.snappy.parquet	4499	817752F39E96109E6C545ACB47BBDCCBBBE8F29F7D75BDE847A2A5E17E3A82BF
dw_ods.db	ods_behavior_event	dt=20260911	spark-warehouse\dw_ods.db\ods_behavior_event\dt=20260911\hour=02\part-00000-3b4cef8b-9e5a-47b6-a08f-b04dc53667c1.c000.snappy.parquet	4528	D08ADCA50AA0731E681F7662EA4935B4ECDABE3C5F1BE94C2997E12D2E713567
dw_ods.db	ods_behavior_event	dt=20260911	spark-warehouse\dw_ods.db\ods_behavior_event\dt=20260911\hour=12\part-00000-3b4cef8b-9e5a-47b6-a08f-b04dc53667c1.c000.snappy.parquet	4528	AE3BCB8B54509DFCA86563D14DCEAB7656775AA25334A7AFDDAE39AB12727D33
dw_ods.db	ods_behavior_event	dt=20260911	spark-warehouse\dw_ods.db\ods_behavior_event\dt=20260911\hour=14\part-00000-3b4cef8b-9e5a-47b6-a08f-b04dc53667c1.c000.snappy.parquet	4500	5DB333664AB9EA04CDC26B2B2DF1DB10D621F6EEF7E2F6C6C09D89869A7AAE56
dw_ods.db	ods_behavior_event	dt=20260911	spark-warehouse\dw_ods.db\ods_behavior_event\dt=20260911\hour=16\part-00000-3b4cef8b-9e5a-47b6-a08f-b04dc53667c1.c000.snappy.parquet	4528	F83CA222F148360820FD411F97D01ACD706A5BEC2F174D11661E2393659414D6
dw_ods.db	ods_behavior_event	dt=20260911	spark-warehouse\dw_ods.db\ods_behavior_event\dt=20260911\hour=18\part-00000-3b4cef8b-9e5a-47b6-a08f-b04dc53667c1.c000.snappy.parquet	4493	3859E00E0258BBB918966F8E596730D6DD23105727AB9EF6D6EA6E8262AAB619
dw_ods.db	ods_behavior_event	dt=20260911	spark-warehouse\dw_ods.db\ods_behavior_event\dt=20260911\hour=20\part-00000-3b4cef8b-9e5a-47b6-a08f-b04dc53667c1.c000.snappy.parquet	4520	D12D85440E24B09932137E8774DADEBC2AE42EA80E712516946EBAB090FD352D
dw_ods.db	ods_behavior_event	dt=20260911	spark-warehouse\dw_ods.db\ods_behavior_event\dt=20260911\hour=21\part-00000-3b4cef8b-9e5a-47b6-a08f-b04dc53667c1.c000.snappy.parquet	4493	553DE4A9525462858854CE042010A7E87B64426DB6652440B0C8C4F5D9E0B45D
dw_ods.db	ods_behavior_event	dt=20260911	spark-warehouse\dw_ods.db\ods_behavior_event\dt=20260911\hour=22\part-00000-3b4cef8b-9e5a-47b6-a08f-b04dc53667c1.c000.snappy.parquet	4500	AEBEEF1E1A74D97F020A0751D16BE127E92EE3DDE0A350AAC7E894C078E61D28
dw_ods.db	ods_behavior_event	dt=20260912	spark-warehouse\dw_ods.db\ods_behavior_event\dt=20260912\hour=02\part-00000-3b4cef8b-9e5a-47b6-a08f-b04dc53667c1.c000.snappy.parquet	4527	E244E967F9179C7E9F250F9B9E38BCD9D399F2A96ACEA282F2DDDB9583D44F14
dw_ods.db	ods_behavior_event	dt=20260912	spark-warehouse\dw_ods.db\ods_behavior_event\dt=20260912\hour=03\part-00000-3b4cef8b-9e5a-47b6-a08f-b04dc53667c1.c000.snappy.parquet	4500	E3E4589AF0224E1F087A8ED78F3C628B0B61ABDBDC1BF0AEB3378FA514CFDF35
dw_ods.db	ods_behavior_event	dt=20260912	spark-warehouse\dw_ods.db\ods_behavior_event\dt=20260912\hour=05\part-00000-3b4cef8b-9e5a-47b6-a08f-b04dc53667c1.c000.snappy.parquet	4507	931586FCACCFE6BD891CF55FA684F24F3ADBAF14C416956EC9E74CD11AF94280
dw_ods.db	ods_behavior_event	dt=20260912	spark-warehouse\dw_ods.db\ods_behavior_event\dt=20260912\hour=10\part-00000-3b4cef8b-9e5a-47b6-a08f-b04dc53667c1.c000.snappy.parquet	4528	17A9C5314F1682CD73B271E007DFB151CBFFD8FDD0F735151C90E98F50FF44C5
dw_ods.db	ods_behavior_event	dt=20260912	spark-warehouse\dw_ods.db\ods_behavior_event\dt=20260912\hour=11\part-00000-3b4cef8b-9e5a-47b6-a08f-b04dc53667c1.c000.snappy.parquet	4500	EA8FE60251AD0E9C1BAF47177AEA110C2B00DA7A2A18BF7298DC212FB9954504
dw_ods.db	ods_behavior_event	dt=20260912	spark-warehouse\dw_ods.db\ods_behavior_event\dt=20260912\hour=12\part-00000-3b4cef8b-9e5a-47b6-a08f-b04dc53667c1.c000.snappy.parquet	4493	EEF78E78337C326F1D09402F98DCC99A4DDDFF5464ABF7AF7903EE6F9CE75EE1
dw_ods.db	ods_behavior_event	dt=20260912	spark-warehouse\dw_ods.db\ods_behavior_event\dt=20260912\hour=13\part-00000-3b4cef8b-9e5a-47b6-a08f-b04dc53667c1.c000.snappy.parquet	4492	F3F6CF3C8765E8F19E8666368C82EB5CFC01FA32DCED27F53DE13E51110D141D
dw_ods.db	ods_behavior_event	dt=20260912	spark-warehouse\dw_ods.db\ods_behavior_event\dt=20260912\hour=17\part-00000-3b4cef8b-9e5a-47b6-a08f-b04dc53667c1.c000.snappy.parquet	4492	D1266F1DF204A60F6EACF667293E55F1A1D8B347B3567F2934E1C6BDBBDF6D91
dw_ods.db	ods_behavior_event	dt=20260912	spark-warehouse\dw_ods.db\ods_behavior_event\dt=20260912\hour=21\part-00000-3b4cef8b-9e5a-47b6-a08f-b04dc53667c1.c000.snappy.parquet	4625	E370435F037A0892010C4B0A8F5F7ED11EE2DDA5197F8CBD4073D4C82F5323CE
dw_ods.db	ods_behavior_event	dt=20260913	spark-warehouse\dw_ods.db\ods_behavior_event\dt=20260913\hour=06\part-00000-3b4cef8b-9e5a-47b6-a08f-b04dc53667c1.c000.snappy.parquet	4492	08F514D73A6C76E693840694B4EB74760696BC0610597BA987D7756F72F24627
dw_ods.db	ods_behavior_event	dt=20260913	spark-warehouse\dw_ods.db\ods_behavior_event\dt=20260913\hour=15\part-00000-3b4cef8b-9e5a-47b6-a08f-b04dc53667c1.c000.snappy.parquet	4548	5ED38D4B968EEC0D3657058EF1115B757D9B5D4F034A52EED9324150A06E80BE
dw_ods.db	ods_behavior_event	dt=20260913	spark-warehouse\dw_ods.db\ods_behavior_event\dt=20260913\hour=17\part-00000-3b4cef8b-9e5a-47b6-a08f-b04dc53667c1.c000.snappy.parquet	4500	95422639BBF557A7C1AFE77973C5BEBE9F559DA1ED82C9011033AB1B0B0887B4
dw_ods.db	ods_behavior_event	dt=20260913	spark-warehouse\dw_ods.db\ods_behavior_event\dt=20260913\hour=21\part-00000-3b4cef8b-9e5a-47b6-a08f-b04dc53667c1.c000.snappy.parquet	4521	AF08D682AEBC96236F83027CEE04F39E7BFEF74D4D413E5AD82E3589ADC89615
dw_ods.db	ods_behavior_event	dt=20260914	spark-warehouse\dw_ods.db\ods_behavior_event\dt=20260914\hour=01\part-00000-3b4cef8b-9e5a-47b6-a08f-b04dc53667c1.c000.snappy.parquet	4520	FC9E327901C5090BC75994922BDD2DB38898E3321F53F9F3D3FFEAC1834E39CB
dw_ods.db	ods_behavior_event	dt=20260914	spark-warehouse\dw_ods.db\ods_behavior_event\dt=20260914\hour=04\part-00000-3b4cef8b-9e5a-47b6-a08f-b04dc53667c1.c000.snappy.parquet	4498	2C088B9A031046BB781FCA3DE53BA0699EAC722D8A555D57C549BCEF1E2595CD
dw_ods.db	ods_behavior_event	dt=20260914	spark-warehouse\dw_ods.db\ods_behavior_event\dt=20260914\hour=05\part-00000-3b4cef8b-9e5a-47b6-a08f-b04dc53667c1.c000.snappy.parquet	4514	85A863AD01464195344EB625580981736FB40C1F665D43B4A650D4B31A446CBF
dw_ods.db	ods_behavior_event	dt=20260914	spark-warehouse\dw_ods.db\ods_behavior_event\dt=20260914\hour=06\part-00000-3b4cef8b-9e5a-47b6-a08f-b04dc53667c1.c000.snappy.parquet	4554	B6FC2952C7AF68F0F735B060E0BEF528A9CA4490491775167015BB85EB347A21
dw_ods.db	ods_behavior_event	dt=20260914	spark-warehouse\dw_ods.db\ods_behavior_event\dt=20260914\hour=08\part-00000-3b4cef8b-9e5a-47b6-a08f-b04dc53667c1.c000.snappy.parquet	4493	FFF8E286209A9A196DEEA333CF323F5AD889862B5E0D22986D828EF8D4692C32
dw_ods.db	ods_behavior_event	dt=20260914	spark-warehouse\dw_ods.db\ods_behavior_event\dt=20260914\hour=12\part-00000-3b4cef8b-9e5a-47b6-a08f-b04dc53667c1.c000.snappy.parquet	4500	38C21BF2BF8C78EBA10E2C5140B711E4EB0DFF939FC001CE058984B4C2ADB033
dw_ods.db	ods_behavior_event	dt=20260914	spark-warehouse\dw_ods.db\ods_behavior_event\dt=20260914\hour=14\part-00000-3b4cef8b-9e5a-47b6-a08f-b04dc53667c1.c000.snappy.parquet	4549	8C120EF315F3F7677945CF369858BBC30BEFE35D0ECEC40F64A441FFC6C912C8
dw_ods.db	ods_behavior_event	dt=20260914	spark-warehouse\dw_ods.db\ods_behavior_event\dt=20260914\hour=15\part-00000-3b4cef8b-9e5a-47b6-a08f-b04dc53667c1.c000.snappy.parquet	4658	7258E4D2052D926663A2EFF1ABBFF227D9503669CB1046B9B55078BBA1DF36CC
dw_ods.db	ods_behavior_event	dt=20260914	spark-warehouse\dw_ods.db\ods_behavior_event\dt=20260914\hour=17\part-00000-3b4cef8b-9e5a-47b6-a08f-b04dc53667c1.c000.snappy.parquet	4571	04A034EBBBC1613F14E234A7743D5D94073E6FF5D03800EF144C23134794EDAD
dw_ods.db	ods_behavior_event	dt=20260914	spark-warehouse\dw_ods.db\ods_behavior_event\dt=20260914\hour=18\part-00000-3b4cef8b-9e5a-47b6-a08f-b04dc53667c1.c000.snappy.parquet	4583	95A47C4D9EEF6235803FFD6CA73BBA107E01649B272D02CAE9155FE45D2B487B
dw_ods.db	ods_behavior_event	dt=20260914	spark-warehouse\dw_ods.db\ods_behavior_event\dt=20260914\hour=19\part-00000-3b4cef8b-9e5a-47b6-a08f-b04dc53667c1.c000.snappy.parquet	4519	4271EB578B0085DA9641D5E76B3D8C9F12E4BD56A9CA834DB19485006D8A77B6
dw_ods.db	ods_behavior_event	dt=20260914	spark-warehouse\dw_ods.db\ods_behavior_event\dt=20260914\hour=21\part-00000-3b4cef8b-9e5a-47b6-a08f-b04dc53667c1.c000.snappy.parquet	4499	CDE58B54C49E0D73503B081C46D940CF7B7FB108AE719D13B158BC963DC00ED7
dw_ods.db	ods_behavior_event	dt=20260914	spark-warehouse\dw_ods.db\ods_behavior_event\dt=20260914\hour=22\part-00000-3b4cef8b-9e5a-47b6-a08f-b04dc53667c1.c000.snappy.parquet	4493	92094E832558AA044443E5BB5C51F2C8679E39BDEE8B2EF39F72A4643A65C64E
dw_ods.db	ods_behavior_event	dt=20260914	spark-warehouse\dw_ods.db\ods_behavior_event\dt=20260914\hour=23\part-00000-3b4cef8b-9e5a-47b6-a08f-b04dc53667c1.c000.snappy.parquet	4500	BE92C153F9FF95CE845E969C658BCB4C3CDB06E17125A5F31EBC3F9C0569D2E9
dw_ods.db	ods_behavior_event	dt=20260915	spark-warehouse\dw_ods.db\ods_behavior_event\dt=20260915\hour=02\part-00000-3b4cef8b-9e5a-47b6-a08f-b04dc53667c1.c000.snappy.parquet	4565	0F96865D0B4FA2B21105633968E74E565AB959043E296ADDE7B6B416393D52D8
dw_ods.db	ods_behavior_event	dt=20260915	spark-warehouse\dw_ods.db\ods_behavior_event\dt=20260915\hour=03\part-00000-3b4cef8b-9e5a-47b6-a08f-b04dc53667c1.c000.snappy.parquet	4527	BDF5E7DCFB1F172EFA859E96D61102D293F8A0160D4B06C9F882060D1DCDA485
dw_ods.db	ods_behavior_event	dt=20260915	spark-warehouse\dw_ods.db\ods_behavior_event\dt=20260915\hour=04\part-00000-3b4cef8b-9e5a-47b6-a08f-b04dc53667c1.c000.snappy.parquet	4594	090BBA6247BA15A2ADDCA690D8E88D8D37BCEAB9279BE9A5892320011FF6F75D
dw_ods.db	ods_behavior_event	dt=20260915	spark-warehouse\dw_ods.db\ods_behavior_event\dt=20260915\hour=14\part-00000-3b4cef8b-9e5a-47b6-a08f-b04dc53667c1.c000.snappy.parquet	4500	3B5A6ECD29CF67511B52ABAA21E7210F32449B5FFB11A1E8C248661F3A5BE12E
dw_ods.db	ods_behavior_event	dt=20260915	spark-warehouse\dw_ods.db\ods_behavior_event\dt=20260915\hour=17\part-00000-3b4cef8b-9e5a-47b6-a08f-b04dc53667c1.c000.snappy.parquet	4617	B6D39CF92B400DA147A8E24D3BB857E359ACEE29DB7A763F6B08FC751FCA8022
dw_ods.db	ods_behavior_event	dt=20260915	spark-warehouse\dw_ods.db\ods_behavior_event\dt=20260915\hour=18\part-00000-3b4cef8b-9e5a-47b6-a08f-b04dc53667c1.c000.snappy.parquet	4500	0B9C2831E93786B60EA81C5D0AE82E54BE81903B037D2D8EED07D9860D3D9B3D
dw_ods.db	ods_behavior_event	dt=20260915	spark-warehouse\dw_ods.db\ods_behavior_event\dt=20260915\hour=19\part-00000-3b4cef8b-9e5a-47b6-a08f-b04dc53667c1.c000.snappy.parquet	4524	A08DD2BFB04FB0581F00B7532CEA29583280251F418234C7E9D7D8AEE7A0F651
dw_ods.db	ods_behavior_event	dt=20260915	spark-warehouse\dw_ods.db\ods_behavior_event\dt=20260915\hour=20\part-00000-3b4cef8b-9e5a-47b6-a08f-b04dc53667c1.c000.snappy.parquet	4499	234031B43A23E63BDA7F7F99CDDAA18910C9F4FD206017B1524BC09C47307079
dw_ods.db	ods_behavior_event	dt=20260915	spark-warehouse\dw_ods.db\ods_behavior_event\dt=20260915\hour=21\part-00000-3b4cef8b-9e5a-47b6-a08f-b04dc53667c1.c000.snappy.parquet	4582	E8ABE51832487722828DFD3E43B01DE69213A1F041C633C14777C24604D5E9F9
dw_ods.db	ods_behavior_event	dt=20260916	spark-warehouse\dw_ods.db\ods_behavior_event\dt=20260916\hour=00\part-00000-3b4cef8b-9e5a-47b6-a08f-b04dc53667c1.c000.snappy.parquet	4493	01FDAEC73302E68980C7ED4A3DE27FABC3AF23019F1E11A900E14177969D9D54
dw_ods.db	ods_behavior_event	dt=20260916	spark-warehouse\dw_ods.db\ods_behavior_event\dt=20260916\hour=03\part-00000-3b4cef8b-9e5a-47b6-a08f-b04dc53667c1.c000.snappy.parquet	4528	0AE171F35F02FCCA0B0EA2BB900C04E185DB4D33993857BF53806FE0AF93F3A3
dw_ods.db	ods_behavior_event	dt=20260916	spark-warehouse\dw_ods.db\ods_behavior_event\dt=20260916\hour=05\part-00000-3b4cef8b-9e5a-47b6-a08f-b04dc53667c1.c000.snappy.parquet	4492	49E2AB8FD8F34C2A2EFAED257B251C6929B0D3720C8658F4DC793273CD6538B1
dw_ods.db	ods_behavior_event	dt=20260916	spark-warehouse\dw_ods.db\ods_behavior_event\dt=20260916\hour=07\part-00000-3b4cef8b-9e5a-47b6-a08f-b04dc53667c1.c000.snappy.parquet	4500	73D0CB81E78BFBD62DDFB46B72946964B0B70F0DAEF57FEDE55577E15D24161B
dw_ods.db	ods_behavior_event	dt=20260916	spark-warehouse\dw_ods.db\ods_behavior_event\dt=20260916\hour=09\part-00000-3b4cef8b-9e5a-47b6-a08f-b04dc53667c1.c000.snappy.parquet	4500	F7C3E45604DB5D71A4E8A1A0B9DFB5652463277BA06EB05CFA0648390D48C5CE
dw_ods.db	ods_behavior_event	dt=20260916	spark-warehouse\dw_ods.db\ods_behavior_event\dt=20260916\hour=11\part-00000-3b4cef8b-9e5a-47b6-a08f-b04dc53667c1.c000.snappy.parquet	4528	B043C1771A07F9833A8759EA4CEE5F5E36001BA298AD2A91CAC64FAD74857684
dw_ods.db	ods_behavior_event	dt=20260916	spark-warehouse\dw_ods.db\ods_behavior_event\dt=20260916\hour=13\part-00000-3b4cef8b-9e5a-47b6-a08f-b04dc53667c1.c000.snappy.parquet	4521	07010CCA7E8249D2C8BA8CBCB33F064518718052CB7402C16802A5D45268666F
dw_ods.db	ods_behavior_event	dt=20260916	spark-warehouse\dw_ods.db\ods_behavior_event\dt=20260916\hour=14\part-00000-3b4cef8b-9e5a-47b6-a08f-b04dc53667c1.c000.snappy.parquet	4500	6D258D20D287E1B9D5BA9C71509730F450D5B628CBC8576085D846DC6944EF54
dw_ods.db	ods_behavior_event	dt=20260916	spark-warehouse\dw_ods.db\ods_behavior_event\dt=20260916\hour=18\part-00000-3b4cef8b-9e5a-47b6-a08f-b04dc53667c1.c000.snappy.parquet	4493	4F13ED5ECB24D9BAFFD09A16047AC7244EE42C846E42DBD69F9B932FA311B415
dw_ods.db	ods_behavior_event	dt=20260916	spark-warehouse\dw_ods.db\ods_behavior_event\dt=20260916\hour=19\part-00000-3b4cef8b-9e5a-47b6-a08f-b04dc53667c1.c000.snappy.parquet	4528	A51ADE18A1690A17D0E08A7D27FD25260107EF1EFBD36169401426FE4FC567E4
dw_ods.db	ods_behavior_event	dt=20260917	spark-warehouse\dw_ods.db\ods_behavior_event\dt=20260917\hour=02\part-00000-3b4cef8b-9e5a-47b6-a08f-b04dc53667c1.c000.snappy.parquet	4500	32655883B84F276A6EFF190A5E344DBDDA54E9BFA8ABDFCF77B96F7A05DC033D
dw_ods.db	ods_behavior_event	dt=20260917	spark-warehouse\dw_ods.db\ods_behavior_event\dt=20260917\hour=05\part-00000-3b4cef8b-9e5a-47b6-a08f-b04dc53667c1.c000.snappy.parquet	4500	41214B1C961E3D698F7149291FE2916C1FF536F827D68E3782127DEC14CD48E0
dw_ods.db	ods_behavior_event	dt=20260917	spark-warehouse\dw_ods.db\ods_behavior_event\dt=20260917\hour=07\part-00000-3b4cef8b-9e5a-47b6-a08f-b04dc53667c1.c000.snappy.parquet	4493	24E139730BA8A163340F7584BC9BDC578EEEAB13D7679A23B76D2EBDB1196335
dw_ods.db	ods_behavior_event	dt=20260917	spark-warehouse\dw_ods.db\ods_behavior_event\dt=20260917\hour=09\part-00000-3b4cef8b-9e5a-47b6-a08f-b04dc53667c1.c000.snappy.parquet	4492	414E6D5C443E845D8B8BA4864CB41EE296C3D7124C6942F7E811597EB56AD5C5
dw_ods.db	ods_behavior_event	dt=20260917	spark-warehouse\dw_ods.db\ods_behavior_event\dt=20260917\hour=10\part-00000-3b4cef8b-9e5a-47b6-a08f-b04dc53667c1.c000.snappy.parquet	4493	DCA9416978E2930706E9FE0464CDE1E5636A1BDA1BF208C903E000C90BE26812
dw_ods.db	ods_behavior_event	dt=20260917	spark-warehouse\dw_ods.db\ods_behavior_event\dt=20260917\hour=13\part-00000-3b4cef8b-9e5a-47b6-a08f-b04dc53667c1.c000.snappy.parquet	4581	56F5D95FD4634ED6832E0A63B0DDDE0B691FD5BDB3B6617B723A6BC7A99E7CB2
dw_ods.db	ods_behavior_event	dt=20260917	spark-warehouse\dw_ods.db\ods_behavior_event\dt=20260917\hour=17\part-00000-3b4cef8b-9e5a-47b6-a08f-b04dc53667c1.c000.snappy.parquet	4500	BC7C87AD2E3E1D964BA8FEDA5C44BCEA812DA1511C189DFDB3C925CE52AC4E0A
dw_ods.db	ods_behavior_event	dt=20260917	spark-warehouse\dw_ods.db\ods_behavior_event\dt=20260917\hour=19\part-00000-3b4cef8b-9e5a-47b6-a08f-b04dc53667c1.c000.snappy.parquet	4585	4A451515CAE80BD1FBC59CD27970C138E53D23B31BC51BF5DBB652BCCFD2204F
dw_ods.db	ods_behavior_event	dt=20260917	spark-warehouse\dw_ods.db\ods_behavior_event\dt=20260917\hour=20\part-00000-3b4cef8b-9e5a-47b6-a08f-b04dc53667c1.c000.snappy.parquet	4500	F737D060C5B7EC8FEAD082135153184D2F02744E915D61CB75784597905281B7
dw_ods.db	ods_behavior_event	dt=20260917	spark-warehouse\dw_ods.db\ods_behavior_event\dt=20260917\hour=22\part-00000-3b4cef8b-9e5a-47b6-a08f-b04dc53667c1.c000.snappy.parquet	4513	5B9CB9B20FA031343576447EE383F8C96BE6DB5C600EF01B73085B41130FC6A7
dw_ods.db	ods_behavior_event	dt=20260917	spark-warehouse\dw_ods.db\ods_behavior_event\dt=20260917\hour=23\part-00000-3b4cef8b-9e5a-47b6-a08f-b04dc53667c1.c000.snappy.parquet	4527	579BCAB6F69395151BF93DC02CA03AC4739B48FECA1259F3CFBB95EE2F54C4F4
dw_ods.db	ods_behavior_event	dt=20260918	spark-warehouse\dw_ods.db\ods_behavior_event\dt=20260918\hour=00\part-00000-3b4cef8b-9e5a-47b6-a08f-b04dc53667c1.c000.snappy.parquet	4500	C9B57C7DDFA914256F4988982A0219453CF8E2ED7B557189B9F66AF6FF1A323E
dw_ods.db	ods_behavior_event	dt=20260918	spark-warehouse\dw_ods.db\ods_behavior_event\dt=20260918\hour=06\part-00000-3b4cef8b-9e5a-47b6-a08f-b04dc53667c1.c000.snappy.parquet	4527	BB423B08F8A917169E49038B6A41B3F027AEAC7065D06FCEB1B65F827F3B2DB6
dw_ods.db	ods_behavior_event	dt=20260918	spark-warehouse\dw_ods.db\ods_behavior_event\dt=20260918\hour=07\part-00000-3b4cef8b-9e5a-47b6-a08f-b04dc53667c1.c000.snappy.parquet	4493	10B80A33A65947317913E952B62082D4E9797E026E4CA1FD28AA9E4F5C94A2B9
dw_ods.db	ods_behavior_event	dt=20260918	spark-warehouse\dw_ods.db\ods_behavior_event\dt=20260918\hour=08\part-00000-3b4cef8b-9e5a-47b6-a08f-b04dc53667c1.c000.snappy.parquet	4493	1CF31362C113FC4043261B3AE3210AA157F8736B183106BB2BEEDDDBDB4A16AF
dw_ods.db	ods_behavior_event	dt=20260918	spark-warehouse\dw_ods.db\ods_behavior_event\dt=20260918\hour=09\part-00000-3b4cef8b-9e5a-47b6-a08f-b04dc53667c1.c000.snappy.parquet	4499	A266B23F61AF7D94683C4CECE474757F9A02087A28C9F197CD6FAFD0614D50A2
dw_ods.db	ods_behavior_event	dt=20260918	spark-warehouse\dw_ods.db\ods_behavior_event\dt=20260918\hour=10\part-00000-3b4cef8b-9e5a-47b6-a08f-b04dc53667c1.c000.snappy.parquet	4519	0CC8F5DBBAE572BA9D1A1840BED2C5642740E1F3D4E31A736C85FD7B72235280
dw_ods.db	ods_behavior_event	dt=20260918	spark-warehouse\dw_ods.db\ods_behavior_event\dt=20260918\hour=11\part-00000-3b4cef8b-9e5a-47b6-a08f-b04dc53667c1.c000.snappy.parquet	4578	24B0A5D0E20187CDD06F6C9B06A2654246845D44F45AB569D83BB3313F0C5E9F
dw_ods.db	ods_behavior_event	dt=20260918	spark-warehouse\dw_ods.db\ods_behavior_event\dt=20260918\hour=14\part-00000-3b4cef8b-9e5a-47b6-a08f-b04dc53667c1.c000.snappy.parquet	4500	4203110CA23CF4D9C9E848771C9709286CC2F361D4441A5262F19E4B9A8FC4CB
dw_ods.db	ods_behavior_event	dt=20260918	spark-warehouse\dw_ods.db\ods_behavior_event\dt=20260918\hour=16\part-00000-3b4cef8b-9e5a-47b6-a08f-b04dc53667c1.c000.snappy.parquet	4518	C5504CA30FC04CB5000532EB826E62C39F0527D07F49C73CA52E91F05B982B03
dw_ods.db	ods_behavior_event	dt=20260918	spark-warehouse\dw_ods.db\ods_behavior_event\dt=20260918\hour=20\part-00000-3b4cef8b-9e5a-47b6-a08f-b04dc53667c1.c000.snappy.parquet	4500	282CC89159AF01C5710E30F12D91C31EFC79A69ECE3FF1FDFCA43E7CA2407BCA
dw_ods.db	ods_behavior_event	dt=20260919	spark-warehouse\dw_ods.db\ods_behavior_event\dt=20260919\hour=05\part-00000-3b4cef8b-9e5a-47b6-a08f-b04dc53667c1.c000.snappy.parquet	4514	EA16007438954E53DE34032A74BFB0135486F1B027805E5537157721CFBF485A
dw_ods.db	ods_behavior_event	dt=20260919	spark-warehouse\dw_ods.db\ods_behavior_event\dt=20260919\hour=06\part-00000-3b4cef8b-9e5a-47b6-a08f-b04dc53667c1.c000.snappy.parquet	4492	E91BEB9AD65679140C6A210C41BF491239B7E3EB983DA0A01EF0B2EC5A2D1414
dw_ods.db	ods_behavior_event	dt=20260919	spark-warehouse\dw_ods.db\ods_behavior_event\dt=20260919\hour=08\part-00000-3b4cef8b-9e5a-47b6-a08f-b04dc53667c1.c000.snappy.parquet	4493	577833AB572DE08FEFFA1C6A8A45D2E171E9B60537A3D754CAF18403BB54DFBB
dw_ods.db	ods_behavior_event	dt=20260919	spark-warehouse\dw_ods.db\ods_behavior_event\dt=20260919\hour=18\part-00000-3b4cef8b-9e5a-47b6-a08f-b04dc53667c1.c000.snappy.parquet	4521	BFA4975BF194C63F1C4040C8F91D3B3720AD7EF1F68626B1DA071FA2C9405A53
dw_ods.db	ods_behavior_event	dt=20260919	spark-warehouse\dw_ods.db\ods_behavior_event\dt=20260919\hour=19\part-00000-3b4cef8b-9e5a-47b6-a08f-b04dc53667c1.c000.snappy.parquet	4500	DF29C681AF13E5B14887D16D04D209F697724016C7B752047EFD849C20126C36
dw_ods.db	ods_behavior_event	dt=20260919	spark-warehouse\dw_ods.db\ods_behavior_event\dt=20260919\hour=21\part-00000-3b4cef8b-9e5a-47b6-a08f-b04dc53667c1.c000.snappy.parquet	4493	2503338F4CD037CC01466124CC3BDD5A791803D712542AB2A52CF8909A7EF877
dw_ods.db	ods_behavior_event	dt=20260919	spark-warehouse\dw_ods.db\ods_behavior_event\dt=20260919\hour=23\part-00000-3b4cef8b-9e5a-47b6-a08f-b04dc53667c1.c000.snappy.parquet	4528	ACBDDEFC9FF45A75F5C5098E1ADE296AA6DA66C4E2074B87C47AE9780DC6A38D
dw_ods.db	ods_behavior_event	dt=20260920	spark-warehouse\dw_ods.db\ods_behavior_event\dt=20260920\hour=00\part-00000-3b4cef8b-9e5a-47b6-a08f-b04dc53667c1.c000.snappy.parquet	4577	51DB4744F65A0E222E5D095CF0154FDE39140A4228965961B0B70D7C75CAF256
dw_ods.db	ods_behavior_event	dt=20260920	spark-warehouse\dw_ods.db\ods_behavior_event\dt=20260920\hour=01\part-00000-3b4cef8b-9e5a-47b6-a08f-b04dc53667c1.c000.snappy.parquet	4500	14F47ABF62026E23B7E057511EE8CD23C29A81EC484C28EC278D56641C001849
dw_ods.db	ods_behavior_event	dt=20260920	spark-warehouse\dw_ods.db\ods_behavior_event\dt=20260920\hour=02\part-00000-3b4cef8b-9e5a-47b6-a08f-b04dc53667c1.c000.snappy.parquet	4492	5F3F75C1174843B492B32F75B41F66F52FFB09B6625B08E22DB0E1C368A11DFF
dw_ods.db	ods_behavior_event	dt=20260920	spark-warehouse\dw_ods.db\ods_behavior_event\dt=20260920\hour=03\part-00000-3b4cef8b-9e5a-47b6-a08f-b04dc53667c1.c000.snappy.parquet	4491	E31E1B12196AEBEAD0D1763540CD5087E42B18872CF81441856633A0FB2342CE
dw_ods.db	ods_behavior_event	dt=20260920	spark-warehouse\dw_ods.db\ods_behavior_event\dt=20260920\hour=04\part-00000-3b4cef8b-9e5a-47b6-a08f-b04dc53667c1.c000.snappy.parquet	4493	B9D8FE6213E3034ECA0539567A660D50C6E50C4CD60824AC1DC9EC9417CFE0DC
dw_ods.db	ods_behavior_event	dt=20260920	spark-warehouse\dw_ods.db\ods_behavior_event\dt=20260920\hour=06\part-00000-3b4cef8b-9e5a-47b6-a08f-b04dc53667c1.c000.snappy.parquet	4521	4B0C2CAE1B6638802649480D311933577EFD9E4F27B74602958440135D39822F
dw_ods.db	ods_behavior_event	dt=20260920	spark-warehouse\dw_ods.db\ods_behavior_event\dt=20260920\hour=08\part-00000-3b4cef8b-9e5a-47b6-a08f-b04dc53667c1.c000.snappy.parquet	4500	DCF748D64C87D7AC412830BBBB8101119FFC7496CFE8F8E5D535EAB593B3880C
dw_ods.db	ods_behavior_event	dt=20260920	spark-warehouse\dw_ods.db\ods_behavior_event\dt=20260920\hour=09\part-00000-3b4cef8b-9e5a-47b6-a08f-b04dc53667c1.c000.snappy.parquet	4500	D1A8560B68114AAA3A4795B602BDE8562BD90E33719E0F54E23CC1512F0ECE6F
dw_ods.db	ods_behavior_event	dt=20260920	spark-warehouse\dw_ods.db\ods_behavior_event\dt=20260920\hour=11\part-00000-3b4cef8b-9e5a-47b6-a08f-b04dc53667c1.c000.snappy.parquet	4500	7BBCFDCDC2273CC0F6FD6FB33DD7498DC38CB3797EAAAE0E8658446C120364F3
dw_ods.db	ods_behavior_event	dt=20260920	spark-warehouse\dw_ods.db\ods_behavior_event\dt=20260920\hour=12\part-00000-3b4cef8b-9e5a-47b6-a08f-b04dc53667c1.c000.snappy.parquet	4528	E875648FE98A1DB040DA3BA1FB347D6768B63FD669D9B1FDA82D1253EFFEA7F8
dw_ods.db	ods_behavior_event	dt=20260920	spark-warehouse\dw_ods.db\ods_behavior_event\dt=20260920\hour=13\part-00000-3b4cef8b-9e5a-47b6-a08f-b04dc53667c1.c000.snappy.parquet	4660	E44635B11EDD89AFA34685178DEA7D32AD091C23D9DF2E00E9EF7157C95FBE5F
dw_ods.db	ods_behavior_event	dt=20260920	spark-warehouse\dw_ods.db\ods_behavior_event\dt=20260920\hour=14\part-00000-3b4cef8b-9e5a-47b6-a08f-b04dc53667c1.c000.snappy.parquet	4550	287888BAF906F3E25FF945EB989D1158263F4904EDD1583287EDFF383031DECD
dw_ods.db	ods_behavior_event	dt=20260920	spark-warehouse\dw_ods.db\ods_behavior_event\dt=20260920\hour=15\part-00000-3b4cef8b-9e5a-47b6-a08f-b04dc53667c1.c000.snappy.parquet	4492	0E7C1B26065425A96EBB901545621B394BB9D10F23D8F8F276C042FE96F1A599
dw_ods.db	ods_behavior_event	dt=20260920	spark-warehouse\dw_ods.db\ods_behavior_event\dt=20260920\hour=17\part-00000-3b4cef8b-9e5a-47b6-a08f-b04dc53667c1.c000.snappy.parquet	4493	3F6CE5A5CAAFC865BD2559A99C78D33F82270EE53F4D3C583D1A921AD3095000
dw_ods.db	ods_behavior_event	dt=20260920	spark-warehouse\dw_ods.db\ods_behavior_event\dt=20260920\hour=19\part-00000-3b4cef8b-9e5a-47b6-a08f-b04dc53667c1.c000.snappy.parquet	4500	847E294D964CBEF4D3B9F7E390C87A34510D6232AD062E5D393D1AF82C847DCC
dw_ods.db	ods_behavior_event	dt=20260920	spark-warehouse\dw_ods.db\ods_behavior_event\dt=20260920\hour=20\part-00000-3b4cef8b-9e5a-47b6-a08f-b04dc53667c1.c000.snappy.parquet	4500	3636C8EA39B8446AF29FFBFE06B9C6D0DCBDA6D00C9E4C86568B4C63C562CBB1
dw_ods.db	ods_behavior_event	dt=20260921	spark-warehouse\dw_ods.db\ods_behavior_event\dt=20260921\hour=01\part-00000-3b4cef8b-9e5a-47b6-a08f-b04dc53667c1.c000.snappy.parquet	4550	599261D58B480F835B6A98AD5019209181BAA862D9F0E4D7B5FFB27A51EBEB37
dw_ods.db	ods_behavior_event	dt=20260921	spark-warehouse\dw_ods.db\ods_behavior_event\dt=20260921\hour=05\part-00000-3b4cef8b-9e5a-47b6-a08f-b04dc53667c1.c000.snappy.parquet	4493	C70BFF86D1D02FB34BA117A6E31C73B24ECBAE649A25673E1983FFE391D3CA9A
dw_ods.db	ods_behavior_event	dt=20260921	spark-warehouse\dw_ods.db\ods_behavior_event\dt=20260921\hour=07\part-00000-3b4cef8b-9e5a-47b6-a08f-b04dc53667c1.c000.snappy.parquet	4507	7DDF53F5D1632BF01AF2409299D1463C81F49E79BC7506F6261395391698038C
dw_ods.db	ods_behavior_event	dt=20260921	spark-warehouse\dw_ods.db\ods_behavior_event\dt=20260921\hour=09\part-00000-3b4cef8b-9e5a-47b6-a08f-b04dc53667c1.c000.snappy.parquet	4541	1EDB540E4B654D95E2E2A7D099093066588FBD8EE98312DDA029A624442E90EB
dw_ods.db	ods_behavior_event	dt=20260921	spark-warehouse\dw_ods.db\ods_behavior_event\dt=20260921\hour=10\part-00000-3b4cef8b-9e5a-47b6-a08f-b04dc53667c1.c000.snappy.parquet	4528	802EDBAD9E5DA84092FC586FB23F2F01CDDEA7E26FC4442D51C07BB12F143206
dw_ods.db	ods_behavior_event	dt=20260921	spark-warehouse\dw_ods.db\ods_behavior_event\dt=20260921\hour=12\part-00000-3b4cef8b-9e5a-47b6-a08f-b04dc53667c1.c000.snappy.parquet	4515	F764B51D7FA1068CD7D8B8508783836B4CAAF56600D5327F041746DF764B3451
dw_ods.db	ods_behavior_event	dt=20260921	spark-warehouse\dw_ods.db\ods_behavior_event\dt=20260921\hour=14\part-00000-3b4cef8b-9e5a-47b6-a08f-b04dc53667c1.c000.snappy.parquet	4559	E0DD6BCC53C5219C49887C115AD41428A0A53CCD27EDA82F9FD6DE93254E5673
dw_ods.db	ods_behavior_event	dt=20260921	spark-warehouse\dw_ods.db\ods_behavior_event\dt=20260921\hour=16\part-00000-3b4cef8b-9e5a-47b6-a08f-b04dc53667c1.c000.snappy.parquet	4493	9454BC8FC5C0D24C3651AD2A500931F2F3D0ADAFB10DEB0A40C72458EC7DDB17
dw_ods.db	ods_behavior_event	dt=20260921	spark-warehouse\dw_ods.db\ods_behavior_event\dt=20260921\hour=19\part-00000-3b4cef8b-9e5a-47b6-a08f-b04dc53667c1.c000.snappy.parquet	4498	0FC010E1FF04FDD404B829A42FB58744C1A9C4799BAF19E8D5A165EB559AA26C
dw_ods.db	ods_behavior_event	dt=20260921	spark-warehouse\dw_ods.db\ods_behavior_event\dt=20260921\hour=20\part-00000-3b4cef8b-9e5a-47b6-a08f-b04dc53667c1.c000.snappy.parquet	4549	83E2E6320A5AE5415ECD3D0B2B5492E6CD56672A55113D93364DA72243DA5337
dw_ods.db	ods_behavior_event	dt=20260921	spark-warehouse\dw_ods.db\ods_behavior_event\dt=20260921\hour=22\part-00000-3b4cef8b-9e5a-47b6-a08f-b04dc53667c1.c000.snappy.parquet	4585	E45D694C708D35219B68E82401DADFBFE4406625103AE0F8365AE8CEC105F43F
dw_ods.db	ods_behavior_event	dt=20260921	spark-warehouse\dw_ods.db\ods_behavior_event\dt=20260921\hour=23\part-00000-3b4cef8b-9e5a-47b6-a08f-b04dc53667c1.c000.snappy.parquet	4493	D1F5EF5F3721422D84AE522F4AA1FA4DCA21F0C5A37651E3233D4358A1339758
dw_ods.db	ods_behavior_event	dt=20260922	spark-warehouse\dw_ods.db\ods_behavior_event\dt=20260922\hour=00\part-00000-3b4cef8b-9e5a-47b6-a08f-b04dc53667c1.c000.snappy.parquet	4500	74CFCD225C6BC26852A40F59A8195961CCBC58FAC60C2F40BC7C4306C086100F
dw_ods.db	ods_behavior_event	dt=20260922	spark-warehouse\dw_ods.db\ods_behavior_event\dt=20260922\hour=02\part-00000-3b4cef8b-9e5a-47b6-a08f-b04dc53667c1.c000.snappy.parquet	4528	67F7CE62D4BA5DF1DC224AE25683A5ED19ED5EE97ABCF26CB610C68C66C566CE
dw_ods.db	ods_behavior_event	dt=20260922	spark-warehouse\dw_ods.db\ods_behavior_event\dt=20260922\hour=04\part-00000-3b4cef8b-9e5a-47b6-a08f-b04dc53667c1.c000.snappy.parquet	4493	2EC93A3C6BC3B8D4BE08169D42BEFC91113CF3A10D8770BA9E96C678F272BFC3
dw_ods.db	ods_behavior_event	dt=20260922	spark-warehouse\dw_ods.db\ods_behavior_event\dt=20260922\hour=09\part-00000-3b4cef8b-9e5a-47b6-a08f-b04dc53667c1.c000.snappy.parquet	4515	F3D768E8BF48FA7326E9F58BFEBC81D3493B7F16196EBD03BEA12D910853156C
dw_ods.db	ods_behavior_event	dt=20260922	spark-warehouse\dw_ods.db\ods_behavior_event\dt=20260922\hour=10\part-00000-3b4cef8b-9e5a-47b6-a08f-b04dc53667c1.c000.snappy.parquet	4549	4742349D57A1CC8A4C47178C0802E935B0074A0984579E2E581BAF9AB87CBB03
dw_ods.db	ods_behavior_event	dt=20260922	spark-warehouse\dw_ods.db\ods_behavior_event\dt=20260922\hour=15\part-00000-3b4cef8b-9e5a-47b6-a08f-b04dc53667c1.c000.snappy.parquet	4517	05AB2ACDD0F02108BEA681E27F475D35D426941A4C38B7212EA365D843CB496E
dw_ods.db	ods_behavior_event	dt=20260922	spark-warehouse\dw_ods.db\ods_behavior_event\dt=20260922\hour=19\part-00000-3b4cef8b-9e5a-47b6-a08f-b04dc53667c1.c000.snappy.parquet	4528	312AB31E5B7987CD7A00970761338179F3FFFBD533301BF643E6ACC1C01D6B75
dw_ods.db	ods_behavior_event	dt=20260922	spark-warehouse\dw_ods.db\ods_behavior_event\dt=20260922\hour=20\part-00000-3b4cef8b-9e5a-47b6-a08f-b04dc53667c1.c000.snappy.parquet	4527	A8846F8CBE5623B586E1B48F74B293D44B3ADB3717204C3E3CF6AAA8FD7CB629
dw_ods.db	ods_behavior_event	dt=20260922	spark-warehouse\dw_ods.db\ods_behavior_event\dt=20260922\hour=21\part-00000-3b4cef8b-9e5a-47b6-a08f-b04dc53667c1.c000.snappy.parquet	4560	354492FE7363488B74C62DB667A3F34DD189DD8E7DC0541A6CC206D46D2C935B
dw_ods.db	ods_behavior_event	dt=20260923	spark-warehouse\dw_ods.db\ods_behavior_event\dt=20260923\hour=06\part-00000-3b4cef8b-9e5a-47b6-a08f-b04dc53667c1.c000.snappy.parquet	4500	3A770C0E1D5E32B7255330905C91327E6F3DFCA098D2BF804B29A1E5AE6A0339
dw_ods.db	ods_behavior_event	dt=20260923	spark-warehouse\dw_ods.db\ods_behavior_event\dt=20260923\hour=08\part-00000-3b4cef8b-9e5a-47b6-a08f-b04dc53667c1.c000.snappy.parquet	4625	22250E0552CF426C9E74B6B2B9ACDD02FE0E6ECAFE143EAB0C90162389B53974
dw_ods.db	ods_behavior_event	dt=20260923	spark-warehouse\dw_ods.db\ods_behavior_event\dt=20260923\hour=10\part-00000-3b4cef8b-9e5a-47b6-a08f-b04dc53667c1.c000.snappy.parquet	4528	7710856C4A93861965678605BE97E193354F2DE72D42D46E6E9A3447D015D1F6
dw_ods.db	ods_behavior_event	dt=20260923	spark-warehouse\dw_ods.db\ods_behavior_event\dt=20260923\hour=12\part-00000-3b4cef8b-9e5a-47b6-a08f-b04dc53667c1.c000.snappy.parquet	4492	92F3C4C4AC0477198698FF257CBF310F126AC2A2A50A8A875D7CBFC97A56EAFE
dw_ods.db	ods_behavior_event	dt=20260923	spark-warehouse\dw_ods.db\ods_behavior_event\dt=20260923\hour=16\part-00000-3b4cef8b-9e5a-47b6-a08f-b04dc53667c1.c000.snappy.parquet	4492	56FA454A32F734C003B39C497AFC2A761DB27E5CBFA3BAD90B51B31C31CB1227
dw_ods.db	ods_behavior_event	dt=20260923	spark-warehouse\dw_ods.db\ods_behavior_event\dt=20260923\hour=18\part-00000-3b4cef8b-9e5a-47b6-a08f-b04dc53667c1.c000.snappy.parquet	4528	15103DBF5DD40170A466821B110D2669CAABF5BB79E7B26ECBE61679B0C9FA1B
dw_ods.db	ods_behavior_event	dt=20260923	spark-warehouse\dw_ods.db\ods_behavior_event\dt=20260923\hour=19\part-00000-3b4cef8b-9e5a-47b6-a08f-b04dc53667c1.c000.snappy.parquet	4514	C572D87B9321284DB981EE7ED9E8A7BFB724EC47E90A52796C2E937EED586364
dw_ods.db	ods_behavior_event	dt=20260923	spark-warehouse\dw_ods.db\ods_behavior_event\dt=20260923\hour=23\part-00000-3b4cef8b-9e5a-47b6-a08f-b04dc53667c1.c000.snappy.parquet	4542	B42693DEA6CD38287A78014C7242A827DCDC3F6921F04DAD57C8DFA8DA54B292
dw_ods.db	ods_behavior_event	dt=20260924	spark-warehouse\dw_ods.db\ods_behavior_event\dt=20260924\hour=03\part-00000-3b4cef8b-9e5a-47b6-a08f-b04dc53667c1.c000.snappy.parquet	4492	A9E83A667B12D95CE4CC0A3F1C3962B6C411341BD94A3712A9A7FB699EA76352
dw_ods.db	ods_behavior_event	dt=20260924	spark-warehouse\dw_ods.db\ods_behavior_event\dt=20260924\hour=06\part-00000-3b4cef8b-9e5a-47b6-a08f-b04dc53667c1.c000.snappy.parquet	4521	D1BEE0A56B0B2F92310B25C17400F5ED3A84A6DB5C5D2757B041145F28BFCC7B
dw_ods.db	ods_behavior_event	dt=20260924	spark-warehouse\dw_ods.db\ods_behavior_event\dt=20260924\hour=10\part-00000-3b4cef8b-9e5a-47b6-a08f-b04dc53667c1.c000.snappy.parquet	4493	69195E892525EE52A3D8C4163B751F16350F93BEC8EB2140846D46BDDC073D4B
dw_ods.db	ods_behavior_event	dt=20260924	spark-warehouse\dw_ods.db\ods_behavior_event\dt=20260924\hour=11\part-00000-3b4cef8b-9e5a-47b6-a08f-b04dc53667c1.c000.snappy.parquet	4526	F1BDE41B16EDD526D61972C9AA06B538B0E93D7080FCA922C3A797875FA2A7AF
dw_ods.db	ods_behavior_event	dt=20260924	spark-warehouse\dw_ods.db\ods_behavior_event\dt=20260924\hour=12\part-00000-3b4cef8b-9e5a-47b6-a08f-b04dc53667c1.c000.snappy.parquet	4493	8DDFC0139A9E810304C6CEFED677CFD7591CB4E55A843E86451C76C50A25BD0A
dw_ods.db	ods_behavior_event	dt=20260924	spark-warehouse\dw_ods.db\ods_behavior_event\dt=20260924\hour=15\part-00000-3b4cef8b-9e5a-47b6-a08f-b04dc53667c1.c000.snappy.parquet	4500	EF7BC27B77993E149C870085BE905E18F2402EA3A5F1628D9C9B1379496C5547
dw_ods.db	ods_behavior_event	dt=20260924	spark-warehouse\dw_ods.db\ods_behavior_event\dt=20260924\hour=17\part-00000-3b4cef8b-9e5a-47b6-a08f-b04dc53667c1.c000.snappy.parquet	4500	7E702746028940C9E2AC69F4F533ED264A31399B202473E893B2678479392E3D
dw_ods.db	ods_behavior_event	dt=20260924	spark-warehouse\dw_ods.db\ods_behavior_event\dt=20260924\hour=18\part-00000-3b4cef8b-9e5a-47b6-a08f-b04dc53667c1.c000.snappy.parquet	4493	7195577A44328CDEA989350CF1FEABDC03D5C57A7F98F1E909DC56263C09140D
dw_ods.db	ods_behavior_event	dt=20260924	spark-warehouse\dw_ods.db\ods_behavior_event\dt=20260924\hour=22\part-00000-3b4cef8b-9e5a-47b6-a08f-b04dc53667c1.c000.snappy.parquet	4500	1A513C69A88854B28E27ECA039087675F432623D0117BE0224B4EE94C28D0A43
dw_ods.db	ods_behavior_event	dt=20260925	spark-warehouse\dw_ods.db\ods_behavior_event\dt=20260925\hour=01\part-00000-3b4cef8b-9e5a-47b6-a08f-b04dc53667c1.c000.snappy.parquet	4606	7772AB7555A8B2A604E68182AFFDD31127D55F425F3DFC7B824D01523D11E3AD
dw_ods.db	ods_behavior_event	dt=20260925	spark-warehouse\dw_ods.db\ods_behavior_event\dt=20260925\hour=03\part-00000-3b4cef8b-9e5a-47b6-a08f-b04dc53667c1.c000.snappy.parquet	4499	708A01361E07391B6AAFA0D8D3D4D9EC9D7CA006FB79FA59C1A264DD55635D17
dw_ods.db	ods_behavior_event	dt=20260925	spark-warehouse\dw_ods.db\ods_behavior_event\dt=20260925\hour=04\part-00000-3b4cef8b-9e5a-47b6-a08f-b04dc53667c1.c000.snappy.parquet	4578	F602BC18677C60EE490A696E5F4C3A8B3C95193F7AAEA33DC524851821DED6BA
dw_ods.db	ods_behavior_event	dt=20260925	spark-warehouse\dw_ods.db\ods_behavior_event\dt=20260925\hour=05\part-00000-3b4cef8b-9e5a-47b6-a08f-b04dc53667c1.c000.snappy.parquet	4493	A1B353A5BCFAF9DBA0E7AB7F013E93772DC2AC48E59BE68F5651FEF26D77E122
dw_ods.db	ods_behavior_event	dt=20260925	spark-warehouse\dw_ods.db\ods_behavior_event\dt=20260925\hour=06\part-00000-3b4cef8b-9e5a-47b6-a08f-b04dc53667c1.c000.snappy.parquet	4585	602A992609374CB1D22AD21D1B11E323661AD3A27607D1FA586DFB12CE9DEA40
dw_ods.db	ods_behavior_event	dt=20260925	spark-warehouse\dw_ods.db\ods_behavior_event\dt=20260925\hour=07\part-00000-3b4cef8b-9e5a-47b6-a08f-b04dc53667c1.c000.snappy.parquet	4493	2E1A771CCD20028FEC5D20BC428C52BE9B3E584EDE5F5CBE0964805471FCE96C
dw_ods.db	ods_behavior_event	dt=20260925	spark-warehouse\dw_ods.db\ods_behavior_event\dt=20260925\hour=08\part-00000-3b4cef8b-9e5a-47b6-a08f-b04dc53667c1.c000.snappy.parquet	4493	05520374977CC82AC809C6BB4B9DE343E33C400995A3EFFDDFD4B2DDBF587A99
dw_ods.db	ods_behavior_event	dt=20260925	spark-warehouse\dw_ods.db\ods_behavior_event\dt=20260925\hour=11\part-00000-3b4cef8b-9e5a-47b6-a08f-b04dc53667c1.c000.snappy.parquet	4500	10E9C6AE0E65A5DC33E4C7A97C8AE04F90C936D1494DDF8AD542C9926B7383BA
dw_ods.db	ods_behavior_event	dt=20260925	spark-warehouse\dw_ods.db\ods_behavior_event\dt=20260925\hour=12\part-00000-3b4cef8b-9e5a-47b6-a08f-b04dc53667c1.c000.snappy.parquet	4500	880BB5C2B1A2EAB4F62C91DE479E25E50B26ADF6BE95554ECE1ED6E1DFA36E3F
dw_ods.db	ods_behavior_event	dt=20260925	spark-warehouse\dw_ods.db\ods_behavior_event\dt=20260925\hour=15\part-00000-3b4cef8b-9e5a-47b6-a08f-b04dc53667c1.c000.snappy.parquet	4521	1FB70D0214AADC285A83CBA45E2F5D908732C13F6811B1B9DBFAC819BA76B2EF
dw_ods.db	ods_behavior_event	dt=20260925	spark-warehouse\dw_ods.db\ods_behavior_event\dt=20260925\hour=18\part-00000-3b4cef8b-9e5a-47b6-a08f-b04dc53667c1.c000.snappy.parquet	4528	88A7D82AA7A7D853DC06E1239B0FA350CA07B88E420A0955841F774A3635EE36
dw_ods.db	ods_behavior_event	dt=20260925	spark-warehouse\dw_ods.db\ods_behavior_event\dt=20260925\hour=20\part-00000-3b4cef8b-9e5a-47b6-a08f-b04dc53667c1.c000.snappy.parquet	4554	DC261ADAF858724C4E31048DA24E195910F7C8D5C904AAD2D724DFA924EFB7C2
dw_ods.db	ods_behavior_event	dt=20260925	spark-warehouse\dw_ods.db\ods_behavior_event\dt=20260925\hour=23\part-00000-3b4cef8b-9e5a-47b6-a08f-b04dc53667c1.c000.snappy.parquet	4493	E87D94C93295560E403E81C6E769870BB921A21C90D16A1AA828AEFCD1345C67
dw_ods.db	ods_behavior_event	dt=20260926	spark-warehouse\dw_ods.db\ods_behavior_event\dt=20260926\hour=01\part-00000-3b4cef8b-9e5a-47b6-a08f-b04dc53667c1.c000.snappy.parquet	4493	1565618C531A763E8F06B1E0418DA55A4446C74C302468AA941919CF58872957
dw_ods.db	ods_behavior_event	dt=20260926	spark-warehouse\dw_ods.db\ods_behavior_event\dt=20260926\hour=02\part-00000-3b4cef8b-9e5a-47b6-a08f-b04dc53667c1.c000.snappy.parquet	4514	1496A527409C15B065CDE465766E80079AE523D9E382FF4AE63BB6A3A000318B
dw_ods.db	ods_behavior_event	dt=20260926	spark-warehouse\dw_ods.db\ods_behavior_event\dt=20260926\hour=03\part-00000-3b4cef8b-9e5a-47b6-a08f-b04dc53667c1.c000.snappy.parquet	4492	2D8066EC68143E8C6A872B4C4649C9B69454533B40640D029EEF388EACE37FB8
dw_ods.db	ods_behavior_event	dt=20260926	spark-warehouse\dw_ods.db\ods_behavior_event\dt=20260926\hour=04\part-00000-3b4cef8b-9e5a-47b6-a08f-b04dc53667c1.c000.snappy.parquet	4561	655605382871D95FAA15D73BD8574F07DED6CC01B1458032103149DE0C292174
dw_ods.db	ods_behavior_event	dt=20260926	spark-warehouse\dw_ods.db\ods_behavior_event\dt=20260926\hour=07\part-00000-3b4cef8b-9e5a-47b6-a08f-b04dc53667c1.c000.snappy.parquet	4500	4FC26A7CAD632F1C824C144F0A892FA704383211FC19695FD4A24698E085C29C
dw_ods.db	ods_behavior_event	dt=20260926	spark-warehouse\dw_ods.db\ods_behavior_event\dt=20260926\hour=09\part-00000-3b4cef8b-9e5a-47b6-a08f-b04dc53667c1.c000.snappy.parquet	4546	8FAB5AC0C9980A7551FB8DD7E0FDEC933D5093A1843A1D5A86D86B421B5BA2F3
dw_ods.db	ods_behavior_event	dt=20260926	spark-warehouse\dw_ods.db\ods_behavior_event\dt=20260926\hour=14\part-00000-3b4cef8b-9e5a-47b6-a08f-b04dc53667c1.c000.snappy.parquet	4500	F67F78A63FD49E587E12FAF24A83DAC07A6EDC77654C2C78D5E35FBA3DC0626F
dw_ods.db	ods_behavior_event	dt=20260926	spark-warehouse\dw_ods.db\ods_behavior_event\dt=20260926\hour=15\part-00000-3b4cef8b-9e5a-47b6-a08f-b04dc53667c1.c000.snappy.parquet	4500	05610C3151FD43A86A017C19A2924DEEF6E6D237AD5DDEF2836CA558B6B8DFB2
dw_ods.db	ods_behavior_event	dt=20260926	spark-warehouse\dw_ods.db\ods_behavior_event\dt=20260926\hour=19\part-00000-3b4cef8b-9e5a-47b6-a08f-b04dc53667c1.c000.snappy.parquet	4492	A32EBC82B942D18DD5E8279FC86EDD0D4C35447637B569FB6AC4127FD42A764D
dw_ods.db	ods_behavior_event	dt=20260926	spark-warehouse\dw_ods.db\ods_behavior_event\dt=20260926\hour=21\part-00000-3b4cef8b-9e5a-47b6-a08f-b04dc53667c1.c000.snappy.parquet	4492	8DD75853E00BA356C3F81A7837ADEB5A1739D53265F5ADDC73880279BB92623E
dw_ods.db	ods_behavior_event	dt=20260926	spark-warehouse\dw_ods.db\ods_behavior_event\dt=20260926\hour=22\part-00000-3b4cef8b-9e5a-47b6-a08f-b04dc53667c1.c000.snappy.parquet	4500	88D7F8C705CCE877089C8A6D320E070B0A639E9D4FB54E5DCCBE7B59DEF5596D
dw_ods.db	ods_behavior_event	dt=20260927	spark-warehouse\dw_ods.db\ods_behavior_event\dt=20260927\hour=00\part-00000-3b4cef8b-9e5a-47b6-a08f-b04dc53667c1.c000.snappy.parquet	4493	1887564487595C5D21FEB51D5627A7EA6D24E2BE98352EC422D10D96ED4BA5D4
dw_ods.db	ods_behavior_event	dt=20260927	spark-warehouse\dw_ods.db\ods_behavior_event\dt=20260927\hour=01\part-00000-3b4cef8b-9e5a-47b6-a08f-b04dc53667c1.c000.snappy.parquet	4521	99394D2C93E51A9FA46F2C4991CED571804D9DA8D3CA2F08EB25D4442BC8E616
dw_ods.db	ods_behavior_event	dt=20260927	spark-warehouse\dw_ods.db\ods_behavior_event\dt=20260927\hour=02\part-00000-3b4cef8b-9e5a-47b6-a08f-b04dc53667c1.c000.snappy.parquet	4558	EDE059DCD3E2D1C3AFCBF1352265CE76884A1632A77D7B5123F105654AAB11E3
dw_ods.db	ods_behavior_event	dt=20260927	spark-warehouse\dw_ods.db\ods_behavior_event\dt=20260927\hour=03\part-00000-3b4cef8b-9e5a-47b6-a08f-b04dc53667c1.c000.snappy.parquet	4493	6670F65DF8F032FA4E9CB24045D05ADEE0EB3B8FDD89C4717FD87D1A37E2EEC2
dw_ods.db	ods_behavior_event	dt=20260927	spark-warehouse\dw_ods.db\ods_behavior_event\dt=20260927\hour=04\part-00000-3b4cef8b-9e5a-47b6-a08f-b04dc53667c1.c000.snappy.parquet	4500	7D33116E1E604253504897689113E750FF53FCC8076133B1D6D138186D7F1C85
dw_ods.db	ods_behavior_event	dt=20260927	spark-warehouse\dw_ods.db\ods_behavior_event\dt=20260927\hour=05\part-00000-3b4cef8b-9e5a-47b6-a08f-b04dc53667c1.c000.snappy.parquet	4649	9799000ADD95B39097FE97E7E6764A6182CC8E934F6989ED60DEA967AB6ECA80
dw_ods.db	ods_behavior_event	dt=20260927	spark-warehouse\dw_ods.db\ods_behavior_event\dt=20260927\hour=06\part-00000-3b4cef8b-9e5a-47b6-a08f-b04dc53667c1.c000.snappy.parquet	4527	8A3C36FE4288A00F8086C69971E4DBF3BFF7602D34059C93EB0977B53F914C0B
dw_ods.db	ods_behavior_event	dt=20260927	spark-warehouse\dw_ods.db\ods_behavior_event\dt=20260927\hour=07\part-00000-3b4cef8b-9e5a-47b6-a08f-b04dc53667c1.c000.snappy.parquet	4500	E65824CBA11FC820577BF9926465D5AD21995EA3F04C14573BB2CD27CA20A760
dw_ods.db	ods_behavior_event	dt=20260927	spark-warehouse\dw_ods.db\ods_behavior_event\dt=20260927\hour=08\part-00000-3b4cef8b-9e5a-47b6-a08f-b04dc53667c1.c000.snappy.parquet	4549	6DE5B0172C39CE8473C4186F514FD4D7FBC0CC250CE6846B20C3FEB98B78D05E
dw_ods.db	ods_behavior_event	dt=20260927	spark-warehouse\dw_ods.db\ods_behavior_event\dt=20260927\hour=09\part-00000-3b4cef8b-9e5a-47b6-a08f-b04dc53667c1.c000.snappy.parquet	4500	8444677B5DC0962A64138593D50D06C948A81A3EEDF1C3655330852AB5632E91
dw_ods.db	ods_behavior_event	dt=20260927	spark-warehouse\dw_ods.db\ods_behavior_event\dt=20260927\hour=13\part-00000-3b4cef8b-9e5a-47b6-a08f-b04dc53667c1.c000.snappy.parquet	4493	EDDEE0950CC9861E135C559FA212647FD3D65A9752DAB0438C97B531F2FD8F02
dw_ods.db	ods_behavior_event	dt=20260927	spark-warehouse\dw_ods.db\ods_behavior_event\dt=20260927\hour=15\part-00000-3b4cef8b-9e5a-47b6-a08f-b04dc53667c1.c000.snappy.parquet	4527	A8E461FE1A660471C63ABBA90AC5217398D9E579DCB7F7AE0D67BB5537A582CF
dw_ods.db	ods_behavior_event	dt=20260927	spark-warehouse\dw_ods.db\ods_behavior_event\dt=20260927\hour=17\part-00000-3b4cef8b-9e5a-47b6-a08f-b04dc53667c1.c000.snappy.parquet	4499	731163899438CF0B63847CA6C0CDA2E1B753F8938047B7E932FDA933BB7BD2A9
dw_ods.db	ods_behavior_event	dt=20260927	spark-warehouse\dw_ods.db\ods_behavior_event\dt=20260927\hour=20\part-00000-3b4cef8b-9e5a-47b6-a08f-b04dc53667c1.c000.snappy.parquet	4521	890B391D6574D590060DCA84D3D641E9F22B4F49C82C3238D5C3C8ACD36AEDF0
dw_ods.db	ods_behavior_event	dt=20260927	spark-warehouse\dw_ods.db\ods_behavior_event\dt=20260927\hour=21\part-00000-3b4cef8b-9e5a-47b6-a08f-b04dc53667c1.c000.snappy.parquet	4493	D598146B28395ED23011DA9BAE73CD3A73099492537AA7D672DCCB3491EBD680
dw_ods.db	ods_behavior_event	dt=20260927	spark-warehouse\dw_ods.db\ods_behavior_event\dt=20260927\hour=22\part-00000-3b4cef8b-9e5a-47b6-a08f-b04dc53667c1.c000.snappy.parquet	4500	7D6693013B13D7AEE3471D1E55770F1BE80819FD70167B3332EF33D11FB647F1
dw_ods.db	ods_behavior_event	dt=20260927	spark-warehouse\dw_ods.db\ods_behavior_event\dt=20260927\hour=23\part-00000-3b4cef8b-9e5a-47b6-a08f-b04dc53667c1.c000.snappy.parquet	4521	8024A21523518CCE3DFF2F660ABCB451678CE01360D97B8970CCB1D7C9744C05
dw_ods.db	ods_behavior_event	dt=20260928	spark-warehouse\dw_ods.db\ods_behavior_event\dt=20260928\hour=00\part-00000-3b4cef8b-9e5a-47b6-a08f-b04dc53667c1.c000.snappy.parquet	4493	A34774D4597468CA0A58CCF024940B4F896D48F9D9A5768366A9481C29E24C67
dw_ods.db	ods_behavior_event	dt=20260928	spark-warehouse\dw_ods.db\ods_behavior_event\dt=20260928\hour=02\part-00000-3b4cef8b-9e5a-47b6-a08f-b04dc53667c1.c000.snappy.parquet	4493	7686B1CD8C47CD22432543BDFDFB8FEDF0C28C846F35BF01A70550711EE37AF1
dw_ods.db	ods_behavior_event	dt=20260928	spark-warehouse\dw_ods.db\ods_behavior_event\dt=20260928\hour=04\part-00000-3b4cef8b-9e5a-47b6-a08f-b04dc53667c1.c000.snappy.parquet	4493	1ECC7EE22379C2EA3AAE1507E409077BA4CEC16A7C8FC7543B2D6B35A4A5A03A
dw_ods.db	ods_behavior_event	dt=20260928	spark-warehouse\dw_ods.db\ods_behavior_event\dt=20260928\hour=06\part-00000-3b4cef8b-9e5a-47b6-a08f-b04dc53667c1.c000.snappy.parquet	4527	1ACFA30547BAEDF6E7805B5ED6048704CF6FBE189DBDD06DA7A9C90B4C99A370
dw_ods.db	ods_behavior_event	dt=20260928	spark-warehouse\dw_ods.db\ods_behavior_event\dt=20260928\hour=08\part-00000-3b4cef8b-9e5a-47b6-a08f-b04dc53667c1.c000.snappy.parquet	4493	4EFFDD9134157810BCF1792100EEB9D88CBC299E5D5F2F0CB6D52B2797094B7D
dw_ods.db	ods_behavior_event	dt=20260928	spark-warehouse\dw_ods.db\ods_behavior_event\dt=20260928\hour=13\part-00000-3b4cef8b-9e5a-47b6-a08f-b04dc53667c1.c000.snappy.parquet	4489	3AB05E8DF3ABD5F4FF07210574A62B8EF6867562D102E065563D92EC3246D1BB
dw_ods.db	ods_behavior_event	dt=20260928	spark-warehouse\dw_ods.db\ods_behavior_event\dt=20260928\hour=14\part-00000-3b4cef8b-9e5a-47b6-a08f-b04dc53667c1.c000.snappy.parquet	4493	5B6DA9430DB5B2D3651C497AFF80532865C4A987B630FA208F3B9ADE091935EE
dw_ods.db	ods_behavior_event	dt=20260928	spark-warehouse\dw_ods.db\ods_behavior_event\dt=20260928\hour=16\part-00000-3b4cef8b-9e5a-47b6-a08f-b04dc53667c1.c000.snappy.parquet	4500	1D0C7A9608805E581E112F2E4878D03B89A4CE9F6949FA0CFE29527631BA39ED
dw_ods.db	ods_behavior_event	dt=20260928	spark-warehouse\dw_ods.db\ods_behavior_event\dt=20260928\hour=17\part-00000-3b4cef8b-9e5a-47b6-a08f-b04dc53667c1.c000.snappy.parquet	4584	2A0C086F97EAE57E2F73D1BADD46D591679D220EE023B843E9B1AC712F1DCDB7
dw_ods.db	ods_behavior_event	dt=20260928	spark-warehouse\dw_ods.db\ods_behavior_event\dt=20260928\hour=18\part-00000-3b4cef8b-9e5a-47b6-a08f-b04dc53667c1.c000.snappy.parquet	4527	97FEB3493E8AB90448B6C729B7101F9E909535065BECD19BEFCB9BAA24EC64F4
dw_ods.db	ods_behavior_event	dt=20260928	spark-warehouse\dw_ods.db\ods_behavior_event\dt=20260928\hour=20\part-00000-3b4cef8b-9e5a-47b6-a08f-b04dc53667c1.c000.snappy.parquet	4568	32CC6CE5E187917AB593BE4898F52BFE17086D72B6C2594E82690EE635CD6183
dw_ods.db	ods_behavior_event	dt=20260928	spark-warehouse\dw_ods.db\ods_behavior_event\dt=20260928\hour=21\part-00000-3b4cef8b-9e5a-47b6-a08f-b04dc53667c1.c000.snappy.parquet	4507	544BDD19E4C98CCB5575679BAD6996F1D1F4783E613DAB9CE0CA64FD0CDB795B
dw_ods.db	ods_behavior_event	dt=20260928	spark-warehouse\dw_ods.db\ods_behavior_event\dt=20260928\hour=23\part-00000-3b4cef8b-9e5a-47b6-a08f-b04dc53667c1.c000.snappy.parquet	4504	7627CAC21A63CD003A0BC9FC5745975D4E9D7866BA82092F660123FF19E37986
dw_ods.db	ods_behavior_event	dt=20260929	spark-warehouse\dw_ods.db\ods_behavior_event\dt=20260929\hour=01\part-00000-3b4cef8b-9e5a-47b6-a08f-b04dc53667c1.c000.snappy.parquet	4514	C70B5E701779A659525695DE1D20087D80043E60D08259FC8CAFF25A7F9814E2
dw_ods.db	ods_behavior_event	dt=20260929	spark-warehouse\dw_ods.db\ods_behavior_event\dt=20260929\hour=04\part-00000-3b4cef8b-9e5a-47b6-a08f-b04dc53667c1.c000.snappy.parquet	4500	E8FDD629486B6F5218EA5271E2F8413F0D992250C38BF3254A7DD167C17C39B6
dw_ods.db	ods_behavior_event	dt=20260929	spark-warehouse\dw_ods.db\ods_behavior_event\dt=20260929\hour=07\part-00000-3b4cef8b-9e5a-47b6-a08f-b04dc53667c1.c000.snappy.parquet	4519	36E1139ECC8D048B3DF59F4B49C09FE5BF58C08C89DCCCAFFE23CCB214CBA641
dw_ods.db	ods_behavior_event	dt=20260929	spark-warehouse\dw_ods.db\ods_behavior_event\dt=20260929\hour=09\part-00000-3b4cef8b-9e5a-47b6-a08f-b04dc53667c1.c000.snappy.parquet	4527	100988D004C43B7DCDA2A9BEE8129E42EA6C7447AC799BE443097662110B29C6
dw_ods.db	ods_behavior_event	dt=20260929	spark-warehouse\dw_ods.db\ods_behavior_event\dt=20260929\hour=12\part-00000-3b4cef8b-9e5a-47b6-a08f-b04dc53667c1.c000.snappy.parquet	4546	E357F31D6CB41E2A9E29C605D18E64E8C336952FBD037280A0801DFCB915D6C8
dw_ods.db	ods_behavior_event	dt=20260929	spark-warehouse\dw_ods.db\ods_behavior_event\dt=20260929\hour=15\part-00000-3b4cef8b-9e5a-47b6-a08f-b04dc53667c1.c000.snappy.parquet	4544	64ED49AFCF3AB24EADFB0947C25E674B73B8836CCB184039089DDBD2B6D0843F
dw_ods.db	ods_behavior_event	dt=20260929	spark-warehouse\dw_ods.db\ods_behavior_event\dt=20260929\hour=16\part-00000-3b4cef8b-9e5a-47b6-a08f-b04dc53667c1.c000.snappy.parquet	4499	0A7F001AED43C4075BDAD1B39832899696E8441ED36F5F96CE68BA62945B6E3F
dw_ods.db	ods_behavior_event	dt=20260929	spark-warehouse\dw_ods.db\ods_behavior_event\dt=20260929\hour=17\part-00000-3b4cef8b-9e5a-47b6-a08f-b04dc53667c1.c000.snappy.parquet	4505	97AFBC96C8043B961DDD1184941BC660D36FA9CEE2AB656C4EFC05B12927CD14
dw_ods.db	ods_behavior_event	dt=20260929	spark-warehouse\dw_ods.db\ods_behavior_event\dt=20260929\hour=18\part-00000-3b4cef8b-9e5a-47b6-a08f-b04dc53667c1.c000.snappy.parquet	4493	39B75E851FC86DC3218A0B5852BC6F00C697FB46D5CF04975DE6814228CA5325
dw_ods.db	ods_behavior_event	dt=20260929	spark-warehouse\dw_ods.db\ods_behavior_event\dt=20260929\hour=20\part-00000-3b4cef8b-9e5a-47b6-a08f-b04dc53667c1.c000.snappy.parquet	4500	F3869684ADD6B847434F01B5268DB667137EF3DCE04EA036A00E32EB59D2FAEB
dw_ods.db	ods_behavior_event	dt=20260929	spark-warehouse\dw_ods.db\ods_behavior_event\dt=20260929\hour=22\part-00000-3b4cef8b-9e5a-47b6-a08f-b04dc53667c1.c000.snappy.parquet	4527	C1EBAE11181A2FA4A784FED883E442FE1C503920F55B9BEF3289ADE175FF0C20
dw_ods.db	ods_behavior_event	dt=20260930	spark-warehouse\dw_ods.db\ods_behavior_event\dt=20260930\hour=00\part-00000-3b4cef8b-9e5a-47b6-a08f-b04dc53667c1.c000.snappy.parquet	4500	332EEEB05B419EB01EE0ACE69E9BA41018DC2B4B58E5B285D9324C516FCAD275
dw_ods.db	ods_behavior_event	dt=20260930	spark-warehouse\dw_ods.db\ods_behavior_event\dt=20260930\hour=03\part-00000-3b4cef8b-9e5a-47b6-a08f-b04dc53667c1.c000.snappy.parquet	4528	82007C1272A15D6CD33BF4A719464F7238745E5BCB45F9523BC4EB5DEECF21B9
dw_ods.db	ods_behavior_event	dt=20260930	spark-warehouse\dw_ods.db\ods_behavior_event\dt=20260930\hour=05\part-00000-3b4cef8b-9e5a-47b6-a08f-b04dc53667c1.c000.snappy.parquet	4500	C50F1647DD27167DA0A4E2DC9FE1B0A8AAA1FE939300B985335520005465FB01
dw_ods.db	ods_behavior_event	dt=20260930	spark-warehouse\dw_ods.db\ods_behavior_event\dt=20260930\hour=06\part-00000-3b4cef8b-9e5a-47b6-a08f-b04dc53667c1.c000.snappy.parquet	4493	5D34C2CB4BC3572C45C7EDF0EB8945ECD23C8C56FAA6137D532C074E682AC45E
dw_ods.db	ods_behavior_event	dt=20260930	spark-warehouse\dw_ods.db\ods_behavior_event\dt=20260930\hour=08\part-00000-3b4cef8b-9e5a-47b6-a08f-b04dc53667c1.c000.snappy.parquet	4500	B093AE8C3CFA1257387E9A3F1CBA453052C63398BB850D944ED2165DC128B63E
dw_ods.db	ods_behavior_event	dt=20260930	spark-warehouse\dw_ods.db\ods_behavior_event\dt=20260930\hour=09\part-00000-3b4cef8b-9e5a-47b6-a08f-b04dc53667c1.c000.snappy.parquet	4514	EAC8C0A53A5944C0813FEABBB0EBBDE3F68C69F73B05BEFE1938DA75417A9AE5
dw_ods.db	ods_behavior_event	dt=20260930	spark-warehouse\dw_ods.db\ods_behavior_event\dt=20260930\hour=11\part-00000-3b4cef8b-9e5a-47b6-a08f-b04dc53667c1.c000.snappy.parquet	4528	E6A6A792575A4A805A7C61A0A4F5B0C81C6978A0B67717ED7052B32A97CAE84A
dw_ods.db	ods_behavior_event	dt=20260930	spark-warehouse\dw_ods.db\ods_behavior_event\dt=20260930\hour=16\part-00000-3b4cef8b-9e5a-47b6-a08f-b04dc53667c1.c000.snappy.parquet	4528	93786B614445C590EF2E1A05A4A6CB8FEC0F810B96CF0C37CC7E2E7A626E1840
dw_ods.db	ods_behavior_event	dt=20260930	spark-warehouse\dw_ods.db\ods_behavior_event\dt=20260930\hour=19\part-00000-3b4cef8b-9e5a-47b6-a08f-b04dc53667c1.c000.snappy.parquet	4500	ABECB8B932AA62B8948FC1591920873048ECE5007EAE2E64F6D84FF969A1D42E
dw_ods.db	ods_product_event	dt=20260901	spark-warehouse\dw_ods.db\ods_product_event\dt=20260901\hour=02\part-00000-4f4e12af-f8db-4dbe-9ca0-a7e26a7a1793.c000.snappy.parquet	5570	D46CBABDAAC5205009D494498221E5042EDC31C624C1CC59812939A98DF7AE5B
dw_ods.db	ods_product_event	dt=20260901	spark-warehouse\dw_ods.db\ods_product_event\dt=20260901\hour=09\part-00000-4f4e12af-f8db-4dbe-9ca0-a7e26a7a1793.c000.snappy.parquet	5570	7922571F3B44729E61D754C3D1EB286BA3D2C29E4BEB514B6A52F0C8C592BC91
dw_ods.db	ods_product_event	dt=20260901	spark-warehouse\dw_ods.db\ods_product_event\dt=20260901\hour=10\part-00000-4f4e12af-f8db-4dbe-9ca0-a7e26a7a1793.c000.snappy.parquet	5570	2A4558EBD25AB6513365597CFB793CACE1D8B2850092F57BEA535504256B165D
dw_ods.db	ods_product_event	dt=20260901	spark-warehouse\dw_ods.db\ods_product_event\dt=20260901\hour=14\part-00000-4f4e12af-f8db-4dbe-9ca0-a7e26a7a1793.c000.snappy.parquet	5570	2452EB6EEEF4BC588D3BDCA7889FB170EE71E0B74500DA15792C30A387C1A3C8
dw_ods.db	ods_product_event	dt=20260901	spark-warehouse\dw_ods.db\ods_product_event\dt=20260901\hour=15\part-00000-4f4e12af-f8db-4dbe-9ca0-a7e26a7a1793.c000.snappy.parquet	5605	45786927C16EA7D8602D534F493178DFB27EC316188D75ABD04CC7ECCD368DD6
dw_ods.db	ods_product_event	dt=20260901	spark-warehouse\dw_ods.db\ods_product_event\dt=20260901\hour=19\part-00000-4f4e12af-f8db-4dbe-9ca0-a7e26a7a1793.c000.snappy.parquet	5570	509EDF8644B15956F0A7BA9286FD50E528B73CC0DF0EF2B03C3E738A945C51DA
dw_ods.db	ods_product_event	dt=20260901	spark-warehouse\dw_ods.db\ods_product_event\dt=20260901\hour=21\part-00000-4f4e12af-f8db-4dbe-9ca0-a7e26a7a1793.c000.snappy.parquet	5570	7FFA4A0898B7F4638C8354562606780AC677E1333EFCAAFA776E3B7D467B4075
dw_ods.db	ods_product_event	dt=20260901	spark-warehouse\dw_ods.db\ods_product_event\dt=20260901\hour=22\part-00000-4f4e12af-f8db-4dbe-9ca0-a7e26a7a1793.c000.snappy.parquet	5604	7A1E32AB5C4D94F30AF4C90613C07BA993351F7B067F0BE0AA207627CB01F507
dw_ods.db	ods_product_event	dt=20260902	spark-warehouse\dw_ods.db\ods_product_event\dt=20260902\hour=01\part-00000-4f4e12af-f8db-4dbe-9ca0-a7e26a7a1793.c000.snappy.parquet	5570	E5ECA7B31B7CD0903894305CAD59824990288C1A86FE9EE7B7A1FBD829F545A4
dw_ods.db	ods_product_event	dt=20260902	spark-warehouse\dw_ods.db\ods_product_event\dt=20260902\hour=02\part-00000-4f4e12af-f8db-4dbe-9ca0-a7e26a7a1793.c000.snappy.parquet	5570	E99B8C82B307E9FAD1876BB748BBFCAEBA8C1BDD73B7F1070F8E6AC07B60C49E
dw_ods.db	ods_product_event	dt=20260902	spark-warehouse\dw_ods.db\ods_product_event\dt=20260902\hour=09\part-00000-4f4e12af-f8db-4dbe-9ca0-a7e26a7a1793.c000.snappy.parquet	5570	FE1A81A08D379615D566E7298F022036B64809CDD6FD87522C1AE4387987C66C
dw_ods.db	ods_product_event	dt=20260902	spark-warehouse\dw_ods.db\ods_product_event\dt=20260902\hour=12\part-00000-4f4e12af-f8db-4dbe-9ca0-a7e26a7a1793.c000.snappy.parquet	5570	5863FC57B40338FADD7E8B28ECB426C0E0F57B0D4212E91B1152F15A421031F0
dw_ods.db	ods_product_event	dt=20260902	spark-warehouse\dw_ods.db\ods_product_event\dt=20260902\hour=13\part-00000-4f4e12af-f8db-4dbe-9ca0-a7e26a7a1793.c000.snappy.parquet	5570	CCD08F7E13457495F0A5204CD9A2D1F4B0A33084D3CA93207A0CB45697248449
dw_ods.db	ods_product_event	dt=20260902	spark-warehouse\dw_ods.db\ods_product_event\dt=20260902\hour=15\part-00000-4f4e12af-f8db-4dbe-9ca0-a7e26a7a1793.c000.snappy.parquet	5567	2D36CE788CB7C7049B8F3921B34FD83270893B3D3228E68E5D71B73FF97FECBD
dw_ods.db	ods_product_event	dt=20260902	spark-warehouse\dw_ods.db\ods_product_event\dt=20260902\hour=18\part-00000-4f4e12af-f8db-4dbe-9ca0-a7e26a7a1793.c000.snappy.parquet	5570	97FC8B25DA214A8015E3760C96691C241A86D725730DD1BFA93C341D56B5B305
dw_ods.db	ods_product_event	dt=20260902	spark-warehouse\dw_ods.db\ods_product_event\dt=20260902\hour=21\part-00000-4f4e12af-f8db-4dbe-9ca0-a7e26a7a1793.c000.snappy.parquet	5570	2174A6F2B387ED1F75E174454672A097B3E7FCCC20FA939DF6EAEC0EBC4CA878
dw_ods.db	ods_product_event	dt=20260902	spark-warehouse\dw_ods.db\ods_product_event\dt=20260902\hour=23\part-00000-4f4e12af-f8db-4dbe-9ca0-a7e26a7a1793.c000.snappy.parquet	5570	555F06A5B3465EB5F6A938658825619F21AFB7F5386E26EE2667C344DB0C4DE7
dw_ods.db	ods_product_event	dt=20260903	spark-warehouse\dw_ods.db\ods_product_event\dt=20260903\hour=01\part-00000-4f4e12af-f8db-4dbe-9ca0-a7e26a7a1793.c000.snappy.parquet	5570	FFF62CA9B08756DF7093795F406021504A7BF679D561D04683D86231D25620EB
dw_ods.db	ods_product_event	dt=20260903	spark-warehouse\dw_ods.db\ods_product_event\dt=20260903\hour=10\part-00000-4f4e12af-f8db-4dbe-9ca0-a7e26a7a1793.c000.snappy.parquet	5695	C0A7C6F6E61A313D62C6A78862C0DD15F2C2A67BA3FF24C2C39372CCA7105B4A
dw_ods.db	ods_product_event	dt=20260903	spark-warehouse\dw_ods.db\ods_product_event\dt=20260903\hour=15\part-00000-4f4e12af-f8db-4dbe-9ca0-a7e26a7a1793.c000.snappy.parquet	5570	5656B058DE2D87A7BF9D4839EA597096EC73E7810245334523378A65285D3392
dw_ods.db	ods_product_event	dt=20260903	spark-warehouse\dw_ods.db\ods_product_event\dt=20260903\hour=21\part-00000-4f4e12af-f8db-4dbe-9ca0-a7e26a7a1793.c000.snappy.parquet	5584	C31FC0410E18123BB6AA965FC63F21BF479DDA2EEB172D9233D340E12546D23F
dw_ods.db	ods_product_event	dt=20260904	spark-warehouse\dw_ods.db\ods_product_event\dt=20260904\hour=05\part-00000-4f4e12af-f8db-4dbe-9ca0-a7e26a7a1793.c000.snappy.parquet	5570	FB640412905C04B377DF3C667853241DF6FA2680FD066CE0ABEECD04F23697E4
dw_ods.db	ods_product_event	dt=20260904	spark-warehouse\dw_ods.db\ods_product_event\dt=20260904\hour=06\part-00000-4f4e12af-f8db-4dbe-9ca0-a7e26a7a1793.c000.snappy.parquet	5570	BB184F67DF2A7A0D25005D404423EA7749CD18D1E2531FBAFCEA5D919A2F7347
dw_ods.db	ods_product_event	dt=20260904	spark-warehouse\dw_ods.db\ods_product_event\dt=20260904\hour=11\part-00000-4f4e12af-f8db-4dbe-9ca0-a7e26a7a1793.c000.snappy.parquet	5570	13A4F83CE46479B7FD06053458AB6BA3467130B576FF6DC5C838261899648AED
dw_ods.db	ods_product_event	dt=20260904	spark-warehouse\dw_ods.db\ods_product_event\dt=20260904\hour=14\part-00000-4f4e12af-f8db-4dbe-9ca0-a7e26a7a1793.c000.snappy.parquet	5545	E6CB88353C9A164BF338D6A618E60DC0762FF441AF93D18A75DEC24B10470754
dw_ods.db	ods_product_event	dt=20260904	spark-warehouse\dw_ods.db\ods_product_event\dt=20260904\hour=22\part-00000-4f4e12af-f8db-4dbe-9ca0-a7e26a7a1793.c000.snappy.parquet	5570	434DB2A81A9F6D2F65C267BEC7FD861A0DF2DC6FCD5BB35925B0097AA193DF93
dw_ods.db	ods_product_event	dt=20260905	spark-warehouse\dw_ods.db\ods_product_event\dt=20260905\hour=03\part-00000-4f4e12af-f8db-4dbe-9ca0-a7e26a7a1793.c000.snappy.parquet	5570	96C0F06FBF29F7B2B133D16BB9D758324E2B49C01EC794D4403166CFC87BD5DC
dw_ods.db	ods_product_event	dt=20260905	spark-warehouse\dw_ods.db\ods_product_event\dt=20260905\hour=08\part-00000-4f4e12af-f8db-4dbe-9ca0-a7e26a7a1793.c000.snappy.parquet	5548	EF9346142E46730EADFAB0CC0F4968EE181E9BF4623C8F4E6B4BA87AA4BE2A97
dw_ods.db	ods_product_event	dt=20260905	spark-warehouse\dw_ods.db\ods_product_event\dt=20260905\hour=10\part-00000-4f4e12af-f8db-4dbe-9ca0-a7e26a7a1793.c000.snappy.parquet	5569	0FF54A493C2133FEB6238142AE0B11B671E137D1D3D70AB8F0C0A7519FB0E594
dw_ods.db	ods_product_event	dt=20260905	spark-warehouse\dw_ods.db\ods_product_event\dt=20260905\hour=12\part-00000-4f4e12af-f8db-4dbe-9ca0-a7e26a7a1793.c000.snappy.parquet	5570	FFF965A2D49166324EEBDE5C9FA72F5D2F8CE7CBD0818C4E5B6B7DB8BFD3E588
dw_ods.db	ods_product_event	dt=20260905	spark-warehouse\dw_ods.db\ods_product_event\dt=20260905\hour=14\part-00000-4f4e12af-f8db-4dbe-9ca0-a7e26a7a1793.c000.snappy.parquet	5570	741611857EABB48C1C6634815C551A0382A8AB551588D1DD2B65662BA07A95B4
dw_ods.db	ods_product_event	dt=20260905	spark-warehouse\dw_ods.db\ods_product_event\dt=20260905\hour=21\part-00000-4f4e12af-f8db-4dbe-9ca0-a7e26a7a1793.c000.snappy.parquet	5568	C7567596B2958A10676CBB081440545AB61350FDBAE659CA17BC694307A21CAD
dw_ods.db	ods_product_event	dt=20260905	spark-warehouse\dw_ods.db\ods_product_event\dt=20260905\hour=22\part-00000-4f4e12af-f8db-4dbe-9ca0-a7e26a7a1793.c000.snappy.parquet	5546	6FEE615B52AACACD4A591560D9554F1A32BD30753E2C543C6AB62AE0C1B33ADD
dw_ods.db	ods_product_event	dt=20260906	spark-warehouse\dw_ods.db\ods_product_event\dt=20260906\hour=06\part-00000-4f4e12af-f8db-4dbe-9ca0-a7e26a7a1793.c000.snappy.parquet	5570	23F7452A906904121DB14BC62DF55008070464BC882A55F91D3743A930CE206F
dw_ods.db	ods_product_event	dt=20260906	spark-warehouse\dw_ods.db\ods_product_event\dt=20260906\hour=10\part-00000-4f4e12af-f8db-4dbe-9ca0-a7e26a7a1793.c000.snappy.parquet	5569	CFEBDCB2319EE65917B7EF40CF9FAD674FB5111CECD36136DA5AB4D5AA214605
dw_ods.db	ods_product_event	dt=20260906	spark-warehouse\dw_ods.db\ods_product_event\dt=20260906\hour=11\part-00000-4f4e12af-f8db-4dbe-9ca0-a7e26a7a1793.c000.snappy.parquet	5570	F8046871F955000D1CD3B5CAE2A76059086E331F326F903A483F5D95361EBE66
dw_ods.db	ods_product_event	dt=20260906	spark-warehouse\dw_ods.db\ods_product_event\dt=20260906\hour=17\part-00000-4f4e12af-f8db-4dbe-9ca0-a7e26a7a1793.c000.snappy.parquet	5942	FEC20CD96A15958D682EA59D1F32E36BEEE47601E52ECF3B05B5B8107B9B01AD
dw_ods.db	ods_product_event	dt=20260906	spark-warehouse\dw_ods.db\ods_product_event\dt=20260906\hour=18\part-00000-4f4e12af-f8db-4dbe-9ca0-a7e26a7a1793.c000.snappy.parquet	5942	AD03043687903D70D937E4F57CF58BB853D5AA3BC66AE3C75133887A5F8E6C7E
dw_ods.db	ods_product_event	dt=20260906	spark-warehouse\dw_ods.db\ods_product_event\dt=20260906\hour=20\part-00000-4f4e12af-f8db-4dbe-9ca0-a7e26a7a1793.c000.snappy.parquet	5570	569B25A603D7E7B044413F5C9FBCFE6EEB24094512A65779EA710C43D70F8004
dw_ods.db	ods_product_event	dt=20260906	spark-warehouse\dw_ods.db\ods_product_event\dt=20260906\hour=21\part-00000-4f4e12af-f8db-4dbe-9ca0-a7e26a7a1793.c000.snappy.parquet	5570	82B025F6D3C187FB2BBDD3BF5F938A37F96D97075FA273E11443E4A6265373BC
dw_ods.db	ods_product_event	dt=20260907	spark-warehouse\dw_ods.db\ods_product_event\dt=20260907\hour=08\part-00000-4f4e12af-f8db-4dbe-9ca0-a7e26a7a1793.c000.snappy.parquet	5570	6921315664D8FDCB0EEA3A823E1AE7BB8A54D1AE12F72923C3F312CDB6CC5DDD
dw_ods.db	ods_product_event	dt=20260907	spark-warehouse\dw_ods.db\ods_product_event\dt=20260907\hour=09\part-00000-4f4e12af-f8db-4dbe-9ca0-a7e26a7a1793.c000.snappy.parquet	5605	B95856EB250A09C0B0F9F9A1F79A5D4392F91F31AF5AB10FD46AC88541901CC2
dw_ods.db	ods_product_event	dt=20260907	spark-warehouse\dw_ods.db\ods_product_event\dt=20260907\hour=13\part-00000-4f4e12af-f8db-4dbe-9ca0-a7e26a7a1793.c000.snappy.parquet	5570	FAAB6819935FADF6A82B106DDB203E2E95F3B1F2E6D1AAED99E1C0940A23D11C
dw_ods.db	ods_product_event	dt=20260907	spark-warehouse\dw_ods.db\ods_product_event\dt=20260907\hour=17\part-00000-4f4e12af-f8db-4dbe-9ca0-a7e26a7a1793.c000.snappy.parquet	5570	6E722B575DA951956C0CD5A6B77DB885281E98DE09DE267629311B9999B3021A
dw_ods.db	ods_product_event	dt=20260907	spark-warehouse\dw_ods.db\ods_product_event\dt=20260907\hour=18\part-00000-4f4e12af-f8db-4dbe-9ca0-a7e26a7a1793.c000.snappy.parquet	5570	C760D6AF9A81633E9CD85686F127CAA1161B3BBE2A4EDF1381A58407FBE22B9C
dw_ods.db	ods_product_event	dt=20260907	spark-warehouse\dw_ods.db\ods_product_event\dt=20260907\hour=20\part-00000-4f4e12af-f8db-4dbe-9ca0-a7e26a7a1793.c000.snappy.parquet	5570	1826568FF7DC2961F00F3B700E64ABCA1D3A6CC71A411ECB0F2B9DE92EF31976
dw_ods.db	ods_product_event	dt=20260907	spark-warehouse\dw_ods.db\ods_product_event\dt=20260907\hour=21\part-00000-4f4e12af-f8db-4dbe-9ca0-a7e26a7a1793.c000.snappy.parquet	5570	C0D81FA510D9FDE9754697AD9879B23A7C9DDBAE0FE661B222F7CBDBED5A4618
dw_ods.db	ods_product_event	dt=20260908	spark-warehouse\dw_ods.db\ods_product_event\dt=20260908\hour=09\part-00000-4f4e12af-f8db-4dbe-9ca0-a7e26a7a1793.c000.snappy.parquet	5570	E87B4362EE5DF92DE51E9E9E158DFC18114F489B0B8C3A5058B1EB95E1B90179
dw_ods.db	ods_product_event	dt=20260908	spark-warehouse\dw_ods.db\ods_product_event\dt=20260908\hour=16\part-00000-4f4e12af-f8db-4dbe-9ca0-a7e26a7a1793.c000.snappy.parquet	5941	801F5DCEDD5F0D5D818FDFA7E3E9897A3FECF8A7AB14B5899192D0220F91974A
dw_ods.db	ods_product_event	dt=20260908	spark-warehouse\dw_ods.db\ods_product_event\dt=20260908\hour=18\part-00000-4f4e12af-f8db-4dbe-9ca0-a7e26a7a1793.c000.snappy.parquet	5940	69027954254F49A536CF1998BC29E96ACFD839FE7CAE0CA092E17E9127932285
dw_ods.db	ods_product_event	dt=20260908	spark-warehouse\dw_ods.db\ods_product_event\dt=20260908\hour=19\part-00000-4f4e12af-f8db-4dbe-9ca0-a7e26a7a1793.c000.snappy.parquet	5568	4391C7FEC63F351E7737726E66FA6A8B1DF64739F094EB820E3BD7CC8E4E6BE7
dw_ods.db	ods_product_event	dt=20260908	spark-warehouse\dw_ods.db\ods_product_event\dt=20260908\hour=22\part-00000-4f4e12af-f8db-4dbe-9ca0-a7e26a7a1793.c000.snappy.parquet	5569	DC438201BA6E44D5C5922E058CCDDEA675F760E43BC80766A106057B39E60BD4
dw_ods.db	ods_product_event	dt=20260908	spark-warehouse\dw_ods.db\ods_product_event\dt=20260908\hour=23\part-00000-4f4e12af-f8db-4dbe-9ca0-a7e26a7a1793.c000.snappy.parquet	5942	7FB0BEBBF99486036EAD9F2445BAE55ED0B448CD1217850FF29C9112F866E605
dw_ods.db	ods_product_event	dt=20260909	spark-warehouse\dw_ods.db\ods_product_event\dt=20260909\hour=00\part-00000-4f4e12af-f8db-4dbe-9ca0-a7e26a7a1793.c000.snappy.parquet	5570	9168700A0B306902A1BEBF70EC39326913D126263783948721CE53D877936F33
dw_ods.db	ods_product_event	dt=20260909	spark-warehouse\dw_ods.db\ods_product_event\dt=20260909\hour=01\part-00000-4f4e12af-f8db-4dbe-9ca0-a7e26a7a1793.c000.snappy.parquet	5942	B84A3055A8BEACC71EFBE1F0CB6DF94247F1C273ECE5A4BE449D6DD6F71FA7E4
dw_ods.db	ods_product_event	dt=20260909	spark-warehouse\dw_ods.db\ods_product_event\dt=20260909\hour=03\part-00000-4f4e12af-f8db-4dbe-9ca0-a7e26a7a1793.c000.snappy.parquet	5941	5BBB363C4007E55A1FDC7B3BAB902C1774C2460B7ACF1B934B412F98E0E965BF
dw_ods.db	ods_product_event	dt=20260909	spark-warehouse\dw_ods.db\ods_product_event\dt=20260909\hour=05\part-00000-4f4e12af-f8db-4dbe-9ca0-a7e26a7a1793.c000.snappy.parquet	5940	28058F2B08D5BEFEF83EAE5EB4D33EF0305317718ECC651D51BEEB1075B93827
dw_ods.db	ods_product_event	dt=20260909	spark-warehouse\dw_ods.db\ods_product_event\dt=20260909\hour=08\part-00000-4f4e12af-f8db-4dbe-9ca0-a7e26a7a1793.c000.snappy.parquet	5924	43DB5CD509DE98C4FC69623273FC80D44F93EA0143363406CC2F8CCED0335E56
dw_ods.db	ods_product_event	dt=20260909	spark-warehouse\dw_ods.db\ods_product_event\dt=20260909\hour=09\part-00000-4f4e12af-f8db-4dbe-9ca0-a7e26a7a1793.c000.snappy.parquet	5570	C4900EC54B74EECC42C9F7AFF7B2DD4D380BE9BF6263140F1D6C138115055872
dw_ods.db	ods_product_event	dt=20260909	spark-warehouse\dw_ods.db\ods_product_event\dt=20260909\hour=10\part-00000-4f4e12af-f8db-4dbe-9ca0-a7e26a7a1793.c000.snappy.parquet	5942	B8A3FE0E1628DE0F86851869380A9F62E1A3D8A44FC46863853D0ABC8658E557
dw_ods.db	ods_product_event	dt=20260909	spark-warehouse\dw_ods.db\ods_product_event\dt=20260909\hour=13\part-00000-4f4e12af-f8db-4dbe-9ca0-a7e26a7a1793.c000.snappy.parquet	5942	9836F67724B53C63519AA237034F8D6CDEADBCF4DCF8AE8016E0F06A540A4B2D
dw_ods.db	ods_product_event	dt=20260909	spark-warehouse\dw_ods.db\ods_product_event\dt=20260909\hour=14\part-00000-4f4e12af-f8db-4dbe-9ca0-a7e26a7a1793.c000.snappy.parquet	5922	D95FD04921A448ACB90BE5ACE26F990DF88DD0E4E38DC144B42521A635995B7A
dw_ods.db	ods_product_event	dt=20260909	spark-warehouse\dw_ods.db\ods_product_event\dt=20260909\hour=16\part-00000-4f4e12af-f8db-4dbe-9ca0-a7e26a7a1793.c000.snappy.parquet	5924	B88ACF4D824DAF74BB6D19B46E570BAE1281D4199A068AF5819FEED0863E34EF
dw_ods.db	ods_product_event	dt=20260909	spark-warehouse\dw_ods.db\ods_product_event\dt=20260909\hour=19\part-00000-4f4e12af-f8db-4dbe-9ca0-a7e26a7a1793.c000.snappy.parquet	5923	0EE8832054EBA4ED8772764FF30E6D4FC40DA4BADC75EB0650AC1F12AF6EF2DA
dw_ods.db	ods_product_event	dt=20260909	spark-warehouse\dw_ods.db\ods_product_event\dt=20260909\hour=21\part-00000-4f4e12af-f8db-4dbe-9ca0-a7e26a7a1793.c000.snappy.parquet	5942	D0F20826A87559298A390E42BD048F8F5CBFBED06F68B6D1CCB1A0BA8D14FD5E
dw_ods.db	ods_product_event	dt=20260909	spark-warehouse\dw_ods.db\ods_product_event\dt=20260909\hour=23\part-00000-4f4e12af-f8db-4dbe-9ca0-a7e26a7a1793.c000.snappy.parquet	5942	678FBC2451915F672DB26F234EACB2DF5712C21752D61AC1544A2CEB4681D36B
dw_ods.db	ods_product_event	dt=20260910	spark-warehouse\dw_ods.db\ods_product_event\dt=20260910\hour=00\part-00000-4f4e12af-f8db-4dbe-9ca0-a7e26a7a1793.c000.snappy.parquet	5570	1E632729E65A26E107EF95CDFFF379EA8062B53D1895990E90A10B4D021FC3D6
dw_ods.db	ods_product_event	dt=20260910	spark-warehouse\dw_ods.db\ods_product_event\dt=20260910\hour=01\part-00000-4f4e12af-f8db-4dbe-9ca0-a7e26a7a1793.c000.snappy.parquet	5941	0CD0E4E5C788D23315B67CF1A1D844DE8F5933496AAFE95BA680D808F20AFA54
dw_ods.db	ods_product_event	dt=20260910	spark-warehouse\dw_ods.db\ods_product_event\dt=20260910\hour=03\part-00000-4f4e12af-f8db-4dbe-9ca0-a7e26a7a1793.c000.snappy.parquet	5942	C41D60BE077344C78069821EA3FD983E09CA03DD043F970B060626666BDBDE5D
dw_ods.db	ods_product_event	dt=20260910	spark-warehouse\dw_ods.db\ods_product_event\dt=20260910\hour=06\part-00000-4f4e12af-f8db-4dbe-9ca0-a7e26a7a1793.c000.snappy.parquet	5941	5C6530B38C68E5536357E4A2839EB78AE180E7076408EAC1A42859A122FCD5A2
dw_ods.db	ods_product_event	dt=20260910	spark-warehouse\dw_ods.db\ods_product_event\dt=20260910\hour=07\part-00000-4f4e12af-f8db-4dbe-9ca0-a7e26a7a1793.c000.snappy.parquet	5570	1C9B0FE26A6CF7072FDC584232B0C064E576F5C751D57CA3F38944EEA259CE49
dw_ods.db	ods_product_event	dt=20260910	spark-warehouse\dw_ods.db\ods_product_event\dt=20260910\hour=08\part-00000-4f4e12af-f8db-4dbe-9ca0-a7e26a7a1793.c000.snappy.parquet	5941	77D1E0DF480B7DBD622FCAC661AAAD6D52366A9A9FC09E796AC353CABD6B5C7E
dw_ods.db	ods_product_event	dt=20260910	spark-warehouse\dw_ods.db\ods_product_event\dt=20260910\hour=09\part-00000-4f4e12af-f8db-4dbe-9ca0-a7e26a7a1793.c000.snappy.parquet	5570	475042E82657D0DCD83118AC67DA5EE0950C664D17941665A30897F1DD0AB5A5
dw_ods.db	ods_product_event	dt=20260910	spark-warehouse\dw_ods.db\ods_product_event\dt=20260910\hour=12\part-00000-4f4e12af-f8db-4dbe-9ca0-a7e26a7a1793.c000.snappy.parquet	5925	A403F0FD43E1C485941A4E556D14AEFF2C1CDB95D50B3D736B3F4167868FCD35
dw_ods.db	ods_product_event	dt=20260910	spark-warehouse\dw_ods.db\ods_product_event\dt=20260910\hour=13\part-00000-4f4e12af-f8db-4dbe-9ca0-a7e26a7a1793.c000.snappy.parquet	5570	FCC69E0A09B5D2508CDB5E42CB7D6FB2432E4FFC130E94820295A3B5E731D468
dw_ods.db	ods_product_event	dt=20260910	spark-warehouse\dw_ods.db\ods_product_event\dt=20260910\hour=14\part-00000-4f4e12af-f8db-4dbe-9ca0-a7e26a7a1793.c000.snappy.parquet	5942	9164C7F7C82061FB1F6464BCE3ED332C8CD1D2C856AAEF6953A444E1C86C9EA1
dw_ods.db	ods_product_event	dt=20260910	spark-warehouse\dw_ods.db\ods_product_event\dt=20260910\hour=18\part-00000-4f4e12af-f8db-4dbe-9ca0-a7e26a7a1793.c000.snappy.parquet	5568	49E1A423300EE862B60B6399AAEEE4EDAE83FE698E3B8316EDE70A2F584145B7
dw_ods.db	ods_product_event	dt=20260910	spark-warehouse\dw_ods.db\ods_product_event\dt=20260910\hour=19\part-00000-4f4e12af-f8db-4dbe-9ca0-a7e26a7a1793.c000.snappy.parquet	5942	5DFB6403606A9092FA18068CD9B1A222B16DD064C6EF5D13D6338BE8AE00CD26
dw_ods.db	ods_product_event	dt=20260910	spark-warehouse\dw_ods.db\ods_product_event\dt=20260910\hour=20\part-00000-4f4e12af-f8db-4dbe-9ca0-a7e26a7a1793.c000.snappy.parquet	5570	F09777B036228C1467C1BDAEC2B72D6FA5DB77C7D63D1EFD747E13D11456BE80
dw_ods.db	ods_product_event	dt=20260910	spark-warehouse\dw_ods.db\ods_product_event\dt=20260910\hour=21\part-00000-4f4e12af-f8db-4dbe-9ca0-a7e26a7a1793.c000.snappy.parquet	5942	718B640C166AB06AC618366CE240E67001796B72C1B1C494A116D79A88939226
dw_ods.db	ods_product_event	dt=20260910	spark-warehouse\dw_ods.db\ods_product_event\dt=20260910\hour=23\part-00000-4f4e12af-f8db-4dbe-9ca0-a7e26a7a1793.c000.snappy.parquet	5941	003D6F3ED6BAB9372110DCB3760DBA5754A134C24B3ECAFB175E0B203181FF97
dw_ods.db	ods_product_event	dt=20260911	spark-warehouse\dw_ods.db\ods_product_event\dt=20260911\hour=01\part-00000-4f4e12af-f8db-4dbe-9ca0-a7e26a7a1793.c000.snappy.parquet	5940	F93BD3610ADC38D0D0B3687A7FD3348BDE603195715F614E2895703E61A34426
dw_ods.db	ods_product_event	dt=20260911	spark-warehouse\dw_ods.db\ods_product_event\dt=20260911\hour=03\part-00000-4f4e12af-f8db-4dbe-9ca0-a7e26a7a1793.c000.snappy.parquet	5570	C6B77E4B2C19D88BD9A96ADE9D287D5C3CCF8EAD74F1063E0D71393705387976
dw_ods.db	ods_product_event	dt=20260911	spark-warehouse\dw_ods.db\ods_product_event\dt=20260911\hour=06\part-00000-4f4e12af-f8db-4dbe-9ca0-a7e26a7a1793.c000.snappy.parquet	5942	F4CBF104D8590359413760BEB3189909C2E9A21CF1FFC8060CBD34A815C695DA
dw_ods.db	ods_product_event	dt=20260911	spark-warehouse\dw_ods.db\ods_product_event\dt=20260911\hour=07\part-00000-4f4e12af-f8db-4dbe-9ca0-a7e26a7a1793.c000.snappy.parquet	5549	3005459DC39CEDF4CDDFABA3314A62D79CCB71375E37880AE152760F38470D1A
dw_ods.db	ods_product_event	dt=20260911	spark-warehouse\dw_ods.db\ods_product_event\dt=20260911\hour=08\part-00000-4f4e12af-f8db-4dbe-9ca0-a7e26a7a1793.c000.snappy.parquet	5941	0C23E5D24462E23EA1C9A2DB5E0C98F07E49C9651C5C120CF70F186CB0D51595
dw_ods.db	ods_product_event	dt=20260911	spark-warehouse\dw_ods.db\ods_product_event\dt=20260911\hour=12\part-00000-4f4e12af-f8db-4dbe-9ca0-a7e26a7a1793.c000.snappy.parquet	5942	91665F0F99F6F32477B02C4F37290506EC99C578B9E3743E73A4132C603CA071
dw_ods.db	ods_product_event	dt=20260911	spark-warehouse\dw_ods.db\ods_product_event\dt=20260911\hour=17\part-00000-4f4e12af-f8db-4dbe-9ca0-a7e26a7a1793.c000.snappy.parquet	5941	9EB1B0E29BF9AD2FB048CAAA6634C69D0E0C425ED9FA346589B2AE3EF397B8CD
dw_ods.db	ods_product_event	dt=20260911	spark-warehouse\dw_ods.db\ods_product_event\dt=20260911\hour=18\part-00000-4f4e12af-f8db-4dbe-9ca0-a7e26a7a1793.c000.snappy.parquet	5570	5EB1394F532B5281B748BA7C154EFFB49FE7AC2F82F29D4E160A8B30D836A281
dw_ods.db	ods_product_event	dt=20260911	spark-warehouse\dw_ods.db\ods_product_event\dt=20260911\hour=22\part-00000-4f4e12af-f8db-4dbe-9ca0-a7e26a7a1793.c000.snappy.parquet	5570	13C8D0BAE987702BD24156D5615A2016423E67DF382DD9345DC7FE8C11DB5D97
dw_ods.db	ods_product_event	dt=20260911	spark-warehouse\dw_ods.db\ods_product_event\dt=20260911\hour=23\part-00000-4f4e12af-f8db-4dbe-9ca0-a7e26a7a1793.c000.snappy.parquet	5942	29277E2ED2159DED730C37A9C1E2AEF6838690B1AC12235E86EEBE8AA8861BB9
dw_ods.db	ods_product_event	dt=20260912	spark-warehouse\dw_ods.db\ods_product_event\dt=20260912\hour=01\part-00000-4f4e12af-f8db-4dbe-9ca0-a7e26a7a1793.c000.snappy.parquet	5568	F20C0F633ED41BD01C77FFF35A0F36C1FCD71C85A32B0AB2C22BCE0A95DBE36F
dw_ods.db	ods_product_event	dt=20260912	spark-warehouse\dw_ods.db\ods_product_event\dt=20260912\hour=02\part-00000-4f4e12af-f8db-4dbe-9ca0-a7e26a7a1793.c000.snappy.parquet	5941	1F2E5A920801E331F45C1F8AC5BADBA5B1F4C7F608AA3176D615276BF1772EA3
dw_ods.db	ods_product_event	dt=20260912	spark-warehouse\dw_ods.db\ods_product_event\dt=20260912\hour=04\part-00000-4f4e12af-f8db-4dbe-9ca0-a7e26a7a1793.c000.snappy.parquet	5941	4A4CBA02609F188DFA96B5388EE0C39F7DA55D02793B7D0175807D4341431E78
dw_ods.db	ods_product_event	dt=20260912	spark-warehouse\dw_ods.db\ods_product_event\dt=20260912\hour=08\part-00000-4f4e12af-f8db-4dbe-9ca0-a7e26a7a1793.c000.snappy.parquet	5926	31A21180709A3DE8CA234169C6C988AEB5A2803F9DC276DC861CD2B0D6B43164
dw_ods.db	ods_product_event	dt=20260912	spark-warehouse\dw_ods.db\ods_product_event\dt=20260912\hour=09\part-00000-4f4e12af-f8db-4dbe-9ca0-a7e26a7a1793.c000.snappy.parquet	5570	82E9CB88F240CD8C76080B0A34F4A1770C6E7B487695B1A5A083419357B68260
dw_ods.db	ods_product_event	dt=20260912	spark-warehouse\dw_ods.db\ods_product_event\dt=20260912\hour=13\part-00000-4f4e12af-f8db-4dbe-9ca0-a7e26a7a1793.c000.snappy.parquet	5940	E7AFFDF6766B91DBD97F4FFE68E0EFFC9A4D944D2ECEE66E541B3CCF9DAACCB4
dw_ods.db	ods_product_event	dt=20260912	spark-warehouse\dw_ods.db\ods_product_event\dt=20260912\hour=14\part-00000-4f4e12af-f8db-4dbe-9ca0-a7e26a7a1793.c000.snappy.parquet	5570	E495C59D791EDD41A107F6F35DA51C3D1009166BAD8AA3AD9EE57C1920F30591
dw_ods.db	ods_product_event	dt=20260912	spark-warehouse\dw_ods.db\ods_product_event\dt=20260912\hour=15\part-00000-4f4e12af-f8db-4dbe-9ca0-a7e26a7a1793.c000.snappy.parquet	5942	72840460A857E36829DB4163ED46C278D28A9D200BA770372DD0E11DFAA111DF
dw_ods.db	ods_product_event	dt=20260912	spark-warehouse\dw_ods.db\ods_product_event\dt=20260912\hour=17\part-00000-4f4e12af-f8db-4dbe-9ca0-a7e26a7a1793.c000.snappy.parquet	5942	E6F2E8F31F76441A27C3A254331E8831BC6DB6F247DFE72DFA4697511022710C
dw_ods.db	ods_product_event	dt=20260912	spark-warehouse\dw_ods.db\ods_product_event\dt=20260912\hour=18\part-00000-4f4e12af-f8db-4dbe-9ca0-a7e26a7a1793.c000.snappy.parquet	5570	1680497FE873D41BFE6AFFAD11DF31093475E44B2856761476807E1A1B31B7BA
dw_ods.db	ods_product_event	dt=20260912	spark-warehouse\dw_ods.db\ods_product_event\dt=20260912\hour=19\part-00000-4f4e12af-f8db-4dbe-9ca0-a7e26a7a1793.c000.snappy.parquet	5570	5258FE868B086717DCAC8116240BA5F7DCECF562C6FB0F6E4789662E4BF7B2AD
dw_ods.db	ods_product_event	dt=20260912	spark-warehouse\dw_ods.db\ods_product_event\dt=20260912\hour=21\part-00000-4f4e12af-f8db-4dbe-9ca0-a7e26a7a1793.c000.snappy.parquet	5570	0C1709CAC1E6AA75A9788BC374F093F6C74FDA584882CC46641C8A3C80C21F92
dw_ods.db	ods_product_event	dt=20260912	spark-warehouse\dw_ods.db\ods_product_event\dt=20260912\hour=22\part-00000-4f4e12af-f8db-4dbe-9ca0-a7e26a7a1793.c000.snappy.parquet	5569	CB4437D5333971D342C18EE671B73E46EF10613FC104D6CDB237D7D44501AD5B
dw_ods.db	ods_product_event	dt=20260913	spark-warehouse\dw_ods.db\ods_product_event\dt=20260913\hour=00\part-00000-4f4e12af-f8db-4dbe-9ca0-a7e26a7a1793.c000.snappy.parquet	5942	9D604A701EEB2CDBA8A1D16F77F6EA2D92D0E42DEBA98C0B3ED0E33D99E19F76
dw_ods.db	ods_product_event	dt=20260913	spark-warehouse\dw_ods.db\ods_product_event\dt=20260913\hour=02\part-00000-4f4e12af-f8db-4dbe-9ca0-a7e26a7a1793.c000.snappy.parquet	5942	8F2C0F99D65AB2D9198FD5A4126B7AB58A2A3F84956081B8D46AE62D21F34A91
dw_ods.db	ods_product_event	dt=20260913	spark-warehouse\dw_ods.db\ods_product_event\dt=20260913\hour=08\part-00000-4f4e12af-f8db-4dbe-9ca0-a7e26a7a1793.c000.snappy.parquet	5570	D836754CB6C67EAA3AE6B0F854161D47B289252B0734E2665EF0A56FD8BE9C00
dw_ods.db	ods_product_event	dt=20260913	spark-warehouse\dw_ods.db\ods_product_event\dt=20260913\hour=10\part-00000-4f4e12af-f8db-4dbe-9ca0-a7e26a7a1793.c000.snappy.parquet	5570	AC826FA2FCBD9AA92445835915EC5C0E8BAAD8CA740E7E611617309995885395
dw_ods.db	ods_product_event	dt=20260913	spark-warehouse\dw_ods.db\ods_product_event\dt=20260913\hour=13\part-00000-4f4e12af-f8db-4dbe-9ca0-a7e26a7a1793.c000.snappy.parquet	5569	3D0655552184D52D720835E4F36C7FCF901090BACFFE364734B66C263A52F2A2
dw_ods.db	ods_product_event	dt=20260913	spark-warehouse\dw_ods.db\ods_product_event\dt=20260913\hour=19\part-00000-4f4e12af-f8db-4dbe-9ca0-a7e26a7a1793.c000.snappy.parquet	5570	3391A39EC1BCF03379CCF9E1E206925AAF9FA737187A622873BF053A2C023E01
dw_ods.db	ods_product_event	dt=20260913	spark-warehouse\dw_ods.db\ods_product_event\dt=20260913\hour=20\part-00000-4f4e12af-f8db-4dbe-9ca0-a7e26a7a1793.c000.snappy.parquet	5570	3B2F5E61E737E3155A7991500653E0343ABB6E24ABFA7BE5E1A626E52F69BDDC
dw_ods.db	ods_product_event	dt=20260913	spark-warehouse\dw_ods.db\ods_product_event\dt=20260913\hour=22\part-00000-4f4e12af-f8db-4dbe-9ca0-a7e26a7a1793.c000.snappy.parquet	5570	514E883BDE5C1B1342E45D137C8AAEEA696105EE25305263438A6D05F7C22286
dw_ods.db	ods_product_event	dt=20260914	spark-warehouse\dw_ods.db\ods_product_event\dt=20260914\hour=00\part-00000-4f4e12af-f8db-4dbe-9ca0-a7e26a7a1793.c000.snappy.parquet	5570	858BEF1F2E480464203E39C371CFFA7B8B197627387022E69DBF29E74F4BE3BA
dw_ods.db	ods_product_event	dt=20260914	spark-warehouse\dw_ods.db\ods_product_event\dt=20260914\hour=09\part-00000-4f4e12af-f8db-4dbe-9ca0-a7e26a7a1793.c000.snappy.parquet	5570	0D0F1CEC621C5B922C7520AA6F97DEEBF405E19BBFEFF840E4D888B3F31D0E1B
dw_ods.db	ods_product_event	dt=20260914	spark-warehouse\dw_ods.db\ods_product_event\dt=20260914\hour=11\part-00000-4f4e12af-f8db-4dbe-9ca0-a7e26a7a1793.c000.snappy.parquet	5569	16AE28EC86117B04B8D0C1ADB1912366610C64043F28514086BDA120E30AAE19
dw_ods.db	ods_product_event	dt=20260914	spark-warehouse\dw_ods.db\ods_product_event\dt=20260914\hour=16\part-00000-4f4e12af-f8db-4dbe-9ca0-a7e26a7a1793.c000.snappy.parquet	5942	BA26082C23808B669D7EFE8F4F5B9B8726E8027F75812387690DBB5A82D7DF35
dw_ods.db	ods_product_event	dt=20260914	spark-warehouse\dw_ods.db\ods_product_event\dt=20260914\hour=19\part-00000-4f4e12af-f8db-4dbe-9ca0-a7e26a7a1793.c000.snappy.parquet	5570	2EFBA58814EA77A679E6438063B46F8FAA2C5D69ECE5A8540B19E608D1FC9A70
dw_ods.db	ods_product_event	dt=20260914	spark-warehouse\dw_ods.db\ods_product_event\dt=20260914\hour=23\part-00000-4f4e12af-f8db-4dbe-9ca0-a7e26a7a1793.c000.snappy.parquet	5570	FBD2A9DF5BE619BBB10F887B823C92DEEA729C0228E270ECA2088ACDEEA434E8
dw_ods.db	ods_product_event	dt=20260915	spark-warehouse\dw_ods.db\ods_product_event\dt=20260915\hour=07\part-00000-4f4e12af-f8db-4dbe-9ca0-a7e26a7a1793.c000.snappy.parquet	5570	3E63E6E7A8BFF133317A4CF946B603B34C15FA694BD5D85F557945224F17FDAF
dw_ods.db	ods_product_event	dt=20260915	spark-warehouse\dw_ods.db\ods_product_event\dt=20260915\hour=08\part-00000-4f4e12af-f8db-4dbe-9ca0-a7e26a7a1793.c000.snappy.parquet	5570	CC37154AB4A6CF0CCD4DAE1803CEE906801EDEA5CF7481B90C78AB585FE99E7D
dw_ods.db	ods_product_event	dt=20260915	spark-warehouse\dw_ods.db\ods_product_event\dt=20260915\hour=10\part-00000-4f4e12af-f8db-4dbe-9ca0-a7e26a7a1793.c000.snappy.parquet	5570	88DA4503BF15EE2CEC5F5898F5535452AC3488EAB82AA3F49F7A4435560E8DAF
dw_ods.db	ods_product_event	dt=20260915	spark-warehouse\dw_ods.db\ods_product_event\dt=20260915\hour=12\part-00000-4f4e12af-f8db-4dbe-9ca0-a7e26a7a1793.c000.snappy.parquet	5570	44695113287A18253E4246F72EC084059AFBBC4AE59E0B15B52F888C5BD13310
dw_ods.db	ods_product_event	dt=20260915	spark-warehouse\dw_ods.db\ods_product_event\dt=20260915\hour=13\part-00000-4f4e12af-f8db-4dbe-9ca0-a7e26a7a1793.c000.snappy.parquet	5568	9BF2B8F9BFB533798CA27BD80510A6F514FE7B40B69749B4426D14EDF3BCC266
dw_ods.db	ods_product_event	dt=20260915	spark-warehouse\dw_ods.db\ods_product_event\dt=20260915\hour=21\part-00000-4f4e12af-f8db-4dbe-9ca0-a7e26a7a1793.c000.snappy.parquet	5605	EFE3F75D922A00AF4327633E26A835A6E2BE5A1FA106F197A4077AFEBF192C3B
dw_ods.db	ods_product_event	dt=20260916	spark-warehouse\dw_ods.db\ods_product_event\dt=20260916\hour=00\part-00000-4f4e12af-f8db-4dbe-9ca0-a7e26a7a1793.c000.snappy.parquet	5567	73AFF2840973D81998878C44A2F569CD48B635DE8FD22DF35DE415C4F3853273
dw_ods.db	ods_product_event	dt=20260916	spark-warehouse\dw_ods.db\ods_product_event\dt=20260916\hour=04\part-00000-4f4e12af-f8db-4dbe-9ca0-a7e26a7a1793.c000.snappy.parquet	5570	CC02B907D3D63D9DA7CA45E4EF71E4CEEF4D634C9695A0A0794EFAC857855E8C
dw_ods.db	ods_product_event	dt=20260916	spark-warehouse\dw_ods.db\ods_product_event\dt=20260916\hour=08\part-00000-4f4e12af-f8db-4dbe-9ca0-a7e26a7a1793.c000.snappy.parquet	5570	AAC28B33867443C569320ACD810E8028C87CBF4B19354D34CCAC62C50EE67958
dw_ods.db	ods_product_event	dt=20260916	spark-warehouse\dw_ods.db\ods_product_event\dt=20260916\hour=11\part-00000-4f4e12af-f8db-4dbe-9ca0-a7e26a7a1793.c000.snappy.parquet	5919	D473C600E88AFABA12312ED6CFE76DFE37590E47EA1AD4D9F39F83997AAA8F42
dw_ods.db	ods_product_event	dt=20260916	spark-warehouse\dw_ods.db\ods_product_event\dt=20260916\hour=12\part-00000-4f4e12af-f8db-4dbe-9ca0-a7e26a7a1793.c000.snappy.parquet	5570	C4491889A60A0DBACF7A954909FE310D0EB09131786B201993BF50B2141886F3
dw_ods.db	ods_product_event	dt=20260916	spark-warehouse\dw_ods.db\ods_product_event\dt=20260916\hour=13\part-00000-4f4e12af-f8db-4dbe-9ca0-a7e26a7a1793.c000.snappy.parquet	5570	A1CE1F27FB11404699B4EB7DBE93740168D4AA0CE797D659BC761DEDEF2AA11B
dw_ods.db	ods_product_event	dt=20260916	spark-warehouse\dw_ods.db\ods_product_event\dt=20260916\hour=14\part-00000-4f4e12af-f8db-4dbe-9ca0-a7e26a7a1793.c000.snappy.parquet	5570	8CF4567A952BA9E112ED21AFF53F0C1BC369E867C8324FD7B881C896F304A14F
dw_ods.db	ods_product_event	dt=20260916	spark-warehouse\dw_ods.db\ods_product_event\dt=20260916\hour=15\part-00000-4f4e12af-f8db-4dbe-9ca0-a7e26a7a1793.c000.snappy.parquet	5570	DD854FC2E862E35086914A3DED204F6758511F96899B2253E3598C7E39E2215F
dw_ods.db	ods_product_event	dt=20260916	spark-warehouse\dw_ods.db\ods_product_event\dt=20260916\hour=19\part-00000-4f4e12af-f8db-4dbe-9ca0-a7e26a7a1793.c000.snappy.parquet	5548	398790771B1D37C00F8FB5D103D2E0981E8549FA7398AF97E652C9DF294A4299
dw_ods.db	ods_product_event	dt=20260916	spark-warehouse\dw_ods.db\ods_product_event\dt=20260916\hour=22\part-00000-4f4e12af-f8db-4dbe-9ca0-a7e26a7a1793.c000.snappy.parquet	5606	E59A470F1E31101E0B9528B0CE84A4D2FF0914BC94A6C0E3815E240BF4074D0C
dw_ods.db	ods_product_event	dt=20260916	spark-warehouse\dw_ods.db\ods_product_event\dt=20260916\hour=23\part-00000-4f4e12af-f8db-4dbe-9ca0-a7e26a7a1793.c000.snappy.parquet	5569	63490A4B7B5D396A105B5AD188A10D0D0EB051ECCCD1AFC70AB8DAF9C7B51E29
dw_ods.db	ods_product_event	dt=20260917	spark-warehouse\dw_ods.db\ods_product_event\dt=20260917\hour=03\part-00000-4f4e12af-f8db-4dbe-9ca0-a7e26a7a1793.c000.snappy.parquet	5570	627911FA6AC49BBF11C77D3DDA1764A911542C6BA65DA1C28749B6157BD83B84
dw_ods.db	ods_product_event	dt=20260917	spark-warehouse\dw_ods.db\ods_product_event\dt=20260917\hour=06\part-00000-4f4e12af-f8db-4dbe-9ca0-a7e26a7a1793.c000.snappy.parquet	5606	0A22BED0ED5D04C73AC6F52C62BE8F7884FE1D8922F2AF69E7E17F21618FC882
dw_ods.db	ods_product_event	dt=20260917	spark-warehouse\dw_ods.db\ods_product_event\dt=20260917\hour=11\part-00000-4f4e12af-f8db-4dbe-9ca0-a7e26a7a1793.c000.snappy.parquet	5570	421219672EB6502DC60AF40A6A04FEAE36926490DD31BF7BB970D7C07119B94B
dw_ods.db	ods_product_event	dt=20260917	spark-warehouse\dw_ods.db\ods_product_event\dt=20260917\hour=12\part-00000-4f4e12af-f8db-4dbe-9ca0-a7e26a7a1793.c000.snappy.parquet	5570	5D50DDDEF3D3E2FBAF47FA732F8263346DC68AE3DAB10CBBEA6B2C2E17772A77
dw_ods.db	ods_product_event	dt=20260917	spark-warehouse\dw_ods.db\ods_product_event\dt=20260917\hour=16\part-00000-4f4e12af-f8db-4dbe-9ca0-a7e26a7a1793.c000.snappy.parquet	5570	D34193F60207ACA6F065207D323CA4EEA5A9F5CB195B0C9AAAFC47C88FD08701
dw_ods.db	ods_product_event	dt=20260918	spark-warehouse\dw_ods.db\ods_product_event\dt=20260918\hour=04\part-00000-4f4e12af-f8db-4dbe-9ca0-a7e26a7a1793.c000.snappy.parquet	5570	99CD0420240AC8D3A17B6607BE70723510A22039C99015AB646E9A773575CA4A
dw_ods.db	ods_product_event	dt=20260918	spark-warehouse\dw_ods.db\ods_product_event\dt=20260918\hour=09\part-00000-4f4e12af-f8db-4dbe-9ca0-a7e26a7a1793.c000.snappy.parquet	5570	1CCA85DE19F5DB395659F20B8AEC5BC5B661254A57804D25E2EBFC61617C059A
dw_ods.db	ods_product_event	dt=20260918	spark-warehouse\dw_ods.db\ods_product_event\dt=20260918\hour=14\part-00000-4f4e12af-f8db-4dbe-9ca0-a7e26a7a1793.c000.snappy.parquet	5942	DC014495BBE3BDE3B41CE1E5287BA59A4718259A08DB26701D3D92421A2D86AB
dw_ods.db	ods_product_event	dt=20260918	spark-warehouse\dw_ods.db\ods_product_event\dt=20260918\hour=15\part-00000-4f4e12af-f8db-4dbe-9ca0-a7e26a7a1793.c000.snappy.parquet	5604	AD455EBFE1AA2F78F301FB4C93B5E04149902B99100A52E6CA36FECB094A50DE
dw_ods.db	ods_product_event	dt=20260918	spark-warehouse\dw_ods.db\ods_product_event\dt=20260918\hour=23\part-00000-4f4e12af-f8db-4dbe-9ca0-a7e26a7a1793.c000.snappy.parquet	5568	EAC3BCC532956E4FA7ED16FC95F19EB186A404AE08EDE919F6398CB4CAA546F3
dw_ods.db	ods_product_event	dt=20260919	spark-warehouse\dw_ods.db\ods_product_event\dt=20260919\hour=00\part-00000-4f4e12af-f8db-4dbe-9ca0-a7e26a7a1793.c000.snappy.parquet	5570	7620EC970D03143C3D2BB268C5F1E2D5FA449C9BDB0381CA87582DC3DD8E8966
dw_ods.db	ods_product_event	dt=20260919	spark-warehouse\dw_ods.db\ods_product_event\dt=20260919\hour=01\part-00000-4f4e12af-f8db-4dbe-9ca0-a7e26a7a1793.c000.snappy.parquet	5569	35786B728067C8F0CD498C28E9E988833EFE382C363DA42C56080D2A225B7E1F
dw_ods.db	ods_product_event	dt=20260919	spark-warehouse\dw_ods.db\ods_product_event\dt=20260919\hour=04\part-00000-4f4e12af-f8db-4dbe-9ca0-a7e26a7a1793.c000.snappy.parquet	5570	8AAE94C13BE4E31D57B718CABE5F7116AEA7A3338EA3EB4A8D33C5D1380839C3
dw_ods.db	ods_product_event	dt=20260919	spark-warehouse\dw_ods.db\ods_product_event\dt=20260919\hour=05\part-00000-4f4e12af-f8db-4dbe-9ca0-a7e26a7a1793.c000.snappy.parquet	5570	C2132A957269D82169F7090E6AF9FDA6FA70C953404551E25B570FD597C322B7
dw_ods.db	ods_product_event	dt=20260919	spark-warehouse\dw_ods.db\ods_product_event\dt=20260919\hour=11\part-00000-4f4e12af-f8db-4dbe-9ca0-a7e26a7a1793.c000.snappy.parquet	5570	12FA438C96D2EBEB7BBA541AEE3679B729BF28E7629068F7AA84D861D5074BDC
dw_ods.db	ods_product_event	dt=20260919	spark-warehouse\dw_ods.db\ods_product_event\dt=20260919\hour=12\part-00000-4f4e12af-f8db-4dbe-9ca0-a7e26a7a1793.c000.snappy.parquet	5570	FEDC735A063E78FEAA1F065C50CAE41C7F5BEA79E13C6A8E42DE9609FEEDDE3D
dw_ods.db	ods_product_event	dt=20260919	spark-warehouse\dw_ods.db\ods_product_event\dt=20260919\hour=15\part-00000-4f4e12af-f8db-4dbe-9ca0-a7e26a7a1793.c000.snappy.parquet	5570	5659DFA5AE454CC7106E92D4DA464372B5DC75A791622B746B63E252AD4BB0CE
dw_ods.db	ods_product_event	dt=20260919	spark-warehouse\dw_ods.db\ods_product_event\dt=20260919\hour=16\part-00000-4f4e12af-f8db-4dbe-9ca0-a7e26a7a1793.c000.snappy.parquet	5570	09DC70B7D0304E74B4AF5C2A3BD568A606DE03180B5963695366F2EE6BD5874E
dw_ods.db	ods_product_event	dt=20260919	spark-warehouse\dw_ods.db\ods_product_event\dt=20260919\hour=19\part-00000-4f4e12af-f8db-4dbe-9ca0-a7e26a7a1793.c000.snappy.parquet	5570	5DF576F7A5887CA898267ABA7A24D8656226184D2661BFA1BB00C1FCD29902EB
dw_ods.db	ods_product_event	dt=20260919	spark-warehouse\dw_ods.db\ods_product_event\dt=20260919\hour=20\part-00000-4f4e12af-f8db-4dbe-9ca0-a7e26a7a1793.c000.snappy.parquet	5570	0B43C2368700D15D6A2563588AFE234BB7968F2B212A5BB3BC1FA4EA1197174B
dw_ods.db	ods_product_event	dt=20260919	spark-warehouse\dw_ods.db\ods_product_event\dt=20260919\hour=22\part-00000-4f4e12af-f8db-4dbe-9ca0-a7e26a7a1793.c000.snappy.parquet	5922	B56C64D934CFD3F673D60EEE3FB726E2E7E3EA95BB43EF1A7ABD7FD1502CE54F
dw_ods.db	ods_product_event	dt=20260920	spark-warehouse\dw_ods.db\ods_product_event\dt=20260920\hour=05\part-00000-4f4e12af-f8db-4dbe-9ca0-a7e26a7a1793.c000.snappy.parquet	5569	48766F6615063B9A22514A1D17CD8B5E4F6C7BC6D8416FB43A8C1E68C19A480E
dw_ods.db	ods_product_event	dt=20260920	spark-warehouse\dw_ods.db\ods_product_event\dt=20260920\hour=07\part-00000-4f4e12af-f8db-4dbe-9ca0-a7e26a7a1793.c000.snappy.parquet	5570	B013741ACA960D8BDAE6956CB66CEE2BAD450401B00DE9B8F60D1C97FE16A479
dw_ods.db	ods_product_event	dt=20260920	spark-warehouse\dw_ods.db\ods_product_event\dt=20260920\hour=09\part-00000-4f4e12af-f8db-4dbe-9ca0-a7e26a7a1793.c000.snappy.parquet	5567	B68C5F83A79E543FB14344AC2C7C1D1E1A912ABA0B2BCA5291E425433CBA9A33
dw_ods.db	ods_product_event	dt=20260920	spark-warehouse\dw_ods.db\ods_product_event\dt=20260920\hour=10\part-00000-4f4e12af-f8db-4dbe-9ca0-a7e26a7a1793.c000.snappy.parquet	5570	F6142317E9F1F04AA6ADD27A61B8222D0468024CDCAA5CE70A5591E1EFD1C5AE
dw_ods.db	ods_product_event	dt=20260920	spark-warehouse\dw_ods.db\ods_product_event\dt=20260920\hour=22\part-00000-4f4e12af-f8db-4dbe-9ca0-a7e26a7a1793.c000.snappy.parquet	5548	C87A0411E6D572B9E0EB16B93B904A467F09E02F272521F84131D7B764B6445F
dw_ods.db	ods_product_event	dt=20260920	spark-warehouse\dw_ods.db\ods_product_event\dt=20260920\hour=23\part-00000-4f4e12af-f8db-4dbe-9ca0-a7e26a7a1793.c000.snappy.parquet	5570	155479D73A22E1EBD11376F398BA5438C4966238E1C6C0E8DDDFAEC777390DD0
dw_ods.db	ods_product_event	dt=20260921	spark-warehouse\dw_ods.db\ods_product_event\dt=20260921\hour=02\part-00000-4f4e12af-f8db-4dbe-9ca0-a7e26a7a1793.c000.snappy.parquet	5570	6ABC6026233F7E3824E5FA95959282B9BF48D26A725037B85383FD8B0A7ECD0A
dw_ods.db	ods_product_event	dt=20260921	spark-warehouse\dw_ods.db\ods_product_event\dt=20260921\hour=06\part-00000-4f4e12af-f8db-4dbe-9ca0-a7e26a7a1793.c000.snappy.parquet	5569	0CDB758B9B12F7340B077E54FCA606E742A41E88329361E4A68A1781DA49C746
dw_ods.db	ods_product_event	dt=20260921	spark-warehouse\dw_ods.db\ods_product_event\dt=20260921\hour=15\part-00000-4f4e12af-f8db-4dbe-9ca0-a7e26a7a1793.c000.snappy.parquet	5570	2A91095C3CC9B5278D8F80B76C6567ABB8C40DAD2D8D801904FBF49F24895B91
dw_ods.db	ods_product_event	dt=20260921	spark-warehouse\dw_ods.db\ods_product_event\dt=20260921\hour=16\part-00000-4f4e12af-f8db-4dbe-9ca0-a7e26a7a1793.c000.snappy.parquet	5570	56EBE3A64D1C93C6F5E1DC917820E38DD9B9E43EC5558EBE2A6AA9ED0A8BA4A2
dw_ods.db	ods_product_event	dt=20260921	spark-warehouse\dw_ods.db\ods_product_event\dt=20260921\hour=18\part-00000-4f4e12af-f8db-4dbe-9ca0-a7e26a7a1793.c000.snappy.parquet	5570	C9D9F0F68110FFE0562DE0964F0F9146856E726675995E7F05187BA1078F0B9B
dw_ods.db	ods_product_event	dt=20260921	spark-warehouse\dw_ods.db\ods_product_event\dt=20260921\hour=19\part-00000-4f4e12af-f8db-4dbe-9ca0-a7e26a7a1793.c000.snappy.parquet	5570	85E23161935CDE52A1384C94D97800C736FE1CBF35D85629228FD8F8F94D4C45
dw_ods.db	ods_product_event	dt=20260922	spark-warehouse\dw_ods.db\ods_product_event\dt=20260922\hour=03\part-00000-4f4e12af-f8db-4dbe-9ca0-a7e26a7a1793.c000.snappy.parquet	5570	20BD8D1E37EFEA274746125FF4913CD98A68487F91037022D8AF6A8C34D8FCCA
dw_ods.db	ods_product_event	dt=20260922	spark-warehouse\dw_ods.db\ods_product_event\dt=20260922\hour=07\part-00000-4f4e12af-f8db-4dbe-9ca0-a7e26a7a1793.c000.snappy.parquet	5569	DF79D4C63093F1442D02BC4AA109F9E496CCDA33A25AC76D2269292053BA1DBA
dw_ods.db	ods_product_event	dt=20260922	spark-warehouse\dw_ods.db\ods_product_event\dt=20260922\hour=08\part-00000-4f4e12af-f8db-4dbe-9ca0-a7e26a7a1793.c000.snappy.parquet	5570	298F7382F26A43046C55A09D54FEEC19790F4737CA9552E210D0F92E86027960
dw_ods.db	ods_product_event	dt=20260922	spark-warehouse\dw_ods.db\ods_product_event\dt=20260922\hour=09\part-00000-4f4e12af-f8db-4dbe-9ca0-a7e26a7a1793.c000.snappy.parquet	5570	96BD2084B4F52571DA103E9ADD02D91D068BB752221272929976222A1FD0DE7E
dw_ods.db	ods_product_event	dt=20260922	spark-warehouse\dw_ods.db\ods_product_event\dt=20260922\hour=12\part-00000-4f4e12af-f8db-4dbe-9ca0-a7e26a7a1793.c000.snappy.parquet	5570	E805BD0F230375B28DBE5F249C7B904C3FCDE947BFF6B09B9F7A623BD5CE6DA9
dw_ods.db	ods_product_event	dt=20260922	spark-warehouse\dw_ods.db\ods_product_event\dt=20260922\hour=16\part-00000-4f4e12af-f8db-4dbe-9ca0-a7e26a7a1793.c000.snappy.parquet	5569	54C39B8348E2F9B21484FB82E9464715099ED449C4C3CD5F51846A828F1A6CC4
dw_ods.db	ods_product_event	dt=20260922	spark-warehouse\dw_ods.db\ods_product_event\dt=20260922\hour=18\part-00000-4f4e12af-f8db-4dbe-9ca0-a7e26a7a1793.c000.snappy.parquet	5569	B61E09599259060034834982E9770D529C703CE9FF932A70897352308149457E
dw_ods.db	ods_product_event	dt=20260922	spark-warehouse\dw_ods.db\ods_product_event\dt=20260922\hour=22\part-00000-4f4e12af-f8db-4dbe-9ca0-a7e26a7a1793.c000.snappy.parquet	5570	1DDB3E2870530D6065C5354FC69EAEDF9986DE0F9AB169BD476E5772CA1CCC08
dw_ods.db	ods_product_event	dt=20260922	spark-warehouse\dw_ods.db\ods_product_event\dt=20260922\hour=23\part-00000-4f4e12af-f8db-4dbe-9ca0-a7e26a7a1793.c000.snappy.parquet	5570	7C16641C480E34DBC157798B57177A2B5DC0750D19F7EE54480FE96A111CB1E7
dw_ods.db	ods_product_event	dt=20260923	spark-warehouse\dw_ods.db\ods_product_event\dt=20260923\hour=02\part-00000-4f4e12af-f8db-4dbe-9ca0-a7e26a7a1793.c000.snappy.parquet	5570	E0CEAC7663525FAA7FE5B53E2B2D172D46497C1F2C16EA32E476A7A4B27A60BB
dw_ods.db	ods_product_event	dt=20260923	spark-warehouse\dw_ods.db\ods_product_event\dt=20260923\hour=05\part-00000-4f4e12af-f8db-4dbe-9ca0-a7e26a7a1793.c000.snappy.parquet	5570	D8A06B807D2EBB01F9086B064F977AA07940EE5AE3930A23DA7D7F18BC466A2E
dw_ods.db	ods_product_event	dt=20260923	spark-warehouse\dw_ods.db\ods_product_event\dt=20260923\hour=09\part-00000-4f4e12af-f8db-4dbe-9ca0-a7e26a7a1793.c000.snappy.parquet	5570	84D3F1084E249199FFAE90BBBB103C362F878D509BBD7C69694DE2EF45483599
dw_ods.db	ods_product_event	dt=20260923	spark-warehouse\dw_ods.db\ods_product_event\dt=20260923\hour=13\part-00000-4f4e12af-f8db-4dbe-9ca0-a7e26a7a1793.c000.snappy.parquet	5570	06BD2E08F0D0EF3EF62D8D43BFC9E652C7704EDC8E9ACCFC95FCB05D0AEFB160
dw_ods.db	ods_product_event	dt=20260923	spark-warehouse\dw_ods.db\ods_product_event\dt=20260923\hour=14\part-00000-4f4e12af-f8db-4dbe-9ca0-a7e26a7a1793.c000.snappy.parquet	5568	F2037AB57349FEAD9E2ACE3A0B00B55684C56BCDB6EE262B0836E9B995B93164
dw_ods.db	ods_product_event	dt=20260923	spark-warehouse\dw_ods.db\ods_product_event\dt=20260923\hour=16\part-00000-4f4e12af-f8db-4dbe-9ca0-a7e26a7a1793.c000.snappy.parquet	5570	4AC8F6AD48BB5861DF54ACA601B41DB217A3DD8EBF02F7E6C4CCB6AF75CEF2F2
dw_ods.db	ods_product_event	dt=20260923	spark-warehouse\dw_ods.db\ods_product_event\dt=20260923\hour=17\part-00000-4f4e12af-f8db-4dbe-9ca0-a7e26a7a1793.c000.snappy.parquet	5570	FAA133FCDEB233997806DB26D61372585B4B38AD715EEA337BA031A31BF15965
dw_ods.db	ods_product_event	dt=20260923	spark-warehouse\dw_ods.db\ods_product_event\dt=20260923\hour=20\part-00000-4f4e12af-f8db-4dbe-9ca0-a7e26a7a1793.c000.snappy.parquet	5570	E031186B7C7D7099BD80E7B25BC14490EE058E6C12D4272CEA951B9D16557918
dw_ods.db	ods_product_event	dt=20260923	spark-warehouse\dw_ods.db\ods_product_event\dt=20260923\hour=22\part-00000-4f4e12af-f8db-4dbe-9ca0-a7e26a7a1793.c000.snappy.parquet	5924	6B59C1E62C92BB1373E9FC7E66BD8A7880563701DE066030A7FE8022EE6AC161
dw_ods.db	ods_product_event	dt=20260924	spark-warehouse\dw_ods.db\ods_product_event\dt=20260924\hour=00\part-00000-4f4e12af-f8db-4dbe-9ca0-a7e26a7a1793.c000.snappy.parquet	5569	79E919B4DA2B13D0AA262FE8BF3FCEA61AB09B24AD93F6DC75AC471047CA64DB
dw_ods.db	ods_product_event	dt=20260924	spark-warehouse\dw_ods.db\ods_product_event\dt=20260924\hour=04\part-00000-4f4e12af-f8db-4dbe-9ca0-a7e26a7a1793.c000.snappy.parquet	5570	C14BB7F1F0298C2291F764CE33877B347DAA8D30D5AC45ECC2A1057BB4B495B1
dw_ods.db	ods_product_event	dt=20260924	spark-warehouse\dw_ods.db\ods_product_event\dt=20260924\hour=07\part-00000-4f4e12af-f8db-4dbe-9ca0-a7e26a7a1793.c000.snappy.parquet	5570	B23344AC6B9873689DB2038B15B1261B34DE0F562033591C9895B82263251237
dw_ods.db	ods_product_event	dt=20260924	spark-warehouse\dw_ods.db\ods_product_event\dt=20260924\hour=08\part-00000-4f4e12af-f8db-4dbe-9ca0-a7e26a7a1793.c000.snappy.parquet	5939	D147F2BED613ABD510EB205A10812C1D71D1795B96B70699941C17DFDEDA021C
dw_ods.db	ods_product_event	dt=20260924	spark-warehouse\dw_ods.db\ods_product_event\dt=20260924\hour=11\part-00000-4f4e12af-f8db-4dbe-9ca0-a7e26a7a1793.c000.snappy.parquet	5568	294086EE0680E87652322EBC43A8F3803E796CC98DC64685D9786092A6B5726B
dw_ods.db	ods_product_event	dt=20260924	spark-warehouse\dw_ods.db\ods_product_event\dt=20260924\hour=18\part-00000-4f4e12af-f8db-4dbe-9ca0-a7e26a7a1793.c000.snappy.parquet	5570	D32326519A5D9F305E777237C39779E213B09880F4504FE396446E536DB82649
dw_ods.db	ods_product_event	dt=20260924	spark-warehouse\dw_ods.db\ods_product_event\dt=20260924\hour=19\part-00000-4f4e12af-f8db-4dbe-9ca0-a7e26a7a1793.c000.snappy.parquet	5570	82EBC8CCABBC5F753DA861BEC8C452D5BE65E764E7F7FAEB01835D7DB192EE87
dw_ods.db	ods_product_event	dt=20260924	spark-warehouse\dw_ods.db\ods_product_event\dt=20260924\hour=22\part-00000-4f4e12af-f8db-4dbe-9ca0-a7e26a7a1793.c000.snappy.parquet	5570	41D2267E7A049ABE438B4EFEA2E67A9AB62AA4D480C531967372E400FF7E072E
dw_ods.db	ods_product_event	dt=20260924	spark-warehouse\dw_ods.db\ods_product_event\dt=20260924\hour=23\part-00000-4f4e12af-f8db-4dbe-9ca0-a7e26a7a1793.c000.snappy.parquet	5570	465AD4AD0DC15F0838F94CC207BFFDCB36EFF1630E95B9B9B53BCB8386DAAA3E
dw_ods.db	ods_product_event	dt=20260925	spark-warehouse\dw_ods.db\ods_product_event\dt=20260925\hour=02\part-00000-4f4e12af-f8db-4dbe-9ca0-a7e26a7a1793.c000.snappy.parquet	5570	33398BDFFE705A34C756D6D5BB1511FAFD29B69E27FD3C6F17DB2E8682A620BB
dw_ods.db	ods_product_event	dt=20260925	spark-warehouse\dw_ods.db\ods_product_event\dt=20260925\hour=11\part-00000-4f4e12af-f8db-4dbe-9ca0-a7e26a7a1793.c000.snappy.parquet	5648	7D99F0B71AC0E4B3C715F37DA70E5EF25DFBF2C0166B1666FD12F95FB756E53D
dw_ods.db	ods_product_event	dt=20260925	spark-warehouse\dw_ods.db\ods_product_event\dt=20260925\hour=20\part-00000-4f4e12af-f8db-4dbe-9ca0-a7e26a7a1793.c000.snappy.parquet	5570	3DB874494930875F90A7C865893B0B4155737DE84B4726381A6A279128AE9A27
dw_ods.db	ods_product_event	dt=20260925	spark-warehouse\dw_ods.db\ods_product_event\dt=20260925\hour=21\part-00000-4f4e12af-f8db-4dbe-9ca0-a7e26a7a1793.c000.snappy.parquet	5920	1931CF10DD0E92205526021077E747B33B3028957A9829783E28EE1733AF30A8
dw_ods.db	ods_product_event	dt=20260926	spark-warehouse\dw_ods.db\ods_product_event\dt=20260926\hour=07\part-00000-4f4e12af-f8db-4dbe-9ca0-a7e26a7a1793.c000.snappy.parquet	5570	C5934E2F93AEEC4F1FCE951497DE3A55D787B5E26656BE2BAEEA68B3A0F88D2F
dw_ods.db	ods_product_event	dt=20260926	spark-warehouse\dw_ods.db\ods_product_event\dt=20260926\hour=08\part-00000-4f4e12af-f8db-4dbe-9ca0-a7e26a7a1793.c000.snappy.parquet	5568	E38C21E4E92CAE8022976CEAA68C14F7DFC7FF11743D7B47D681052A55AE7A4C
dw_ods.db	ods_product_event	dt=20260926	spark-warehouse\dw_ods.db\ods_product_event\dt=20260926\hour=13\part-00000-4f4e12af-f8db-4dbe-9ca0-a7e26a7a1793.c000.snappy.parquet	5570	97D41B37FB9A5E41F76DE351F0E6893446258B48A347EB9ADCEFE8E02C8E9139
dw_ods.db	ods_product_event	dt=20260926	spark-warehouse\dw_ods.db\ods_product_event\dt=20260926\hour=15\part-00000-4f4e12af-f8db-4dbe-9ca0-a7e26a7a1793.c000.snappy.parquet	5568	DA2BB01DC3C0B62BFFEC8DAD6DC937AB3295226E2E0B1B9EDFCC5505D840EFAD
dw_ods.db	ods_product_event	dt=20260926	spark-warehouse\dw_ods.db\ods_product_event\dt=20260926\hour=21\part-00000-4f4e12af-f8db-4dbe-9ca0-a7e26a7a1793.c000.snappy.parquet	5569	40A2D48D288B981F175477A184CE26415FEECFCAF7695BFBE5AEE1FE66A1CBFB
dw_ods.db	ods_product_event	dt=20260927	spark-warehouse\dw_ods.db\ods_product_event\dt=20260927\hour=01\part-00000-4f4e12af-f8db-4dbe-9ca0-a7e26a7a1793.c000.snappy.parquet	5568	97A274601C4948E28E3D2A7E7F22EEDB4F6AEFD8C1FAAC7010045A47801F172C
dw_ods.db	ods_product_event	dt=20260927	spark-warehouse\dw_ods.db\ods_product_event\dt=20260927\hour=15\part-00000-4f4e12af-f8db-4dbe-9ca0-a7e26a7a1793.c000.snappy.parquet	5570	48DF8E9F5AC2F6B6A43AE1A46F6212EB74FC47B159DAE63DF1B7907D6B6ED673
dw_ods.db	ods_product_event	dt=20260927	spark-warehouse\dw_ods.db\ods_product_event\dt=20260927\hour=16\part-00000-4f4e12af-f8db-4dbe-9ca0-a7e26a7a1793.c000.snappy.parquet	5570	1756E946E551A7F9FBE5199A59F961D5722E04C29646AFB8430AB21A9C7E62C1
dw_ods.db	ods_product_event	dt=20260927	spark-warehouse\dw_ods.db\ods_product_event\dt=20260927\hour=18\part-00000-4f4e12af-f8db-4dbe-9ca0-a7e26a7a1793.c000.snappy.parquet	5570	513E6EEA2B2FBDE68452BAE50DE2487EDE1AE3D40EE9E8D80188FBF0DBE5FB49
dw_ods.db	ods_product_event	dt=20260927	spark-warehouse\dw_ods.db\ods_product_event\dt=20260927\hour=20\part-00000-4f4e12af-f8db-4dbe-9ca0-a7e26a7a1793.c000.snappy.parquet	5942	BC1B7246DDB3D775C63F8F43D8A0A610EE3ADAA38EB6C4667ACAA83496224C9D
dw_ods.db	ods_product_event	dt=20260927	spark-warehouse\dw_ods.db\ods_product_event\dt=20260927\hour=23\part-00000-4f4e12af-f8db-4dbe-9ca0-a7e26a7a1793.c000.snappy.parquet	5570	89BC27E924A1E817D1FA66605802A376AC65CCD71574E34D6FBB9107103CC9A0
dw_ods.db	ods_product_event	dt=20260928	spark-warehouse\dw_ods.db\ods_product_event\dt=20260928\hour=03\part-00000-4f4e12af-f8db-4dbe-9ca0-a7e26a7a1793.c000.snappy.parquet	5570	C5352B3D9A4EAFD13C234E41ED82D9827E0C207024CDEB74A7EAB1120E53AA04
dw_ods.db	ods_product_event	dt=20260928	spark-warehouse\dw_ods.db\ods_product_event\dt=20260928\hour=05\part-00000-4f4e12af-f8db-4dbe-9ca0-a7e26a7a1793.c000.snappy.parquet	5569	82358E95591026ECB89D5F3B1735D8A6D1A42C98347D1D93E8C0AC4A5E41254A
dw_ods.db	ods_product_event	dt=20260928	spark-warehouse\dw_ods.db\ods_product_event\dt=20260928\hour=09\part-00000-4f4e12af-f8db-4dbe-9ca0-a7e26a7a1793.c000.snappy.parquet	5548	94AEA79531A4A22D5FCB62D38BBAA4DC4DF62DF719DC7CF4AAD86E571644ADF6
dw_ods.db	ods_product_event	dt=20260928	spark-warehouse\dw_ods.db\ods_product_event\dt=20260928\hour=15\part-00000-4f4e12af-f8db-4dbe-9ca0-a7e26a7a1793.c000.snappy.parquet	5570	B32CB2A76FD3324A7706FE7CFF2425B8DC77A6A35AF92C9F4A739D82E3BE159A
dw_ods.db	ods_product_event	dt=20260928	spark-warehouse\dw_ods.db\ods_product_event\dt=20260928\hour=17\part-00000-4f4e12af-f8db-4dbe-9ca0-a7e26a7a1793.c000.snappy.parquet	5568	6BEC600155772B7FCF14396C28323C9F2D59CB047D454012B03D27441E4C0EA4
dw_ods.db	ods_product_event	dt=20260928	spark-warehouse\dw_ods.db\ods_product_event\dt=20260928\hour=19\part-00000-4f4e12af-f8db-4dbe-9ca0-a7e26a7a1793.c000.snappy.parquet	5606	0316FE45BFC538603625ACBA9C7B42E953DB8D96768F8D34D7AC2097B7DA743F
dw_ods.db	ods_product_event	dt=20260928	spark-warehouse\dw_ods.db\ods_product_event\dt=20260928\hour=23\part-00000-4f4e12af-f8db-4dbe-9ca0-a7e26a7a1793.c000.snappy.parquet	5568	0B4F0987976D49B7C7DA7F235A514CA2C4AC695C26D428CBF47B46DB29022615
dw_ods.db	ods_product_event	dt=20260929	spark-warehouse\dw_ods.db\ods_product_event\dt=20260929\hour=01\part-00000-4f4e12af-f8db-4dbe-9ca0-a7e26a7a1793.c000.snappy.parquet	5570	4620CE42257E6D7A6E5E17DE83A9A3C8FCAB78C68B03CB4C420566B83746567D
dw_ods.db	ods_product_event	dt=20260929	spark-warehouse\dw_ods.db\ods_product_event\dt=20260929\hour=02\part-00000-4f4e12af-f8db-4dbe-9ca0-a7e26a7a1793.c000.snappy.parquet	5570	5C76568B67320265D0FF39F089E11EBFF471F956F8C242AFAE88B7AEA1E9A89D
dw_ods.db	ods_product_event	dt=20260929	spark-warehouse\dw_ods.db\ods_product_event\dt=20260929\hour=05\part-00000-4f4e12af-f8db-4dbe-9ca0-a7e26a7a1793.c000.snappy.parquet	5570	2ED4DA5EAD5EBBFD65EEAF8575DCE74CCFEB5AD3776052B2B2D490016F016A66
dw_ods.db	ods_product_event	dt=20260929	spark-warehouse\dw_ods.db\ods_product_event\dt=20260929\hour=08\part-00000-4f4e12af-f8db-4dbe-9ca0-a7e26a7a1793.c000.snappy.parquet	5570	F3EE2D322F48228FDE219F85997ACAB91CB0EE45995B53B7104FF334F791F565
dw_ods.db	ods_product_event	dt=20260929	spark-warehouse\dw_ods.db\ods_product_event\dt=20260929\hour=09\part-00000-4f4e12af-f8db-4dbe-9ca0-a7e26a7a1793.c000.snappy.parquet	5569	F69F6F447B23FFFD1B663037D3E05B20263F8E4A03300E184594E88CD3B14CC9
dw_ods.db	ods_product_event	dt=20260929	spark-warehouse\dw_ods.db\ods_product_event\dt=20260929\hour=12\part-00000-4f4e12af-f8db-4dbe-9ca0-a7e26a7a1793.c000.snappy.parquet	5570	C2BD27BD9FC291A5C9EC621EC736DF7A9161307D5C971CC18B0CBBEA68E5B8FD
dw_ods.db	ods_product_event	dt=20260929	spark-warehouse\dw_ods.db\ods_product_event\dt=20260929\hour=13\part-00000-4f4e12af-f8db-4dbe-9ca0-a7e26a7a1793.c000.snappy.parquet	5570	8DFF2E7F5DA8A4CE67C3D24F5FB8B9236B498659A53F5344E546C71B37475B70
dw_ods.db	ods_product_event	dt=20260929	spark-warehouse\dw_ods.db\ods_product_event\dt=20260929\hour=16\part-00000-4f4e12af-f8db-4dbe-9ca0-a7e26a7a1793.c000.snappy.parquet	5570	F9FDE18003A04D482D28164FF829E8FB0CD4C5C6CCC402DA73E2213F22D98E0E
dw_ods.db	ods_product_event	dt=20260929	spark-warehouse\dw_ods.db\ods_product_event\dt=20260929\hour=18\part-00000-4f4e12af-f8db-4dbe-9ca0-a7e26a7a1793.c000.snappy.parquet	5570	40E28C21742B3AF111125D0A88BB52D2ABB3A1F92F54C2F32CB0FBA37E24A502
dw_ods.db	ods_product_event	dt=20260929	spark-warehouse\dw_ods.db\ods_product_event\dt=20260929\hour=20\part-00000-4f4e12af-f8db-4dbe-9ca0-a7e26a7a1793.c000.snappy.parquet	5570	7731D3C315238ADA6BD3A7429F804CFDD48013733A9B4F41D3D0395435050B2C
dw_ods.db	ods_product_event	dt=20260929	spark-warehouse\dw_ods.db\ods_product_event\dt=20260929\hour=21\part-00000-4f4e12af-f8db-4dbe-9ca0-a7e26a7a1793.c000.snappy.parquet	5570	385A74F2AAA35521E08D81568234C99B71B110B06ABDF38324503E06C7862C99
dw_ods.db	ods_product_event	dt=20260929	spark-warehouse\dw_ods.db\ods_product_event\dt=20260929\hour=23\part-00000-4f4e12af-f8db-4dbe-9ca0-a7e26a7a1793.c000.snappy.parquet	5941	06D64CE4CFBF2A59A9D6FC2FB8380778DBB2A56140316DD42CD383882ED6AAC5
dw_ods.db	ods_product_event	dt=20260930	spark-warehouse\dw_ods.db\ods_product_event\dt=20260930\hour=01\part-00000-4f4e12af-f8db-4dbe-9ca0-a7e26a7a1793.c000.snappy.parquet	5570	4B09F90C5AF5F750F6C29B958B1592012F50118DDB68D445250AABA9EA6D63DC
dw_ods.db	ods_product_event	dt=20260930	spark-warehouse\dw_ods.db\ods_product_event\dt=20260930\hour=02\part-00000-4f4e12af-f8db-4dbe-9ca0-a7e26a7a1793.c000.snappy.parquet	5569	2773ED8E983F186F31DA8506A62F0DF90F8E7EA77BB187DBD337360372A8E673
dw_ods.db	ods_product_event	dt=20260930	spark-warehouse\dw_ods.db\ods_product_event\dt=20260930\hour=05\part-00000-4f4e12af-f8db-4dbe-9ca0-a7e26a7a1793.c000.snappy.parquet	5570	3A54D98DBA5D7BF4290FF821A20F4A13DBB1EED3550FB114CDF928DCA0A92310
dw_ods.db	ods_product_event	dt=20260930	spark-warehouse\dw_ods.db\ods_product_event\dt=20260930\hour=11\part-00000-4f4e12af-f8db-4dbe-9ca0-a7e26a7a1793.c000.snappy.parquet	5570	5DA6947AB36FDDAB0576380C5037D9EFD278B972C553F2CE9B0C771FFB797E76
dw_ods.db	ods_product_event	dt=20260930	spark-warehouse\dw_ods.db\ods_product_event\dt=20260930\hour=12\part-00000-4f4e12af-f8db-4dbe-9ca0-a7e26a7a1793.c000.snappy.parquet	5941	2B4403E71C37E11A64BDC732B6741B40ED1D3E96D2376230EEE5CAD49104566E
dw_ods.db	ods_product_event	dt=20260930	spark-warehouse\dw_ods.db\ods_product_event\dt=20260930\hour=13\part-00000-4f4e12af-f8db-4dbe-9ca0-a7e26a7a1793.c000.snappy.parquet	5570	70CE117F4B7FF1012A6209F3929A1A43B9AB88B7228A183E1AFF6D70F2C4D956
dw_ods.db	ods_product_event	dt=20260930	spark-warehouse\dw_ods.db\ods_product_event\dt=20260930\hour=14\part-00000-4f4e12af-f8db-4dbe-9ca0-a7e26a7a1793.c000.snappy.parquet	5570	933884ED568A1E6DC05D6B6908CDB1A4167A44A3D99D57D6B8DE0118FB0E3BE4
dw_ods.db	ods_product_event	dt=20260930	spark-warehouse\dw_ods.db\ods_product_event\dt=20260930\hour=16\part-00000-4f4e12af-f8db-4dbe-9ca0-a7e26a7a1793.c000.snappy.parquet	5569	788C3AE2057DA622700A8722A6A1739D509C361E7742F274C9F3428CC2A33998
dw_ods.db	ods_product_event	dt=20260930	spark-warehouse\dw_ods.db\ods_product_event\dt=20260930\hour=17\part-00000-4f4e12af-f8db-4dbe-9ca0-a7e26a7a1793.c000.snappy.parquet	5570	CE5C0D0A9FA83520C3AED6E719E6DDA898603C93B3981114F0777CF593E7E53B
dw_ods.db	ods_product_event	dt=20260930	spark-warehouse\dw_ods.db\ods_product_event\dt=20260930\hour=18\part-00000-4f4e12af-f8db-4dbe-9ca0-a7e26a7a1793.c000.snappy.parquet	5942	E400FED22D592E7B48CB515944C4E4F46E7ED570A15102B5352533EA7B561A74
dw_ods.db	ods_product_event	dt=20260930	spark-warehouse\dw_ods.db\ods_product_event\dt=20260930\hour=20\part-00000-4f4e12af-f8db-4dbe-9ca0-a7e26a7a1793.c000.snappy.parquet	5570	E3D3937D7028EB6FC9EA15B1C459FB5E3DC1923392F5B8DD6C54820B47ABE385
dw_ods.db	ods_product_event	dt=20260930	spark-warehouse\dw_ods.db\ods_product_event\dt=20260930\hour=21\part-00000-4f4e12af-f8db-4dbe-9ca0-a7e26a7a1793.c000.snappy.parquet	5570	47DC410F95199DBD7B0430D25EEC705DBFB6F9762F31BC5C0D007E09E03E6272
dw_ods.db	ods_trade_event	dt=20260901	spark-warehouse\dw_ods.db\ods_trade_event\dt=20260901\hour=00\part-00000-d2ab7402-e32b-46a5-9250-1b16b2c57847.c000.snappy.parquet	6303	25FD0CB9018638AF938EC78DE4CA76536228ED21AC7EA3B11C6EE3DD932C1C8F
dw_ods.db	ods_trade_event	dt=20260901	spark-warehouse\dw_ods.db\ods_trade_event\dt=20260901\hour=04\part-00000-d2ab7402-e32b-46a5-9250-1b16b2c57847.c000.snappy.parquet	5700	2A9E68B2DBA68F1B3024B151680DDBF13EA2AF4D9F2503A7790543BFC283AEE0
dw_ods.db	ods_trade_event	dt=20260901	spark-warehouse\dw_ods.db\ods_trade_event\dt=20260901\hour=08\part-00000-d2ab7402-e32b-46a5-9250-1b16b2c57847.c000.snappy.parquet	6192	1FC7E120A5544F7B00D1555DA9CF1D93E10DEBFA65AE0DCA9004CBF67BC09DDA
dw_ods.db	ods_trade_event	dt=20260901	spark-warehouse\dw_ods.db\ods_trade_event\dt=20260901\hour=11\part-00000-d2ab7402-e32b-46a5-9250-1b16b2c57847.c000.snappy.parquet	5699	221F7DAB96BF5B71B9724DB6C3E901D106A3442467FC92C5E4AC33B8938F04CE
dw_ods.db	ods_trade_event	dt=20260901	spark-warehouse\dw_ods.db\ods_trade_event\dt=20260901\hour=12\part-00000-d2ab7402-e32b-46a5-9250-1b16b2c57847.c000.snappy.parquet	5691	85CD2A1FBE640741299D8881B436B5C5F038650B81F75CFA23C5547C12D33F0E
dw_ods.db	ods_trade_event	dt=20260901	spark-warehouse\dw_ods.db\ods_trade_event\dt=20260901\hour=13\part-00000-d2ab7402-e32b-46a5-9250-1b16b2c57847.c000.snappy.parquet	5670	369C8C807CE8648FDFCFC1CD7625817B95399A60CA75CFE024D8E340667CA226
dw_ods.db	ods_trade_event	dt=20260901	spark-warehouse\dw_ods.db\ods_trade_event\dt=20260901\hour=14\part-00000-d2ab7402-e32b-46a5-9250-1b16b2c57847.c000.snappy.parquet	6302	B9B1DFFFD744FF306B365B159F37770175D796084E3B01A521C446407143BC20
dw_ods.db	ods_trade_event	dt=20260901	spark-warehouse\dw_ods.db\ods_trade_event\dt=20260901\hour=15\part-00000-d2ab7402-e32b-46a5-9250-1b16b2c57847.c000.snappy.parquet	6302	31CA029EE10B27EE64ABDDD4A2CC2B4C56DFF52A3EF7B4EA40017CA81E885420
dw_ods.db	ods_trade_event	dt=20260901	spark-warehouse\dw_ods.db\ods_trade_event\dt=20260901\hour=21\part-00000-d2ab7402-e32b-46a5-9250-1b16b2c57847.c000.snappy.parquet	5670	3ABCF7157E378F8F4D4AA2ABA62614884ED237FF891995EB86CBEA5F0A3AAC31
dw_ods.db	ods_trade_event	dt=20260901	spark-warehouse\dw_ods.db\ods_trade_event\dt=20260901\hour=23\part-00000-d2ab7402-e32b-46a5-9250-1b16b2c57847.c000.snappy.parquet	6303	D992C37F890196063D806D3D318685E731D4F9401A4495DF100838E807C42F53
dw_ods.db	ods_trade_event	dt=20260902	spark-warehouse\dw_ods.db\ods_trade_event\dt=20260902\hour=00\part-00000-d2ab7402-e32b-46a5-9250-1b16b2c57847.c000.snappy.parquet	6312	D8006A24225C2C2DFC790B66F74FB898DF0DCA3F73A837A2F6A1A59B26D6D9C3
dw_ods.db	ods_trade_event	dt=20260902	spark-warehouse\dw_ods.db\ods_trade_event\dt=20260902\hour=04\part-00000-d2ab7402-e32b-46a5-9250-1b16b2c57847.c000.snappy.parquet	5691	FCCA0C7BFE80FEE9A09772631F41EE6F8244F047AF07648CAB8F54B63F6B905B
dw_ods.db	ods_trade_event	dt=20260902	spark-warehouse\dw_ods.db\ods_trade_event\dt=20260902\hour=07\part-00000-d2ab7402-e32b-46a5-9250-1b16b2c57847.c000.snappy.parquet	6313	5E685B84290008A537F8AAE6AF32B5E74221DD8776E3D1B107E82295196A99B5
dw_ods.db	ods_trade_event	dt=20260902	spark-warehouse\dw_ods.db\ods_trade_event\dt=20260902\hour=10\part-00000-d2ab7402-e32b-46a5-9250-1b16b2c57847.c000.snappy.parquet	6303	23331EA220170A82F554D22931A566AAA28202AF92151289D53EB8DFDBE0D7F9
dw_ods.db	ods_trade_event	dt=20260902	spark-warehouse\dw_ods.db\ods_trade_event\dt=20260902\hour=11\part-00000-d2ab7402-e32b-46a5-9250-1b16b2c57847.c000.snappy.parquet	6303	4D4D1643B198527AEBC496623D545CA0A69711E1A1698C1362B84C3C1A775B22
dw_ods.db	ods_trade_event	dt=20260902	spark-warehouse\dw_ods.db\ods_trade_event\dt=20260902\hour=12\part-00000-d2ab7402-e32b-46a5-9250-1b16b2c57847.c000.snappy.parquet	5700	D66E9266AC8FFF9DEB04EA74C566DEDCDF1847C3517648B882B2620946E6419F
dw_ods.db	ods_trade_event	dt=20260902	spark-warehouse\dw_ods.db\ods_trade_event\dt=20260902\hour=13\part-00000-d2ab7402-e32b-46a5-9250-1b16b2c57847.c000.snappy.parquet	5691	C402212EA349F2543C82CE2A76EAA16BC9EC39F66D83358D39DCB0A7057B6566
dw_ods.db	ods_trade_event	dt=20260902	spark-warehouse\dw_ods.db\ods_trade_event\dt=20260902\hour=14\part-00000-d2ab7402-e32b-46a5-9250-1b16b2c57847.c000.snappy.parquet	5691	32100C6C0BCDDDA0648FB3E0A5EAA1F52D5C4FF7B10C76EA9BE4836A68747B6A
dw_ods.db	ods_trade_event	dt=20260902	spark-warehouse\dw_ods.db\ods_trade_event\dt=20260902\hour=17\part-00000-d2ab7402-e32b-46a5-9250-1b16b2c57847.c000.snappy.parquet	6303	365237BEF8D002585C6863EB5559F7238270C1E81FF6F21E81078398D87E804D
dw_ods.db	ods_trade_event	dt=20260902	spark-warehouse\dw_ods.db\ods_trade_event\dt=20260902\hour=19\part-00000-d2ab7402-e32b-46a5-9250-1b16b2c57847.c000.snappy.parquet	5670	4D85B7A5F8D2E0002F036427F7DC6BC0EC767690E09C41956E79E0F5F4447347
dw_ods.db	ods_trade_event	dt=20260902	spark-warehouse\dw_ods.db\ods_trade_event\dt=20260902\hour=20\part-00000-d2ab7402-e32b-46a5-9250-1b16b2c57847.c000.snappy.parquet	5663	C89F8483F0756D9B12E64014BD8BB9CCC5DFABEDC1AFE357B9058AA091539B81
dw_ods.db	ods_trade_event	dt=20260902	spark-warehouse\dw_ods.db\ods_trade_event\dt=20260902\hour=23\part-00000-d2ab7402-e32b-46a5-9250-1b16b2c57847.c000.snappy.parquet	6308	5A2C13FDD2931E8EA3623990463FB3CC214915F361BF909F953F353829E0F9FD
dw_ods.db	ods_trade_event	dt=20260903	spark-warehouse\dw_ods.db\ods_trade_event\dt=20260903\hour=04\part-00000-d2ab7402-e32b-46a5-9250-1b16b2c57847.c000.snappy.parquet	5697	C927379193FE337C32CC14A303E0DB7157601EDB1D797AB50EBD416A1B4C4AF6
dw_ods.db	ods_trade_event	dt=20260903	spark-warehouse\dw_ods.db\ods_trade_event\dt=20260903\hour=07\part-00000-d2ab7402-e32b-46a5-9250-1b16b2c57847.c000.snappy.parquet	5670	39BA9A16126387DDA770B06CAAB999BE61A9C44F0D365AD5A27A8AA14A5101AE
dw_ods.db	ods_trade_event	dt=20260903	spark-warehouse\dw_ods.db\ods_trade_event\dt=20260903\hour=08\part-00000-d2ab7402-e32b-46a5-9250-1b16b2c57847.c000.snappy.parquet	6303	16DEFD3F3B719B7E8D48BE6694DD8ED7A437B12D2F840EA1FA068DCC3CECB548
dw_ods.db	ods_trade_event	dt=20260903	spark-warehouse\dw_ods.db\ods_trade_event\dt=20260903\hour=11\part-00000-d2ab7402-e32b-46a5-9250-1b16b2c57847.c000.snappy.parquet	6313	056902B0064EA5E44E60BDA0F605BE0721587923C0C114A8C52AB979FA46E80E
dw_ods.db	ods_trade_event	dt=20260903	spark-warehouse\dw_ods.db\ods_trade_event\dt=20260903\hour=12\part-00000-d2ab7402-e32b-46a5-9250-1b16b2c57847.c000.snappy.parquet	5669	11F3D582B9D8D0E66247365085811644CAAC65C10B086550E065E43DDD7DEBCD
dw_ods.db	ods_trade_event	dt=20260903	spark-warehouse\dw_ods.db\ods_trade_event\dt=20260903\hour=14\part-00000-d2ab7402-e32b-46a5-9250-1b16b2c57847.c000.snappy.parquet	6421	2B0B08B80795FF2988F454AA26A88FD90A3552A32421CEC45CE673CD0C82AD04
dw_ods.db	ods_trade_event	dt=20260903	spark-warehouse\dw_ods.db\ods_trade_event\dt=20260903\hour=18\part-00000-d2ab7402-e32b-46a5-9250-1b16b2c57847.c000.snappy.parquet	5662	74C22D1ED5CCD1680582BA4200905923BD3D800731D1E7C82B8D112E85C3B1E6
dw_ods.db	ods_trade_event	dt=20260904	spark-warehouse\dw_ods.db\ods_trade_event\dt=20260904\hour=02\part-00000-d2ab7402-e32b-46a5-9250-1b16b2c57847.c000.snappy.parquet	6307	754EB6B425EC8000D09CBDB93B24642157CB5F38122B463DD0842A7FFC254933
dw_ods.db	ods_trade_event	dt=20260904	spark-warehouse\dw_ods.db\ods_trade_event\dt=20260904\hour=04\part-00000-d2ab7402-e32b-46a5-9250-1b16b2c57847.c000.snappy.parquet	6302	A2A06381F83B59F8BC01C89D776BEE082E1033780F88D6A6FBDEC4BBDE938B9B
dw_ods.db	ods_trade_event	dt=20260904	spark-warehouse\dw_ods.db\ods_trade_event\dt=20260904\hour=08\part-00000-d2ab7402-e32b-46a5-9250-1b16b2c57847.c000.snappy.parquet	5685	4F73E16F5321914C299735EC63424FD75E340D6DFBEFC688AC72CDD652784D93
dw_ods.db	ods_trade_event	dt=20260904	spark-warehouse\dw_ods.db\ods_trade_event\dt=20260904\hour=12\part-00000-d2ab7402-e32b-46a5-9250-1b16b2c57847.c000.snappy.parquet	6303	5D209829D5E6E62BC14605CE33EA8DB0FC78CC72F88891FF6C5F7996D880E68B
dw_ods.db	ods_trade_event	dt=20260904	spark-warehouse\dw_ods.db\ods_trade_event\dt=20260904\hour=19\part-00000-d2ab7402-e32b-46a5-9250-1b16b2c57847.c000.snappy.parquet	6303	44E6C7B6959701A4B688F072F03701D25BDCAC99EF60879BCBB086D1FD193BE6
dw_ods.db	ods_trade_event	dt=20260905	spark-warehouse\dw_ods.db\ods_trade_event\dt=20260905\hour=01\part-00000-d2ab7402-e32b-46a5-9250-1b16b2c57847.c000.snappy.parquet	6313	F6E13D8C68AF93530E313DA15718A16952AA09CCEB1079216E4504587AB07021
dw_ods.db	ods_trade_event	dt=20260905	spark-warehouse\dw_ods.db\ods_trade_event\dt=20260905\hour=06\part-00000-d2ab7402-e32b-46a5-9250-1b16b2c57847.c000.snappy.parquet	5670	F43F4ABA409464C66DA3F768BE3685B459A90BF66CB85AA0604EFDD1362D9E3D
dw_ods.db	ods_trade_event	dt=20260905	spark-warehouse\dw_ods.db\ods_trade_event\dt=20260905\hour=10\part-00000-d2ab7402-e32b-46a5-9250-1b16b2c57847.c000.snappy.parquet	6312	CD635D26A2702964358EE17AFC4E0A754CE87762DD731A40839466356C6AABE5
dw_ods.db	ods_trade_event	dt=20260905	spark-warehouse\dw_ods.db\ods_trade_event\dt=20260905\hour=11\part-00000-d2ab7402-e32b-46a5-9250-1b16b2c57847.c000.snappy.parquet	5663	1AF08587EA9858B0C30438817B111A7C7A6CE90F2CF5A6050459A73DD40129A0
dw_ods.db	ods_trade_event	dt=20260906	spark-warehouse\dw_ods.db\ods_trade_event\dt=20260906\hour=00\part-00000-d2ab7402-e32b-46a5-9250-1b16b2c57847.c000.snappy.parquet	5700	F9193F9D54828EB1CE1994FFACE92436D33F49E1199992EACBFCF55F3F767D62
dw_ods.db	ods_trade_event	dt=20260906	spark-warehouse\dw_ods.db\ods_trade_event\dt=20260906\hour=02\part-00000-d2ab7402-e32b-46a5-9250-1b16b2c57847.c000.snappy.parquet	5808	002C72CEF53E61D925E0E1A21895D0D97416C2BF227BC937182E80CD4A0758E8
dw_ods.db	ods_trade_event	dt=20260906	spark-warehouse\dw_ods.db\ods_trade_event\dt=20260906\hour=04\part-00000-d2ab7402-e32b-46a5-9250-1b16b2c57847.c000.snappy.parquet	5721	6528F812FA8B643416D916F68495327DF7E423A8DECCD5115FF30A7EEBDF2686
dw_ods.db	ods_trade_event	dt=20260906	spark-warehouse\dw_ods.db\ods_trade_event\dt=20260906\hour=08\part-00000-d2ab7402-e32b-46a5-9250-1b16b2c57847.c000.snappy.parquet	5663	91A8F8CE301655E6DD19DE690ADB3B6C4594D7D759E76CBE4AD38CD8FFCA8E40
dw_ods.db	ods_trade_event	dt=20260906	spark-warehouse\dw_ods.db\ods_trade_event\dt=20260906\hour=09\part-00000-d2ab7402-e32b-46a5-9250-1b16b2c57847.c000.snappy.parquet	6201	02D73F03A3B3CAF2A139EDAF47CB0A78FD3DD8F6706FD5258052627149AC0C70
dw_ods.db	ods_trade_event	dt=20260906	spark-warehouse\dw_ods.db\ods_trade_event\dt=20260906\hour=12\part-00000-d2ab7402-e32b-46a5-9250-1b16b2c57847.c000.snappy.parquet	6303	B7515255F9DA9F9C8ED9C9084C0BEA05C5AF5094248CB817CA97D5ECEE703369
dw_ods.db	ods_trade_event	dt=20260906	spark-warehouse\dw_ods.db\ods_trade_event\dt=20260906\hour=13\part-00000-d2ab7402-e32b-46a5-9250-1b16b2c57847.c000.snappy.parquet	5700	14A24E0F327301947FA6539495D892E5A6DB1FD2667AB3E11F1BEEE39BE0AD2E
dw_ods.db	ods_trade_event	dt=20260906	spark-warehouse\dw_ods.db\ods_trade_event\dt=20260906\hour=15\part-00000-d2ab7402-e32b-46a5-9250-1b16b2c57847.c000.snappy.parquet	6307	4F986F4309108C3B7DC5A4BC797B47154C506934C62457F415E92F99E031DDC7
dw_ods.db	ods_trade_event	dt=20260906	spark-warehouse\dw_ods.db\ods_trade_event\dt=20260906\hour=19\part-00000-d2ab7402-e32b-46a5-9250-1b16b2c57847.c000.snappy.parquet	5670	738174FEA79EB81479DA48F6A00480E1ECF4BFE3415F400657915FE2C7D0E475
dw_ods.db	ods_trade_event	dt=20260906	spark-warehouse\dw_ods.db\ods_trade_event\dt=20260906\hour=20\part-00000-d2ab7402-e32b-46a5-9250-1b16b2c57847.c000.snappy.parquet	5700	41830E41E0E8DDA6260F29407C782E29BF67E8BBD7E8AFB2394D6F6CFF749F5E
dw_ods.db	ods_trade_event	dt=20260906	spark-warehouse\dw_ods.db\ods_trade_event\dt=20260906\hour=22\part-00000-d2ab7402-e32b-46a5-9250-1b16b2c57847.c000.snappy.parquet	6308	18F5CE28529C8FB2381BCCBC65E6093B040344C2A68F6631464D66B6E61410EF
dw_ods.db	ods_trade_event	dt=20260907	spark-warehouse\dw_ods.db\ods_trade_event\dt=20260907\hour=06\part-00000-d2ab7402-e32b-46a5-9250-1b16b2c57847.c000.snappy.parquet	6303	B9CC531FE26ED32787DD591C0600803D722338188676328453AB84BF47A44DDE
dw_ods.db	ods_trade_event	dt=20260907	spark-warehouse\dw_ods.db\ods_trade_event\dt=20260907\hour=07\part-00000-d2ab7402-e32b-46a5-9250-1b16b2c57847.c000.snappy.parquet	6308	1C87FE448E72C3016934F59F834B5E7277C45BFAE1CA8D7E023E17C6E39A5953
dw_ods.db	ods_trade_event	dt=20260907	spark-warehouse\dw_ods.db\ods_trade_event\dt=20260907\hour=10\part-00000-d2ab7402-e32b-46a5-9250-1b16b2c57847.c000.snappy.parquet	5699	C3E426D0A797CC8CC213F9D8B6E66F0FB2737773BCE0119D28095E77CC00A7E6
dw_ods.db	ods_trade_event	dt=20260907	spark-warehouse\dw_ods.db\ods_trade_event\dt=20260907\hour=11\part-00000-d2ab7402-e32b-46a5-9250-1b16b2c57847.c000.snappy.parquet	5691	6505EFC77BFA740B8DE1A30159929F94657FBBE73E7725AE5E4E4F59A8BCA2E0
dw_ods.db	ods_trade_event	dt=20260907	spark-warehouse\dw_ods.db\ods_trade_event\dt=20260907\hour=18\part-00000-d2ab7402-e32b-46a5-9250-1b16b2c57847.c000.snappy.parquet	6308	60D34F294D2A672CA0855F21AE21A168D2AED0AF9C0C21A6D27ACDAFD8C2E952
dw_ods.db	ods_trade_event	dt=20260907	spark-warehouse\dw_ods.db\ods_trade_event\dt=20260907\hour=20\part-00000-d2ab7402-e32b-46a5-9250-1b16b2c57847.c000.snappy.parquet	5690	BD00B50DDAAD1F937C98D324B375A18CDA23F8531025FBB60B545B2A32557381
dw_ods.db	ods_trade_event	dt=20260907	spark-warehouse\dw_ods.db\ods_trade_event\dt=20260907\hour=22\part-00000-d2ab7402-e32b-46a5-9250-1b16b2c57847.c000.snappy.parquet	5663	B6A54748CB0ACEE8BAEBA9493D29E87918F95410DBB9C0A7E0E14AF8EAF8BBA1
dw_ods.db	ods_trade_event	dt=20260908	spark-warehouse\dw_ods.db\ods_trade_event\dt=20260908\hour=01\part-00000-d2ab7402-e32b-46a5-9250-1b16b2c57847.c000.snappy.parquet	6313	710FC4D528E0C0D0612CBFAEC9CC239103F71DDAC35C503E3146486B8D0B3485
dw_ods.db	ods_trade_event	dt=20260908	spark-warehouse\dw_ods.db\ods_trade_event\dt=20260908\hour=02\part-00000-d2ab7402-e32b-46a5-9250-1b16b2c57847.c000.snappy.parquet	6308	75017B05E824DA44184834B8175677137598A21C7EEA27D77ED64D445B8EE81E
dw_ods.db	ods_trade_event	dt=20260908	spark-warehouse\dw_ods.db\ods_trade_event\dt=20260908\hour=06\part-00000-d2ab7402-e32b-46a5-9250-1b16b2c57847.c000.snappy.parquet	5700	D9A05DEF897D5826C9C94405BAD368FB10675ED94F675A7A639A1949D2159688
dw_ods.db	ods_trade_event	dt=20260908	spark-warehouse\dw_ods.db\ods_trade_event\dt=20260908\hour=07\part-00000-d2ab7402-e32b-46a5-9250-1b16b2c57847.c000.snappy.parquet	5662	09EAA330A4901D55B5DA2A67D989008EF195B9A2E7EDFCD9BB277F8CC8199033
dw_ods.db	ods_trade_event	dt=20260908	spark-warehouse\dw_ods.db\ods_trade_event\dt=20260908\hour=08\part-00000-d2ab7402-e32b-46a5-9250-1b16b2c57847.c000.snappy.parquet	6313	19D0AB21CACBF912C316A1E5FBB709F383FD63001245EC9C534CD78E42D04F2B
dw_ods.db	ods_trade_event	dt=20260908	spark-warehouse\dw_ods.db\ods_trade_event\dt=20260908\hour=09\part-00000-d2ab7402-e32b-46a5-9250-1b16b2c57847.c000.snappy.parquet	5699	89FE41FD94AE1665ECF3AE7BD6A3A705510EFA261C0170D0EF6CE1AD50022AC2
dw_ods.db	ods_trade_event	dt=20260908	spark-warehouse\dw_ods.db\ods_trade_event\dt=20260908\hour=11\part-00000-d2ab7402-e32b-46a5-9250-1b16b2c57847.c000.snappy.parquet	6397	5383C092A4E8D91D7689E838B9BAFD6C679A2261824A17BB007A7D705C069A8E
dw_ods.db	ods_trade_event	dt=20260908	spark-warehouse\dw_ods.db\ods_trade_event\dt=20260908\hour=14\part-00000-d2ab7402-e32b-46a5-9250-1b16b2c57847.c000.snappy.parquet	5670	7DE6120734DD0C81247E77B128701FD001973E36136FBC85C484B0AD628DDABD
dw_ods.db	ods_trade_event	dt=20260908	spark-warehouse\dw_ods.db\ods_trade_event\dt=20260908\hour=15\part-00000-d2ab7402-e32b-46a5-9250-1b16b2c57847.c000.snappy.parquet	5691	C94DF75CB950A0F5719D9F08C1DEE7B143C5A7069EB56752891DD390295DDC13
dw_ods.db	ods_trade_event	dt=20260908	spark-warehouse\dw_ods.db\ods_trade_event\dt=20260908\hour=16\part-00000-d2ab7402-e32b-46a5-9250-1b16b2c57847.c000.snappy.parquet	6308	FC6DA414F605C9784FC61F151F8CDAD63D53CF5E01B17750B876DF198E74C7CA
dw_ods.db	ods_trade_event	dt=20260908	spark-warehouse\dw_ods.db\ods_trade_event\dt=20260908\hour=20\part-00000-d2ab7402-e32b-46a5-9250-1b16b2c57847.c000.snappy.parquet	5691	22114E862D0851E9B89985518B15E6BAABFB4DFC7C661423F644F82E05CFC861
dw_ods.db	ods_trade_event	dt=20260908	spark-warehouse\dw_ods.db\ods_trade_event\dt=20260908\hour=21\part-00000-d2ab7402-e32b-46a5-9250-1b16b2c57847.c000.snappy.parquet	5663	60BB352E4E0AF0A4600184D3C66F44DCCF8A8AFBAB9C175487DFDFDE6DE60EFC
dw_ods.db	ods_trade_event	dt=20260908	spark-warehouse\dw_ods.db\ods_trade_event\dt=20260908\hour=22\part-00000-d2ab7402-e32b-46a5-9250-1b16b2c57847.c000.snappy.parquet	6307	92DC4DBDBAD1B74829F929A174AACD38557AF86A8130766F7002431D6E2DB053
dw_ods.db	ods_trade_event	dt=20260909	spark-warehouse\dw_ods.db\ods_trade_event\dt=20260909\hour=03\part-00000-d2ab7402-e32b-46a5-9250-1b16b2c57847.c000.snappy.parquet	6300	725A03E2CBB4B464B4E0265421B4E2FF8F1BEF48D8C20C33A5CC2C4ACA8B7778
dw_ods.db	ods_trade_event	dt=20260909	spark-warehouse\dw_ods.db\ods_trade_event\dt=20260909\hour=06\part-00000-d2ab7402-e32b-46a5-9250-1b16b2c57847.c000.snappy.parquet	6303	53424CA3DE36EB381134027EF2B9EFEB86AF8560667858C1A90F6C46D8DE6F39
dw_ods.db	ods_trade_event	dt=20260909	spark-warehouse\dw_ods.db\ods_trade_event\dt=20260909\hour=07\part-00000-d2ab7402-e32b-46a5-9250-1b16b2c57847.c000.snappy.parquet	5669	25347FF23B2ABCD172E0A865B2F74001F70DD40B893BA40BF874BECB49927FBE
dw_ods.db	ods_trade_event	dt=20260909	spark-warehouse\dw_ods.db\ods_trade_event\dt=20260909\hour=13\part-00000-d2ab7402-e32b-46a5-9250-1b16b2c57847.c000.snappy.parquet	6303	7CEDF8AAD7E686ACD7565524B29C702E40E3427E0AC990EE055FB60C03FA8469
dw_ods.db	ods_trade_event	dt=20260909	spark-warehouse\dw_ods.db\ods_trade_event\dt=20260909\hour=14\part-00000-d2ab7402-e32b-46a5-9250-1b16b2c57847.c000.snappy.parquet	6307	E8CCB33DA1532455C2DE871020E8D7E151840EC7DD1AA8AAFAEDF03E2B720911
dw_ods.db	ods_trade_event	dt=20260909	spark-warehouse\dw_ods.db\ods_trade_event\dt=20260909\hour=18\part-00000-d2ab7402-e32b-46a5-9250-1b16b2c57847.c000.snappy.parquet	5686	F891DC0BB7A962C04C732F1C7C3AD355106ABFE862202D6BDF91393556FAB158
dw_ods.db	ods_trade_event	dt=20260909	spark-warehouse\dw_ods.db\ods_trade_event\dt=20260909\hour=19\part-00000-d2ab7402-e32b-46a5-9250-1b16b2c57847.c000.snappy.parquet	5663	166BE05825D8313F80285F2D58940A4045E00B61AA504ADF0AE40879B1A93F54
dw_ods.db	ods_trade_event	dt=20260909	spark-warehouse\dw_ods.db\ods_trade_event\dt=20260909\hour=22\part-00000-d2ab7402-e32b-46a5-9250-1b16b2c57847.c000.snappy.parquet	5691	F2DD23249E665C535A40765C2979FCBB10373D0E3741CB410E71BF63772F97D7
dw_ods.db	ods_trade_event	dt=20260910	spark-warehouse\dw_ods.db\ods_trade_event\dt=20260910\hour=05\part-00000-d2ab7402-e32b-46a5-9250-1b16b2c57847.c000.snappy.parquet	6308	1E0235DE0A944CC55A19AF5C21D32B1C24F11F3FAC060A76B8EEE7B348C1AF9F
dw_ods.db	ods_trade_event	dt=20260910	spark-warehouse\dw_ods.db\ods_trade_event\dt=20260910\hour=06\part-00000-d2ab7402-e32b-46a5-9250-1b16b2c57847.c000.snappy.parquet	6303	C142E9BD491F4B402DCBAE00058BE9D6050D1512C0BCD720FAF112609BEBEF1F
dw_ods.db	ods_trade_event	dt=20260910	spark-warehouse\dw_ods.db\ods_trade_event\dt=20260910\hour=09\part-00000-d2ab7402-e32b-46a5-9250-1b16b2c57847.c000.snappy.parquet	6367	D7A542AD7978554DFA8C7798ACFB9935A29C624FD1A7873B5CE5093DD136D89A
dw_ods.db	ods_trade_event	dt=20260910	spark-warehouse\dw_ods.db\ods_trade_event\dt=20260910\hour=11\part-00000-d2ab7402-e32b-46a5-9250-1b16b2c57847.c000.snappy.parquet	5771	364F610F8083870CBFB70A7B187EDE540F4944951D763046DE39BBBBE2AF6303
dw_ods.db	ods_trade_event	dt=20260910	spark-warehouse\dw_ods.db\ods_trade_event\dt=20260910\hour=12\part-00000-d2ab7402-e32b-46a5-9250-1b16b2c57847.c000.snappy.parquet	5691	4C5E8512FDA38D84D19B454DD31F1E8FD6E969EEE9D54B18EC39E151E95F2657
dw_ods.db	ods_trade_event	dt=20260910	spark-warehouse\dw_ods.db\ods_trade_event\dt=20260910\hour=15\part-00000-d2ab7402-e32b-46a5-9250-1b16b2c57847.c000.snappy.parquet	6365	FA3CCADC34B75314567D05C9BCE6955369CB29BC4F6BD2990F2F904225AD4E9C
dw_ods.db	ods_trade_event	dt=20260910	spark-warehouse\dw_ods.db\ods_trade_event\dt=20260910\hour=16\part-00000-d2ab7402-e32b-46a5-9250-1b16b2c57847.c000.snappy.parquet	5668	DA9FDD143EB5E3F43187834C0EE1C0787A6998520773BBA8B014E328C99CE293
dw_ods.db	ods_trade_event	dt=20260910	spark-warehouse\dw_ods.db\ods_trade_event\dt=20260910\hour=17\part-00000-d2ab7402-e32b-46a5-9250-1b16b2c57847.c000.snappy.parquet	6302	D9CD555174D72B4BF0FFF7C1545B9DA30A347DB38AF8FD8515C18F68D35F2EBA
dw_ods.db	ods_trade_event	dt=20260910	spark-warehouse\dw_ods.db\ods_trade_event\dt=20260910\hour=18\part-00000-d2ab7402-e32b-46a5-9250-1b16b2c57847.c000.snappy.parquet	6302	8C3E39D7424AB8AEE9E75153D4DCCFC7A72A73AFA5FCDC50CF2F8D28D9AE00DE
dw_ods.db	ods_trade_event	dt=20260910	spark-warehouse\dw_ods.db\ods_trade_event\dt=20260910\hour=22\part-00000-d2ab7402-e32b-46a5-9250-1b16b2c57847.c000.snappy.parquet	6435	BC08AB5DF96084F1F28F23D5BDD9140723EF9F4EBF12CE5674B925074B3B13D8
dw_ods.db	ods_trade_event	dt=20260910	spark-warehouse\dw_ods.db\ods_trade_event\dt=20260910\hour=23\part-00000-d2ab7402-e32b-46a5-9250-1b16b2c57847.c000.snappy.parquet	6301	44C4FE7AAE31935854D0DB3239B99E86FEE6782C8D0C9DFD0ADC30927F932E5F
dw_ods.db	ods_trade_event	dt=20260911	spark-warehouse\dw_ods.db\ods_trade_event\dt=20260911\hour=01\part-00000-d2ab7402-e32b-46a5-9250-1b16b2c57847.c000.snappy.parquet	6307	C921752B2988E2329CED1DD529611A2637A72597778C2DD310B40FA5A7261B96
dw_ods.db	ods_trade_event	dt=20260911	spark-warehouse\dw_ods.db\ods_trade_event\dt=20260911\hour=04\part-00000-d2ab7402-e32b-46a5-9250-1b16b2c57847.c000.snappy.parquet	6313	D6036E7A5E58303DFA75781FB0EA57710D128C846FD0109BB1345AF37121DB63
dw_ods.db	ods_trade_event	dt=20260911	spark-warehouse\dw_ods.db\ods_trade_event\dt=20260911\hour=06\part-00000-d2ab7402-e32b-46a5-9250-1b16b2c57847.c000.snappy.parquet	6303	EC4BFE548D65AAC887D9B8CDED73656C0AB0C8F8E3DEF3F92F51E5B52974948B
dw_ods.db	ods_trade_event	dt=20260911	spark-warehouse\dw_ods.db\ods_trade_event\dt=20260911\hour=16\part-00000-d2ab7402-e32b-46a5-9250-1b16b2c57847.c000.snappy.parquet	5663	D8629CA8F4948F96AE69CC4DAD6460DD2C69FDB8F927D61B4C9E79EA178F70B4
dw_ods.db	ods_trade_event	dt=20260911	spark-warehouse\dw_ods.db\ods_trade_event\dt=20260911\hour=19\part-00000-d2ab7402-e32b-46a5-9250-1b16b2c57847.c000.snappy.parquet	6303	25A62DF5209C43113845C2970C67E187EFF6514B9A8AD5A23EBF34ABF5E5B3ED
dw_ods.db	ods_trade_event	dt=20260911	spark-warehouse\dw_ods.db\ods_trade_event\dt=20260911\hour=20\part-00000-d2ab7402-e32b-46a5-9250-1b16b2c57847.c000.snappy.parquet	5691	AB8FC9D186E125DAF838F33A5330B36A8A8958E0B7B382C5C934A33CA0DD6E73
dw_ods.db	ods_trade_event	dt=20260911	spark-warehouse\dw_ods.db\ods_trade_event\dt=20260911\hour=22\part-00000-d2ab7402-e32b-46a5-9250-1b16b2c57847.c000.snappy.parquet	6307	E4102261323D140A5710782093811539854F5E202D17FF4C3BE8580FEE9A21AA
dw_ods.db	ods_trade_event	dt=20260911	spark-warehouse\dw_ods.db\ods_trade_event\dt=20260911\hour=23\part-00000-d2ab7402-e32b-46a5-9250-1b16b2c57847.c000.snappy.parquet	5661	E5F6A1646CE6295085E8E4BDA2B6B68197816294D0825B85A8D004B9A894B51D
dw_ods.db	ods_trade_event	dt=20260912	spark-warehouse\dw_ods.db\ods_trade_event\dt=20260912\hour=05\part-00000-d2ab7402-e32b-46a5-9250-1b16b2c57847.c000.snappy.parquet	6303	A908CEEFCCA07CA8F8D0AF19A3C1C05C06F007E39BE59892655D913D9156AE07
dw_ods.db	ods_trade_event	dt=20260912	spark-warehouse\dw_ods.db\ods_trade_event\dt=20260912\hour=07\part-00000-d2ab7402-e32b-46a5-9250-1b16b2c57847.c000.snappy.parquet	6308	7D48E2A7E7D14EF4D78D9563B277CFB0B1FC2EDA5AAE137012D7610B9B722C17
dw_ods.db	ods_trade_event	dt=20260912	spark-warehouse\dw_ods.db\ods_trade_event\dt=20260912\hour=10\part-00000-d2ab7402-e32b-46a5-9250-1b16b2c57847.c000.snappy.parquet	6422	122DA5A665A1BB71BF51722B92534E82C82ECE8A5FF9DE8218A848B4484593B0
dw_ods.db	ods_trade_event	dt=20260912	spark-warehouse\dw_ods.db\ods_trade_event\dt=20260912\hour=11\part-00000-d2ab7402-e32b-46a5-9250-1b16b2c57847.c000.snappy.parquet	5700	723278E90964FDA3326DC51A0A6A990BE761D263702FDE4AFCFB36D4A11AEE92
dw_ods.db	ods_trade_event	dt=20260912	spark-warehouse\dw_ods.db\ods_trade_event\dt=20260912\hour=16\part-00000-d2ab7402-e32b-46a5-9250-1b16b2c57847.c000.snappy.parquet	6291	DCB892D5A329509DD68E27286D49FF4D485518C97E7BA01048AC4C131FE403D8
dw_ods.db	ods_trade_event	dt=20260912	spark-warehouse\dw_ods.db\ods_trade_event\dt=20260912\hour=18\part-00000-d2ab7402-e32b-46a5-9250-1b16b2c57847.c000.snappy.parquet	5663	6273E2DA42E3E39B2BB5B6FE4684F369B1A7B0D3C06F58CCC04653A1AFEC60E5
dw_ods.db	ods_trade_event	dt=20260912	spark-warehouse\dw_ods.db\ods_trade_event\dt=20260912\hour=19\part-00000-d2ab7402-e32b-46a5-9250-1b16b2c57847.c000.snappy.parquet	5700	1AA21615EE271EE5491396DD1184294EA8261EB4FDA2741EBD0747171D8D493A
dw_ods.db	ods_trade_event	dt=20260912	spark-warehouse\dw_ods.db\ods_trade_event\dt=20260912\hour=20\part-00000-d2ab7402-e32b-46a5-9250-1b16b2c57847.c000.snappy.parquet	5690	0D0E0EA21201804DC4CE076D8AA09C8BC13D223DF23BB8769D213C9DE5305518
dw_ods.db	ods_trade_event	dt=20260912	spark-warehouse\dw_ods.db\ods_trade_event\dt=20260912\hour=23\part-00000-d2ab7402-e32b-46a5-9250-1b16b2c57847.c000.snappy.parquet	6420	B5EC6DBF611D7A0A9D2D5F4E3E09EE5EA6A9C5261DA284ACA4A1ED44AAA5084D
dw_ods.db	ods_trade_event	dt=20260913	spark-warehouse\dw_ods.db\ods_trade_event\dt=20260913\hour=03\part-00000-d2ab7402-e32b-46a5-9250-1b16b2c57847.c000.snappy.parquet	6427	CE0F62F6688D01A8DDCCFFA3E29F9C531530058379809513536EDFB30A5674F5
dw_ods.db	ods_trade_event	dt=20260913	spark-warehouse\dw_ods.db\ods_trade_event\dt=20260913\hour=06\part-00000-d2ab7402-e32b-46a5-9250-1b16b2c57847.c000.snappy.parquet	6318	5C194B8BC606D8DD7A19FCED3B2EC1C39F4D73C2EC5D197E189B3E1A4CD3865A
dw_ods.db	ods_trade_event	dt=20260913	spark-warehouse\dw_ods.db\ods_trade_event\dt=20260913\hour=07\part-00000-d2ab7402-e32b-46a5-9250-1b16b2c57847.c000.snappy.parquet	5700	A0E7B421B4789E92CBDFAAED81A16435A26546C3F1BF7AFF5EA0BC618B3DE33E
dw_ods.db	ods_trade_event	dt=20260913	spark-warehouse\dw_ods.db\ods_trade_event\dt=20260913\hour=09\part-00000-d2ab7402-e32b-46a5-9250-1b16b2c57847.c000.snappy.parquet	6502	E3DD40F03445256DFCBC5726540A55BEE3A4FE9E19ADED901585BB4C13726808
dw_ods.db	ods_trade_event	dt=20260913	spark-warehouse\dw_ods.db\ods_trade_event\dt=20260913\hour=11\part-00000-d2ab7402-e32b-46a5-9250-1b16b2c57847.c000.snappy.parquet	5721	9C45FCC751C789EF158F603A5EA0827F7963DF65F49AA76E629F3904DAF2B309
dw_ods.db	ods_trade_event	dt=20260913	spark-warehouse\dw_ods.db\ods_trade_event\dt=20260913\hour=12\part-00000-d2ab7402-e32b-46a5-9250-1b16b2c57847.c000.snappy.parquet	5698	86FBF2A5AE011FE414FAD9CC7CDA34503BB07AD401D74862C8598476C036A0BE
dw_ods.db	ods_trade_event	dt=20260913	spark-warehouse\dw_ods.db\ods_trade_event\dt=20260913\hour=14\part-00000-d2ab7402-e32b-46a5-9250-1b16b2c57847.c000.snappy.parquet	5807	1B321461E8058F96419535BFD1AE71295330FE734B3EFA585101ED6CF93A8F21
dw_ods.db	ods_trade_event	dt=20260913	spark-warehouse\dw_ods.db\ods_trade_event\dt=20260913\hour=16\part-00000-d2ab7402-e32b-46a5-9250-1b16b2c57847.c000.snappy.parquet	6303	631FE27745D51C9BC74D2CCF908505A9F6B9937120954EF1656AFA092AE89D96
dw_ods.db	ods_trade_event	dt=20260913	spark-warehouse\dw_ods.db\ods_trade_event\dt=20260913\hour=18\part-00000-d2ab7402-e32b-46a5-9250-1b16b2c57847.c000.snappy.parquet	6318	7ECDA92211F38FDB217FBF8332E98907DA52BA499DA70705C450892EAF3BC490
dw_ods.db	ods_trade_event	dt=20260913	spark-warehouse\dw_ods.db\ods_trade_event\dt=20260913\hour=19\part-00000-d2ab7402-e32b-46a5-9250-1b16b2c57847.c000.snappy.parquet	5700	0DBB78214B6CA6E1D44CDAE69E775267278A79F47A7F38FAAA78677EA01BAEE8
dw_ods.db	ods_trade_event	dt=20260913	spark-warehouse\dw_ods.db\ods_trade_event\dt=20260913\hour=20\part-00000-d2ab7402-e32b-46a5-9250-1b16b2c57847.c000.snappy.parquet	5670	7F02A7E96BE2771D87D75C1FEBE679CF1B0FF5E51DA536D51581304BD997891B
dw_ods.db	ods_trade_event	dt=20260913	spark-warehouse\dw_ods.db\ods_trade_event\dt=20260913\hour=23\part-00000-d2ab7402-e32b-46a5-9250-1b16b2c57847.c000.snappy.parquet	6303	089591694E8DB814B6EE318C2FC506EABFAE3649CE233FED6F0CB4B19F435723
dw_ods.db	ods_trade_event	dt=20260914	spark-warehouse\dw_ods.db\ods_trade_event\dt=20260914\hour=04\part-00000-d2ab7402-e32b-46a5-9250-1b16b2c57847.c000.snappy.parquet	5700	22981087B4764D64AB2D9B61090006F4A22F26B14FD5CC8AB63F47249639CD1D
dw_ods.db	ods_trade_event	dt=20260914	spark-warehouse\dw_ods.db\ods_trade_event\dt=20260914\hour=09\part-00000-d2ab7402-e32b-46a5-9250-1b16b2c57847.c000.snappy.parquet	6318	86D3C738C64530203B6FC8DE56B3212E3F8B429D4EDC91D5B3471D373F092680
dw_ods.db	ods_trade_event	dt=20260914	spark-warehouse\dw_ods.db\ods_trade_event\dt=20260914\hour=11\part-00000-d2ab7402-e32b-46a5-9250-1b16b2c57847.c000.snappy.parquet	6307	A6E185C2275237E53EEE9D895F5000435B757AC63FDBB5D09C5E43851902C0DA
dw_ods.db	ods_trade_event	dt=20260914	spark-warehouse\dw_ods.db\ods_trade_event\dt=20260914\hour=12\part-00000-d2ab7402-e32b-46a5-9250-1b16b2c57847.c000.snappy.parquet	6432	A57951403A8A79A928E533450D9E4264C1C127691E1F9082693CAD57283E036A
dw_ods.db	ods_trade_event	dt=20260914	spark-warehouse\dw_ods.db\ods_trade_event\dt=20260914\hour=17\part-00000-d2ab7402-e32b-46a5-9250-1b16b2c57847.c000.snappy.parquet	6308	9F55721C424AED461937009F84E8810260339BB7E9152F65A37335FA4561F178
dw_ods.db	ods_trade_event	dt=20260914	spark-warehouse\dw_ods.db\ods_trade_event\dt=20260914\hour=20\part-00000-d2ab7402-e32b-46a5-9250-1b16b2c57847.c000.snappy.parquet	6301	D1B9091F2EFE0A267B040627D582C16ED0EAA2068E2A5DAC07692AB1AB407306
dw_ods.db	ods_trade_event	dt=20260914	spark-warehouse\dw_ods.db\ods_trade_event\dt=20260914\hour=22\part-00000-d2ab7402-e32b-46a5-9250-1b16b2c57847.c000.snappy.parquet	5669	A7CAA02DD88C4D957729865DFBE7DBD256C243E2AB6550B9A5E75A6728CE6A94
dw_ods.db	ods_trade_event	dt=20260915	spark-warehouse\dw_ods.db\ods_trade_event\dt=20260915\hour=01\part-00000-d2ab7402-e32b-46a5-9250-1b16b2c57847.c000.snappy.parquet	5700	275715DF9529335D3D88318803195FDF318ED77CEED55C9499C6E3EA6E7E25FA
dw_ods.db	ods_trade_event	dt=20260915	spark-warehouse\dw_ods.db\ods_trade_event\dt=20260915\hour=06\part-00000-d2ab7402-e32b-46a5-9250-1b16b2c57847.c000.snappy.parquet	6313	D26E226F2B4D69FF281892DE3A3E20F6BC6A8692A06388C91A601DE7BF4C9FA1
dw_ods.db	ods_trade_event	dt=20260915	spark-warehouse\dw_ods.db\ods_trade_event\dt=20260915\hour=07\part-00000-d2ab7402-e32b-46a5-9250-1b16b2c57847.c000.snappy.parquet	6302	DB46A212F5AF10903A2134087D450AEB1C78691C4529DC8DAD2C85AE83A72D68
dw_ods.db	ods_trade_event	dt=20260915	spark-warehouse\dw_ods.db\ods_trade_event\dt=20260915\hour=09\part-00000-d2ab7402-e32b-46a5-9250-1b16b2c57847.c000.snappy.parquet	5663	20ADC6AEA42215180D12CCFB2A7E9E0B93A910A41F330357F49F7403AD1FAB3F
dw_ods.db	ods_trade_event	dt=20260915	spark-warehouse\dw_ods.db\ods_trade_event\dt=20260915\hour=10\part-00000-d2ab7402-e32b-46a5-9250-1b16b2c57847.c000.snappy.parquet	5668	3C98E3434ED05332F36BB58D7FD553DC19E21E5E54A2D17416AFFFB7BF04F8DD
dw_ods.db	ods_trade_event	dt=20260915	spark-warehouse\dw_ods.db\ods_trade_event\dt=20260915\hour=11\part-00000-d2ab7402-e32b-46a5-9250-1b16b2c57847.c000.snappy.parquet	5669	01B9E2FA92943B0891B7A0458EF5617BFC6B3E21F5E5FA954A98D3A1705B71F5
dw_ods.db	ods_trade_event	dt=20260915	spark-warehouse\dw_ods.db\ods_trade_event\dt=20260915\hour=13\part-00000-d2ab7402-e32b-46a5-9250-1b16b2c57847.c000.snappy.parquet	6303	FB30849E7ED8BFB8C3BF6909F99D0BF99EFA963B8206DC12F56C5991E6427F7D
dw_ods.db	ods_trade_event	dt=20260915	spark-warehouse\dw_ods.db\ods_trade_event\dt=20260915\hour=18\part-00000-d2ab7402-e32b-46a5-9250-1b16b2c57847.c000.snappy.parquet	6307	04AA4B0499F31ADF9B29DF0E13CCAEB28162CF08E958648F7F23F20DFAADF520
dw_ods.db	ods_trade_event	dt=20260915	spark-warehouse\dw_ods.db\ods_trade_event\dt=20260915\hour=23\part-00000-d2ab7402-e32b-46a5-9250-1b16b2c57847.c000.snappy.parquet	5669	28B947E17C018DBEEEA715EA590A9DE3516130BC5E98678EFA0CCC7CBA0D40F7
dw_ods.db	ods_trade_event	dt=20260916	spark-warehouse\dw_ods.db\ods_trade_event\dt=20260916\hour=02\part-00000-d2ab7402-e32b-46a5-9250-1b16b2c57847.c000.snappy.parquet	6425	98D499D0C06DDFCE609B9149690F0E6024F87291A7898FAADCAD47955E32B3C1
dw_ods.db	ods_trade_event	dt=20260916	spark-warehouse\dw_ods.db\ods_trade_event\dt=20260916\hour=05\part-00000-d2ab7402-e32b-46a5-9250-1b16b2c57847.c000.snappy.parquet	6302	956F72B84274BE39AEFA3B16B20E3632B924879286EF9323BBABCA0B456DC72C
dw_ods.db	ods_trade_event	dt=20260916	spark-warehouse\dw_ods.db\ods_trade_event\dt=20260916\hour=16\part-00000-d2ab7402-e32b-46a5-9250-1b16b2c57847.c000.snappy.parquet	6308	B0BBB9FF3E207E6CBCF59C0A2A61B69F83D820E2519714B49528FEE939F430C7
dw_ods.db	ods_trade_event	dt=20260916	spark-warehouse\dw_ods.db\ods_trade_event\dt=20260916\hour=17\part-00000-d2ab7402-e32b-46a5-9250-1b16b2c57847.c000.snappy.parquet	5670	A9878EF93EF65FC0356A745A6D41D73F0950A34F9AFBDF762377475E4CEF49FB
dw_ods.db	ods_trade_event	dt=20260916	spark-warehouse\dw_ods.db\ods_trade_event\dt=20260916\hour=18\part-00000-d2ab7402-e32b-46a5-9250-1b16b2c57847.c000.snappy.parquet	5700	89C46D5C2AA6FDFD1FA50D53C9F5BEB645A8697575ECEA229CBFC5DB987EBC34
dw_ods.db	ods_trade_event	dt=20260916	spark-warehouse\dw_ods.db\ods_trade_event\dt=20260916\hour=20\part-00000-d2ab7402-e32b-46a5-9250-1b16b2c57847.c000.snappy.parquet	6189	5D3D6C46A1776F0B6D23FED565740BB3D6FCD002A00165DA971B61A76F049F65
dw_ods.db	ods_trade_event	dt=20260916	spark-warehouse\dw_ods.db\ods_trade_event\dt=20260916\hour=21\part-00000-d2ab7402-e32b-46a5-9250-1b16b2c57847.c000.snappy.parquet	6308	39F1D6D924D06CDDB2840EDE2881274AD6B9812AD5AB4FDBE83E9BE7C3BA2AEA
dw_ods.db	ods_trade_event	dt=20260917	spark-warehouse\dw_ods.db\ods_trade_event\dt=20260917\hour=03\part-00000-d2ab7402-e32b-46a5-9250-1b16b2c57847.c000.snappy.parquet	6303	81FFC1306E09076F92496E8EE675FE4271987416F6292E13866E0883AF1AB9FA
dw_ods.db	ods_trade_event	dt=20260917	spark-warehouse\dw_ods.db\ods_trade_event\dt=20260917\hour=04\part-00000-d2ab7402-e32b-46a5-9250-1b16b2c57847.c000.snappy.parquet	6313	B73B525C9C0A3510113A6FB9912F11DCFF35345E5BF074F0BB699EBAAF104B80
dw_ods.db	ods_trade_event	dt=20260917	spark-warehouse\dw_ods.db\ods_trade_event\dt=20260917\hour=07\part-00000-d2ab7402-e32b-46a5-9250-1b16b2c57847.c000.snappy.parquet	6303	D19753026717FAAF9A5E8F0BDB4347D46B64B275474B0F181FF7F00D4261C1D2
dw_ods.db	ods_trade_event	dt=20260917	spark-warehouse\dw_ods.db\ods_trade_event\dt=20260917\hour=08\part-00000-d2ab7402-e32b-46a5-9250-1b16b2c57847.c000.snappy.parquet	5699	050A2CD1BECA91E2BFF5B14CC704E0CB45F1420BA8202B24DE83A92677E616DF
dw_ods.db	ods_trade_event	dt=20260917	spark-warehouse\dw_ods.db\ods_trade_event\dt=20260917\hour=13\part-00000-d2ab7402-e32b-46a5-9250-1b16b2c57847.c000.snappy.parquet	5678	AB78C1CE1E69BBD53E993B9AD761C6B2EBF104E00D20600BE5202C129BA54FF7
dw_ods.db	ods_trade_event	dt=20260917	spark-warehouse\dw_ods.db\ods_trade_event\dt=20260917\hour=15\part-00000-d2ab7402-e32b-46a5-9250-1b16b2c57847.c000.snappy.parquet	6303	DA2C42352A3F5D83003BBF96065FBEBCADDA5FF5E87E793E606495260E015E74
dw_ods.db	ods_trade_event	dt=20260917	spark-warehouse\dw_ods.db\ods_trade_event\dt=20260917\hour=18\part-00000-d2ab7402-e32b-46a5-9250-1b16b2c57847.c000.snappy.parquet	5700	91D5F50DDB32AB8227F94CC39D605FB8A15F3864AD46E6DF13B4697FCB6C5528
dw_ods.db	ods_trade_event	dt=20260917	spark-warehouse\dw_ods.db\ods_trade_event\dt=20260917\hour=19\part-00000-d2ab7402-e32b-46a5-9250-1b16b2c57847.c000.snappy.parquet	6302	527ED20ABF83B334998A6CC5BF99C0A1A14B5141F4F7F93843DB77E289830D69
dw_ods.db	ods_trade_event	dt=20260918	spark-warehouse\dw_ods.db\ods_trade_event\dt=20260918\hour=02\part-00000-d2ab7402-e32b-46a5-9250-1b16b2c57847.c000.snappy.parquet	6311	3EABA9B7A38DC35EABFD7C8513B4AE7ED42204786B4B4318B1122770C702570A
dw_ods.db	ods_trade_event	dt=20260918	spark-warehouse\dw_ods.db\ods_trade_event\dt=20260918\hour=03\part-00000-d2ab7402-e32b-46a5-9250-1b16b2c57847.c000.snappy.parquet	5669	EEA7E55B849634366CD9A85ED40DC3B85743C96D80B2CC1901D2F36A199EA38F
dw_ods.db	ods_trade_event	dt=20260918	spark-warehouse\dw_ods.db\ods_trade_event\dt=20260918\hour=04\part-00000-d2ab7402-e32b-46a5-9250-1b16b2c57847.c000.snappy.parquet	5700	D8AC460E4F996CF619E22DA135469F1CBB9A16B084440D478FA068F62A404769
dw_ods.db	ods_trade_event	dt=20260918	spark-warehouse\dw_ods.db\ods_trade_event\dt=20260918\hour=05\part-00000-d2ab7402-e32b-46a5-9250-1b16b2c57847.c000.snappy.parquet	5700	2CB3C5C6072CC4354BBCEA9F55F14F94EC4FDE6C2E44356AECF2054883D7710D
dw_ods.db	ods_trade_event	dt=20260918	spark-warehouse\dw_ods.db\ods_trade_event\dt=20260918\hour=07\part-00000-d2ab7402-e32b-46a5-9250-1b16b2c57847.c000.snappy.parquet	5662	9A1BD7AD26CB46B68245A9B2DE4F98DA78119658CCE618E2463AAD82D61E123C
dw_ods.db	ods_trade_event	dt=20260918	spark-warehouse\dw_ods.db\ods_trade_event\dt=20260918\hour=12\part-00000-d2ab7402-e32b-46a5-9250-1b16b2c57847.c000.snappy.parquet	6313	DCD6610406DAEF1D45794A162283387A821611B39B7281AC2E1F3B9C71AD4995
dw_ods.db	ods_trade_event	dt=20260918	spark-warehouse\dw_ods.db\ods_trade_event\dt=20260918\hour=13\part-00000-d2ab7402-e32b-46a5-9250-1b16b2c57847.c000.snappy.parquet	6303	25117C86D52B8528B1EEA0084895CA38203D2626CEDC5554F14575A6BE97C51C
dw_ods.db	ods_trade_event	dt=20260918	spark-warehouse\dw_ods.db\ods_trade_event\dt=20260918\hour=15\part-00000-d2ab7402-e32b-46a5-9250-1b16b2c57847.c000.snappy.parquet	6303	F7B3D7A30861BC8B690AF35DB0C8AD805D86E18E9F14AE27FCB2A10F315DE4E9
dw_ods.db	ods_trade_event	dt=20260918	spark-warehouse\dw_ods.db\ods_trade_event\dt=20260918\hour=18\part-00000-d2ab7402-e32b-46a5-9250-1b16b2c57847.c000.snappy.parquet	6302	6304B4792D10CAB67956E405AA40E4BE52E005C5D877C991A49CF358981BB6FA
dw_ods.db	ods_trade_event	dt=20260918	spark-warehouse\dw_ods.db\ods_trade_event\dt=20260918\hour=21\part-00000-d2ab7402-e32b-46a5-9250-1b16b2c57847.c000.snappy.parquet	6308	848AABF9089BEB023EDDC5690B093E72A66B6B8A50D6893A8E4BB1CBEC79F179
dw_ods.db	ods_trade_event	dt=20260918	spark-warehouse\dw_ods.db\ods_trade_event\dt=20260918\hour=22\part-00000-d2ab7402-e32b-46a5-9250-1b16b2c57847.c000.snappy.parquet	6303	0CC7F1D72D0459E1B315CBC5C8A35CABC9E46F1C0194907A3B937B1CCFB05522
dw_ods.db	ods_trade_event	dt=20260918	spark-warehouse\dw_ods.db\ods_trade_event\dt=20260918\hour=23\part-00000-d2ab7402-e32b-46a5-9250-1b16b2c57847.c000.snappy.parquet	6313	35EF6B5D202AD02B5BD3998A869D5C7DC16380B06332A4095B91668B67FD16FF
dw_ods.db	ods_trade_event	dt=20260919	spark-warehouse\dw_ods.db\ods_trade_event\dt=20260919\hour=02\part-00000-d2ab7402-e32b-46a5-9250-1b16b2c57847.c000.snappy.parquet	5691	A064333A953297F6D3934CD75E814A78E761A9A18666DEA1DC9881FCDC4A4CF8
dw_ods.db	ods_trade_event	dt=20260919	spark-warehouse\dw_ods.db\ods_trade_event\dt=20260919\hour=03\part-00000-d2ab7402-e32b-46a5-9250-1b16b2c57847.c000.snappy.parquet	5700	1632AF07AFFC87F61A2211524FC07C6F16A74F7B249493264020088CA3339318
dw_ods.db	ods_trade_event	dt=20260919	spark-warehouse\dw_ods.db\ods_trade_event\dt=20260919\hour=07\part-00000-d2ab7402-e32b-46a5-9250-1b16b2c57847.c000.snappy.parquet	5670	E9DE669327EAC3216F6E2113174CF4AF2EDECEEB7A42F14B2D9E3B14C23E1E0A
dw_ods.db	ods_trade_event	dt=20260919	spark-warehouse\dw_ods.db\ods_trade_event\dt=20260919\hour=09\part-00000-d2ab7402-e32b-46a5-9250-1b16b2c57847.c000.snappy.parquet	6308	9C4E93AC10CCA30F6C5199E177BF3725FF094DCB933D779FDB2E33728BEF599E
dw_ods.db	ods_trade_event	dt=20260919	spark-warehouse\dw_ods.db\ods_trade_event\dt=20260919\hour=12\part-00000-d2ab7402-e32b-46a5-9250-1b16b2c57847.c000.snappy.parquet	5670	ABB444DE880BC4C9EE424424B1363DA9AD7248976B16694B6E3F7A173602CD69
dw_ods.db	ods_trade_event	dt=20260919	spark-warehouse\dw_ods.db\ods_trade_event\dt=20260919\hour=13\part-00000-d2ab7402-e32b-46a5-9250-1b16b2c57847.c000.snappy.parquet	5699	29C037FCF9D1EE8297BB7C7BA4F0580F37AB145322B77C06810CE7CA88490FA2
dw_ods.db	ods_trade_event	dt=20260919	spark-warehouse\dw_ods.db\ods_trade_event\dt=20260919\hour=14\part-00000-d2ab7402-e32b-46a5-9250-1b16b2c57847.c000.snappy.parquet	5661	353497B5C06D31070E699FDC00DD3A366A02D3B395CEE7D6C9621CA3E9641AA5
dw_ods.db	ods_trade_event	dt=20260919	spark-warehouse\dw_ods.db\ods_trade_event\dt=20260919\hour=16\part-00000-d2ab7402-e32b-46a5-9250-1b16b2c57847.c000.snappy.parquet	6192	FCC9F9784F23B743482B9A23D1B3FE32B6AABF66B5C67C204F276B9D71557E39
dw_ods.db	ods_trade_event	dt=20260919	spark-warehouse\dw_ods.db\ods_trade_event\dt=20260919\hour=18\part-00000-d2ab7402-e32b-46a5-9250-1b16b2c57847.c000.snappy.parquet	6301	3AB4B5ED55930F4AC1892E15E0F0B9B1A8F0AD7978C686360980D14787152FB6
dw_ods.db	ods_trade_event	dt=20260920	spark-warehouse\dw_ods.db\ods_trade_event\dt=20260920\hour=03\part-00000-d2ab7402-e32b-46a5-9250-1b16b2c57847.c000.snappy.parquet	6308	5E687170E4C6135B1B5B4A236BF80FFA14BF2C4798BEB7023F65E9E404D97480
dw_ods.db	ods_trade_event	dt=20260920	spark-warehouse\dw_ods.db\ods_trade_event\dt=20260920\hour=05\part-00000-d2ab7402-e32b-46a5-9250-1b16b2c57847.c000.snappy.parquet	6302	56E479718F498D52E7C99DDCE4820BA9C61EED3E296D815EDAE887309C3E79A4
dw_ods.db	ods_trade_event	dt=20260920	spark-warehouse\dw_ods.db\ods_trade_event\dt=20260920\hour=08\part-00000-d2ab7402-e32b-46a5-9250-1b16b2c57847.c000.snappy.parquet	5720	4E08A990433A5C7C47AB0835FDA05A18FBC7E00C3A133080441A4C0595FF9476
dw_ods.db	ods_trade_event	dt=20260920	spark-warehouse\dw_ods.db\ods_trade_event\dt=20260920\hour=09\part-00000-d2ab7402-e32b-46a5-9250-1b16b2c57847.c000.snappy.parquet	5670	D8F32B81C977C4A9760915B708EC1EEB4DAC7098C02472450858B75CF6C41C33
dw_ods.db	ods_trade_event	dt=20260920	spark-warehouse\dw_ods.db\ods_trade_event\dt=20260920\hour=15\part-00000-d2ab7402-e32b-46a5-9250-1b16b2c57847.c000.snappy.parquet	6313	A2E427861A231AB1A4C5C4FE70479454E39E55D6C84A76A9055703374E022F43
dw_ods.db	ods_trade_event	dt=20260920	spark-warehouse\dw_ods.db\ods_trade_event\dt=20260920\hour=16\part-00000-d2ab7402-e32b-46a5-9250-1b16b2c57847.c000.snappy.parquet	6196	24734530A137EE33EE253F9513716FE5275675DD4E3B33D55DC24C8EADDE7A35
dw_ods.db	ods_trade_event	dt=20260920	spark-warehouse\dw_ods.db\ods_trade_event\dt=20260920\hour=20\part-00000-d2ab7402-e32b-46a5-9250-1b16b2c57847.c000.snappy.parquet	5729	13BDEC15FAE0F8841CF5F47BC6CF132310DFFCD0D6CCF79C4225CDCCE98FFF07
dw_ods.db	ods_trade_event	dt=20260921	spark-warehouse\dw_ods.db\ods_trade_event\dt=20260921\hour=00\part-00000-d2ab7402-e32b-46a5-9250-1b16b2c57847.c000.snappy.parquet	5670	7B87A9238A7BBBEF97ECFE7781EF562E2D432572AE6FB9F4E52A05B0F035C12D
dw_ods.db	ods_trade_event	dt=20260921	spark-warehouse\dw_ods.db\ods_trade_event\dt=20260921\hour=03\part-00000-d2ab7402-e32b-46a5-9250-1b16b2c57847.c000.snappy.parquet	6308	33413B0FF0D593254971F64D7226CDDDA96C88C7C3E4AEC97D25E5D39AFDE9FE
dw_ods.db	ods_trade_event	dt=20260921	spark-warehouse\dw_ods.db\ods_trade_event\dt=20260921\hour=08\part-00000-d2ab7402-e32b-46a5-9250-1b16b2c57847.c000.snappy.parquet	5700	6C09983B86E861BC57CF395F54D69C86E11314E0E858A2066877A7A25C92BBE2
dw_ods.db	ods_trade_event	dt=20260921	spark-warehouse\dw_ods.db\ods_trade_event\dt=20260921\hour=11\part-00000-d2ab7402-e32b-46a5-9250-1b16b2c57847.c000.snappy.parquet	6307	3336C104733F680A69E6532E340C29A94BE622EAAA0455AD0353D35EC9C6EF2C
dw_ods.db	ods_trade_event	dt=20260921	spark-warehouse\dw_ods.db\ods_trade_event\dt=20260921\hour=13\part-00000-d2ab7402-e32b-46a5-9250-1b16b2c57847.c000.snappy.parquet	6303	5606518AE1788EBBFB7590ED813C4C62CB2D9C38379BF85E40C06646D62CD1D9
dw_ods.db	ods_trade_event	dt=20260921	spark-warehouse\dw_ods.db\ods_trade_event\dt=20260921\hour=17\part-00000-d2ab7402-e32b-46a5-9250-1b16b2c57847.c000.snappy.parquet	6382	1EA644F0EF2EC4DE27EE53E2768A41A20D3AE5303BD096488CB43C3FD34B2514
dw_ods.db	ods_trade_event	dt=20260921	spark-warehouse\dw_ods.db\ods_trade_event\dt=20260921\hour=20\part-00000-d2ab7402-e32b-46a5-9250-1b16b2c57847.c000.snappy.parquet	5697	F4A693B38C809819F3DA1F7B08E0581A97BCB9A4379E4BCEFDA364266C4F1E1C
dw_ods.db	ods_trade_event	dt=20260922	spark-warehouse\dw_ods.db\ods_trade_event\dt=20260922\hour=06\part-00000-d2ab7402-e32b-46a5-9250-1b16b2c57847.c000.snappy.parquet	6302	B864B65B897B077D1782159E4F4522E5DC9E38D0C9A43229CA3A2D8F20EF4D67
dw_ods.db	ods_trade_event	dt=20260922	spark-warehouse\dw_ods.db\ods_trade_event\dt=20260922\hour=10\part-00000-d2ab7402-e32b-46a5-9250-1b16b2c57847.c000.snappy.parquet	5670	64B4E7D84B9217B27B00DDB24B603A4E13903707D400DF418B0136509D92DD0C
dw_ods.db	ods_trade_event	dt=20260922	spark-warehouse\dw_ods.db\ods_trade_event\dt=20260922\hour=14\part-00000-d2ab7402-e32b-46a5-9250-1b16b2c57847.c000.snappy.parquet	6308	BA1A56EDF5983BA6BA40F74FC31FC6AA841C0FA0E2E2C6962EAA66BC3DC99971
dw_ods.db	ods_trade_event	dt=20260922	spark-warehouse\dw_ods.db\ods_trade_event\dt=20260922\hour=18\part-00000-d2ab7402-e32b-46a5-9250-1b16b2c57847.c000.snappy.parquet	5700	21E43FEE57C0FB3D56436D047935D026A236F204913FB5C39FD1ADEDEC8F2EE1
dw_ods.db	ods_trade_event	dt=20260922	spark-warehouse\dw_ods.db\ods_trade_event\dt=20260922\hour=22\part-00000-d2ab7402-e32b-46a5-9250-1b16b2c57847.c000.snappy.parquet	6303	CA3949DF1598FE182C86D8082AFFF58B3A70F44A65406688B0E6630041A166DA
dw_ods.db	ods_trade_event	dt=20260922	spark-warehouse\dw_ods.db\ods_trade_event\dt=20260922\hour=23\part-00000-d2ab7402-e32b-46a5-9250-1b16b2c57847.c000.snappy.parquet	6313	2C01F0BF3BCCD96CD3B5631A86523C8307632D73ACDFF62F87B053C0BEA24FC2
dw_ods.db	ods_trade_event	dt=20260923	spark-warehouse\dw_ods.db\ods_trade_event\dt=20260923\hour=03\part-00000-d2ab7402-e32b-46a5-9250-1b16b2c57847.c000.snappy.parquet	5661	7F756B7DC009BD67E9C8B139D35FBA35D6ACB1D175AA0D9947118438521F3BEA
dw_ods.db	ods_trade_event	dt=20260923	spark-warehouse\dw_ods.db\ods_trade_event\dt=20260923\hour=04\part-00000-d2ab7402-e32b-46a5-9250-1b16b2c57847.c000.snappy.parquet	5700	57A96D9DD9A664C9C6760D11E5FFF10D36C436923E6968C986A7F65EAFA1D81A
dw_ods.db	ods_trade_event	dt=20260923	spark-warehouse\dw_ods.db\ods_trade_event\dt=20260923\hour=07\part-00000-d2ab7402-e32b-46a5-9250-1b16b2c57847.c000.snappy.parquet	6308	B2D07435681A99B87D92B228F62035753DB3FC64FACF346D8225F165B9EC2895
dw_ods.db	ods_trade_event	dt=20260923	spark-warehouse\dw_ods.db\ods_trade_event\dt=20260923\hour=08\part-00000-d2ab7402-e32b-46a5-9250-1b16b2c57847.c000.snappy.parquet	6308	808B5746DDB7874AF5CF26CC0C0C665FE474A2670C9FD553BAD30345DB95222A
dw_ods.db	ods_trade_event	dt=20260923	spark-warehouse\dw_ods.db\ods_trade_event\dt=20260923\hour=15\part-00000-d2ab7402-e32b-46a5-9250-1b16b2c57847.c000.snappy.parquet	5662	28C9DD56D6BEFB1BB5BC1D3DA6876D1859878CFE518AEAA10A80D60A5078511C
dw_ods.db	ods_trade_event	dt=20260923	spark-warehouse\dw_ods.db\ods_trade_event\dt=20260923\hour=20\part-00000-d2ab7402-e32b-46a5-9250-1b16b2c57847.c000.snappy.parquet	6308	0CF976E596B7E5AF0AFE15D84EA93192765F6FCE5E2A0D1B5209F8252E7000B0
dw_ods.db	ods_trade_event	dt=20260924	spark-warehouse\dw_ods.db\ods_trade_event\dt=20260924\hour=00\part-00000-d2ab7402-e32b-46a5-9250-1b16b2c57847.c000.snappy.parquet	5699	3E77D1B6C4247D9BEB6E97DFE25808371A8A3CC75F544159EF2029326B8CFB9B
dw_ods.db	ods_trade_event	dt=20260924	spark-warehouse\dw_ods.db\ods_trade_event\dt=20260924\hour=05\part-00000-d2ab7402-e32b-46a5-9250-1b16b2c57847.c000.snappy.parquet	6302	DA0DF20336E5A04C8886A059A627AE028918114D08F91013689626C4DEDB9355
dw_ods.db	ods_trade_event	dt=20260924	spark-warehouse\dw_ods.db\ods_trade_event\dt=20260924\hour=08\part-00000-d2ab7402-e32b-46a5-9250-1b16b2c57847.c000.snappy.parquet	6302	4C341725892B819533304A0D44B67A4F885B7289CBCB4C4242D1057A589F276B
dw_ods.db	ods_trade_event	dt=20260924	spark-warehouse\dw_ods.db\ods_trade_event\dt=20260924\hour=09\part-00000-d2ab7402-e32b-46a5-9250-1b16b2c57847.c000.snappy.parquet	5699	25A6F5D6F9ED9DCB55E54C166104D48121D658320209882CE214A738E24F953A
dw_ods.db	ods_trade_event	dt=20260924	spark-warehouse\dw_ods.db\ods_trade_event\dt=20260924\hour=13\part-00000-d2ab7402-e32b-46a5-9250-1b16b2c57847.c000.snappy.parquet	5700	4483DFDDB0124FFD53DB24FCA613F4A2BEC79CA8523F172CF462AB7754440746
dw_ods.db	ods_trade_event	dt=20260924	spark-warehouse\dw_ods.db\ods_trade_event\dt=20260924\hour=17\part-00000-d2ab7402-e32b-46a5-9250-1b16b2c57847.c000.snappy.parquet	6303	D0EE4B5A484E9108FCB78A63BE69D5C160A6A709532E1B141F71E838765A2895
dw_ods.db	ods_trade_event	dt=20260924	spark-warehouse\dw_ods.db\ods_trade_event\dt=20260924\hour=18\part-00000-d2ab7402-e32b-46a5-9250-1b16b2c57847.c000.snappy.parquet	5670	F11D66597D7F98930A543237FDE8C5E1411FD95CB0203BA389E977E5D58D1384
dw_ods.db	ods_trade_event	dt=20260924	spark-warehouse\dw_ods.db\ods_trade_event\dt=20260924\hour=19\part-00000-d2ab7402-e32b-46a5-9250-1b16b2c57847.c000.snappy.parquet	6307	F046FC7F78A0CD20E6D35BF510AFF0DFB7E579F80D56C136D56D00FC163E6DC0
dw_ods.db	ods_trade_event	dt=20260925	spark-warehouse\dw_ods.db\ods_trade_event\dt=20260925\hour=09\part-00000-d2ab7402-e32b-46a5-9250-1b16b2c57847.c000.snappy.parquet	6308	AEEC3090414E43E33AF0B6C64A3E09E0C42CD175C3C91A73EA73CF59F7747B50
dw_ods.db	ods_trade_event	dt=20260925	spark-warehouse\dw_ods.db\ods_trade_event\dt=20260925\hour=17\part-00000-d2ab7402-e32b-46a5-9250-1b16b2c57847.c000.snappy.parquet	6308	1630CB010A2F71D9DBCE62E7B16DB7D76D227F2A8612E35E220CB7E4C13FADD4
dw_ods.db	ods_trade_event	dt=20260925	spark-warehouse\dw_ods.db\ods_trade_event\dt=20260925\hour=20\part-00000-d2ab7402-e32b-46a5-9250-1b16b2c57847.c000.snappy.parquet	5670	82A5C153AD3082C0EC7B41D0DE04B0F6DC737DCE9D60C65A8961074FD6767C34
dw_ods.db	ods_trade_event	dt=20260925	spark-warehouse\dw_ods.db\ods_trade_event\dt=20260925\hour=22\part-00000-d2ab7402-e32b-46a5-9250-1b16b2c57847.c000.snappy.parquet	6313	9364A0A5601CC97DEE1929388E317F867EA109A2F24742C3EC3CA157B685CFC1
dw_ods.db	ods_trade_event	dt=20260925	spark-warehouse\dw_ods.db\ods_trade_event\dt=20260925\hour=23\part-00000-d2ab7402-e32b-46a5-9250-1b16b2c57847.c000.snappy.parquet	5686	13C84FC4A754DD04DB575897993FE332EEE8580ABB3FA16635B195BC0091AAE6
dw_ods.db	ods_trade_event	dt=20260926	spark-warehouse\dw_ods.db\ods_trade_event\dt=20260926\hour=05\part-00000-d2ab7402-e32b-46a5-9250-1b16b2c57847.c000.snappy.parquet	6302	547D122013BB8EF1CF32280814F29A2DCC18D3BB1BAC29567EBC0B8715799EA3
dw_ods.db	ods_trade_event	dt=20260926	spark-warehouse\dw_ods.db\ods_trade_event\dt=20260926\hour=10\part-00000-d2ab7402-e32b-46a5-9250-1b16b2c57847.c000.snappy.parquet	5783	7C5908EDEFDB1301DBEC732A087E2A4313E23136E83ABC0ED2701DD39CE7767B
dw_ods.db	ods_trade_event	dt=20260926	spark-warehouse\dw_ods.db\ods_trade_event\dt=20260926\hour=11\part-00000-d2ab7402-e32b-46a5-9250-1b16b2c57847.c000.snappy.parquet	6308	2C7FB2E35F8B1570499F8019F7A607AA025E2AE0FAE900A8CE86400A3F337F2F
dw_ods.db	ods_trade_event	dt=20260926	spark-warehouse\dw_ods.db\ods_trade_event\dt=20260926\hour=13\part-00000-d2ab7402-e32b-46a5-9250-1b16b2c57847.c000.snappy.parquet	6303	A688A600E54347390B3801B7155D417F35A4332D074C0ACD37630FF3ECB75A80
dw_ods.db	ods_trade_event	dt=20260926	spark-warehouse\dw_ods.db\ods_trade_event\dt=20260926\hour=15\part-00000-d2ab7402-e32b-46a5-9250-1b16b2c57847.c000.snappy.parquet	5781	7965AAF2B8B7F99074A1787A63E8C04817D2F9A5BE0186DA5A5A980073AF1F87
dw_ods.db	ods_trade_event	dt=20260926	spark-warehouse\dw_ods.db\ods_trade_event\dt=20260926\hour=17\part-00000-d2ab7402-e32b-46a5-9250-1b16b2c57847.c000.snappy.parquet	5670	1882292C0FC66352C1C110737A6A6EC9F9F511E69DDB326E86743E277F0A4B57
dw_ods.db	ods_trade_event	dt=20260926	spark-warehouse\dw_ods.db\ods_trade_event\dt=20260926\hour=18\part-00000-d2ab7402-e32b-46a5-9250-1b16b2c57847.c000.snappy.parquet	6371	A7F25755D11EA8BF426CD19A70A83F7421E7CA4F7F58BC665A85F46B67996853
dw_ods.db	ods_trade_event	dt=20260926	spark-warehouse\dw_ods.db\ods_trade_event\dt=20260926\hour=19\part-00000-d2ab7402-e32b-46a5-9250-1b16b2c57847.c000.snappy.parquet	6308	7FD68CC9F4BA5A0DDF4EC41AFDDD15C59D2389743638890A443D0E9BED2B2FED
dw_ods.db	ods_trade_event	dt=20260926	spark-warehouse\dw_ods.db\ods_trade_event\dt=20260926\hour=23\part-00000-d2ab7402-e32b-46a5-9250-1b16b2c57847.c000.snappy.parquet	5663	86D405EA15CAE1837046D9373662C0DC22AFD99BE15B5DFEFD0D22F15C14CC25
dw_ods.db	ods_trade_event	dt=20260927	spark-warehouse\dw_ods.db\ods_trade_event\dt=20260927\hour=13\part-00000-d2ab7402-e32b-46a5-9250-1b16b2c57847.c000.snappy.parquet	5680	7CE6F9C67B8884857FBC4406BCEAD94820F9AC1F51098FB089D09E25FE516E60
dw_ods.db	ods_trade_event	dt=20260927	spark-warehouse\dw_ods.db\ods_trade_event\dt=20260927\hour=14\part-00000-d2ab7402-e32b-46a5-9250-1b16b2c57847.c000.snappy.parquet	5663	147304D8CDEF0912F08E3083B0C350983CC5C78D48660057CA4262D403F089A3
dw_ods.db	ods_trade_event	dt=20260927	spark-warehouse\dw_ods.db\ods_trade_event\dt=20260927\hour=15\part-00000-d2ab7402-e32b-46a5-9250-1b16b2c57847.c000.snappy.parquet	5670	B5A709852C1310D17D4D192B01FA1956A1F3A6C744FEADC06E9AB5ED51CE25A8
dw_ods.db	ods_trade_event	dt=20260927	spark-warehouse\dw_ods.db\ods_trade_event\dt=20260927\hour=17\part-00000-d2ab7402-e32b-46a5-9250-1b16b2c57847.c000.snappy.parquet	5700	117CD8AF11AF9DB88F46733FB321C240FD1F83C414671BF037B3DD9EB743A8C6
dw_ods.db	ods_trade_event	dt=20260928	spark-warehouse\dw_ods.db\ods_trade_event\dt=20260928\hour=00\part-00000-d2ab7402-e32b-46a5-9250-1b16b2c57847.c000.snappy.parquet	5700	5D321154A6B96E5AB12390AFDBFF882D4F83D21BFF6B574826F28E1A30A859F4
dw_ods.db	ods_trade_event	dt=20260928	spark-warehouse\dw_ods.db\ods_trade_event\dt=20260928\hour=01\part-00000-d2ab7402-e32b-46a5-9250-1b16b2c57847.c000.snappy.parquet	6308	B0AB0899A52F9B7914DFD8B3C94F52EF266318FC1AB8B04495F8F7D6200D40B9
dw_ods.db	ods_trade_event	dt=20260928	spark-warehouse\dw_ods.db\ods_trade_event\dt=20260928\hour=06\part-00000-d2ab7402-e32b-46a5-9250-1b16b2c57847.c000.snappy.parquet	5700	1F6CED5FC0D9A3E499096FBABFC6016C6EDB6B0F66C8EAF349272E734FA88A85
dw_ods.db	ods_trade_event	dt=20260928	spark-warehouse\dw_ods.db\ods_trade_event\dt=20260928\hour=07\part-00000-d2ab7402-e32b-46a5-9250-1b16b2c57847.c000.snappy.parquet	5691	9CC9C669F2D5D6A7C246FE558146CC3C21F367E713B03EC28AC0F2000B328C99
dw_ods.db	ods_trade_event	dt=20260928	spark-warehouse\dw_ods.db\ods_trade_event\dt=20260928\hour=13\part-00000-d2ab7402-e32b-46a5-9250-1b16b2c57847.c000.snappy.parquet	6382	D58DD870966B64244CAD066342A9485F5D8E09D94502781475B42867457BD3A4
dw_ods.db	ods_trade_event	dt=20260928	spark-warehouse\dw_ods.db\ods_trade_event\dt=20260928\hour=17\part-00000-d2ab7402-e32b-46a5-9250-1b16b2c57847.c000.snappy.parquet	6313	1C159DF4392A383BC3C00D9871DF0981148C4946ECC2591D5AB8295F5DFE4CDA
dw_ods.db	ods_trade_event	dt=20260928	spark-warehouse\dw_ods.db\ods_trade_event\dt=20260928\hour=18\part-00000-d2ab7402-e32b-46a5-9250-1b16b2c57847.c000.snappy.parquet	5686	450B8BA5C22112264C1D62C3C8195434C44A4420B690DE1E738F876D45200A10
dw_ods.db	ods_trade_event	dt=20260928	spark-warehouse\dw_ods.db\ods_trade_event\dt=20260928\hour=20\part-00000-d2ab7402-e32b-46a5-9250-1b16b2c57847.c000.snappy.parquet	6308	F4B00CC3548D0AE2927ED8E13531E4E8381E6BA2B66164BB87EDDD280E8A6535
dw_ods.db	ods_trade_event	dt=20260928	spark-warehouse\dw_ods.db\ods_trade_event\dt=20260928\hour=21\part-00000-d2ab7402-e32b-46a5-9250-1b16b2c57847.c000.snappy.parquet	5700	CA19C3AC62AB63FE4E13CF633CA25048A6EAB39608F1B199A9BCDC6AFCE5ECE8
dw_ods.db	ods_trade_event	dt=20260928	spark-warehouse\dw_ods.db\ods_trade_event\dt=20260928\hour=22\part-00000-d2ab7402-e32b-46a5-9250-1b16b2c57847.c000.snappy.parquet	6369	3AB339F7629D807FED642ACAF2BB70176E3670E5D0CC45A44A7E70B9F8EFEE2C
dw_ods.db	ods_trade_event	dt=20260929	spark-warehouse\dw_ods.db\ods_trade_event\dt=20260929\hour=00\part-00000-d2ab7402-e32b-46a5-9250-1b16b2c57847.c000.snappy.parquet	5670	41A8A37A2B2F5F335B14DBE1D53F4A6E6145E111678451D08DFF15E34060112D
dw_ods.db	ods_trade_event	dt=20260929	spark-warehouse\dw_ods.db\ods_trade_event\dt=20260929\hour=03\part-00000-d2ab7402-e32b-46a5-9250-1b16b2c57847.c000.snappy.parquet	5670	290A842DB0B841E7A00D04FEA61F6F9071602180E1E84A28AEFC679B6DC685F7
dw_ods.db	ods_trade_event	dt=20260929	spark-warehouse\dw_ods.db\ods_trade_event\dt=20260929\hour=06\part-00000-d2ab7402-e32b-46a5-9250-1b16b2c57847.c000.snappy.parquet	6308	704749AC6285682B5B0EB3CE8347BF9475811EA3DD1475455A1CC2EB7DFF4C36
dw_ods.db	ods_trade_event	dt=20260929	spark-warehouse\dw_ods.db\ods_trade_event\dt=20260929\hour=07\part-00000-d2ab7402-e32b-46a5-9250-1b16b2c57847.c000.snappy.parquet	6318	3B67821850BF91D58BC55F565A5A3164ADB24FF61F38890FF5469D125B7E4E5D
dw_ods.db	ods_trade_event	dt=20260929	spark-warehouse\dw_ods.db\ods_trade_event\dt=20260929\hour=10\part-00000-d2ab7402-e32b-46a5-9250-1b16b2c57847.c000.snappy.parquet	5700	FF669714649A7EADE9AE37B61F6BC09FB41615FD7989826AF55EE19B64377DDF
dw_ods.db	ods_trade_event	dt=20260929	spark-warehouse\dw_ods.db\ods_trade_event\dt=20260929\hour=11\part-00000-d2ab7402-e32b-46a5-9250-1b16b2c57847.c000.snappy.parquet	5663	7E6FD696202C334AB143E575C26CA990594AB1A25B1F97FBE77E34FC6BE20901
dw_ods.db	ods_trade_event	dt=20260929	spark-warehouse\dw_ods.db\ods_trade_event\dt=20260929\hour=18\part-00000-d2ab7402-e32b-46a5-9250-1b16b2c57847.c000.snappy.parquet	6425	CB48CB15C8BD3FF5F867482E0451DFEF1A8A95E36BDB8BCCA881FF84B3FBAE10
dw_ods.db	ods_trade_event	dt=20260929	spark-warehouse\dw_ods.db\ods_trade_event\dt=20260929\hour=22\part-00000-d2ab7402-e32b-46a5-9250-1b16b2c57847.c000.snappy.parquet	5700	6053B54F7EF295BB47CAC55961873B37E0F45F477943E238BAB8D12D5963C957
dw_ods.db	ods_trade_event	dt=20260929	spark-warehouse\dw_ods.db\ods_trade_event\dt=20260929\hour=23\part-00000-d2ab7402-e32b-46a5-9250-1b16b2c57847.c000.snappy.parquet	5751	2C1BB7ABA098D40C80AE3608EB3B8D60991C427F3B9E52A3190021D5489764A4
dw_ods.db	ods_trade_event	dt=20260930	spark-warehouse\dw_ods.db\ods_trade_event\dt=20260930\hour=10\part-00000-d2ab7402-e32b-46a5-9250-1b16b2c57847.c000.snappy.parquet	6302	780791B6BCA4777FE15F9CE2603726063A14E26BC2345A455C3466EC8F49D0AE
dw_ods.db	ods_trade_event	dt=20260930	spark-warehouse\dw_ods.db\ods_trade_event\dt=20260930\hour=12\part-00000-d2ab7402-e32b-46a5-9250-1b16b2c57847.c000.snappy.parquet	5670	D3E8931705F8F11950052C3A64BF849FC8DC45C981010D471FB4AC0DED9B5D2F
dw_ods.db	ods_trade_event	dt=20260930	spark-warehouse\dw_ods.db\ods_trade_event\dt=20260930\hour=13\part-00000-d2ab7402-e32b-46a5-9250-1b16b2c57847.c000.snappy.parquet	6313	4C283664EEE3F249E085163F123D3CBE46F7300A675A4571D01E2A97DA709242
dw_ods.db	ods_trade_event	dt=20260930	spark-warehouse\dw_ods.db\ods_trade_event\dt=20260930\hour=17\part-00000-d2ab7402-e32b-46a5-9250-1b16b2c57847.c000.snappy.parquet	6303	4C4748B8B1404F6B1FE3553E1B7BD6730B6F68DD2D030BD87D3EA034457AA3A6
dw_ods.db	ods_trade_event	dt=20260930	spark-warehouse\dw_ods.db\ods_trade_event\dt=20260930\hour=18\part-00000-d2ab7402-e32b-46a5-9250-1b16b2c57847.c000.snappy.parquet	6371	0051BC3E9EB04485653DB2D138AEB136037980816B52FA51100E59F1F1573E6F
dw_ods.db	ods_user_event	dt=20260901	spark-warehouse\dw_ods.db\ods_user_event\dt=20260901\hour=04\part-00000-4791b34b-c662-491e-a5ea-52cb62882f2c.c000.snappy.parquet	4694	815D60750913AC1940480E7AAFDAFF200138998EE8CC85C92CCA7A95A3CF9F36
dw_ods.db	ods_user_event	dt=20260901	spark-warehouse\dw_ods.db\ods_user_event\dt=20260901\hour=06\part-00000-4791b34b-c662-491e-a5ea-52cb62882f2c.c000.snappy.parquet	4681	EF0DF8620B007EE2E42017F63C462083C4F0A7E4FD5327C806D1E52031CA917B
dw_ods.db	ods_user_event	dt=20260901	spark-warehouse\dw_ods.db\ods_user_event\dt=20260901\hour=08\part-00000-4791b34b-c662-491e-a5ea-52cb62882f2c.c000.snappy.parquet	4695	3FF89EC5AAFC07935CEA19EC861229E2C9CD922DAA433F0146AA4D4C3DD441DB
dw_ods.db	ods_user_event	dt=20260901	spark-warehouse\dw_ods.db\ods_user_event\dt=20260901\hour=13\part-00000-4791b34b-c662-491e-a5ea-52cb62882f2c.c000.snappy.parquet	4695	C8A2ED85B84D159D537DACDE7E3335A6B6C6F459E719612CEE6808D7ED6EEF73
dw_ods.db	ods_user_event	dt=20260901	spark-warehouse\dw_ods.db\ods_user_event\dt=20260901\hour=15\part-00000-4791b34b-c662-491e-a5ea-52cb62882f2c.c000.snappy.parquet	4709	2CF6BB63EDC7CF3DEAEAE81DE9C5BA1F252AD951929359007A31F801B2F327D8
dw_ods.db	ods_user_event	dt=20260901	spark-warehouse\dw_ods.db\ods_user_event\dt=20260901\hour=17\part-00000-4791b34b-c662-491e-a5ea-52cb62882f2c.c000.snappy.parquet	4693	43F2DCC9F43C21DDA0A2E29241FABD58AE8C9B4E701FF3C4F2E99D7948C7DBE2
dw_ods.db	ods_user_event	dt=20260901	spark-warehouse\dw_ods.db\ods_user_event\dt=20260901\hour=19\part-00000-4791b34b-c662-491e-a5ea-52cb62882f2c.c000.snappy.parquet	4695	0E42C577805C9BD1E7E0D404AC1CF4EB8BA9DDB12FCA4B8AAFCDF3EFA6CAAF53
dw_ods.db	ods_user_event	dt=20260901	spark-warehouse\dw_ods.db\ods_user_event\dt=20260901\hour=21\part-00000-4791b34b-c662-491e-a5ea-52cb62882f2c.c000.snappy.parquet	4680	D59E6FA0B034CAB06A0D42DDE680E7E858F1ACDC553367A0B1D7BFB6DD5EB1C7
dw_ods.db	ods_user_event	dt=20260902	spark-warehouse\dw_ods.db\ods_user_event\dt=20260902\hour=02\part-00000-4791b34b-c662-491e-a5ea-52cb62882f2c.c000.snappy.parquet	4694	3AEF79462F77107D045B62FA00E7838535AA9CEC453780888441BA3C0414CD1B
dw_ods.db	ods_user_event	dt=20260902	spark-warehouse\dw_ods.db\ods_user_event\dt=20260902\hour=06\part-00000-4791b34b-c662-491e-a5ea-52cb62882f2c.c000.snappy.parquet	4694	663AA3F855B14CA2FEE9DD4FDBA9F135F6D29099E1B5BD4654CB5655334AE7A2
dw_ods.db	ods_user_event	dt=20260902	spark-warehouse\dw_ods.db\ods_user_event\dt=20260902\hour=08\part-00000-4791b34b-c662-491e-a5ea-52cb62882f2c.c000.snappy.parquet	4695	CF6493A1888214D62B80CA0471D112FC30AEAC67462E20FA4971DF87532FDDF8
dw_ods.db	ods_user_event	dt=20260902	spark-warehouse\dw_ods.db\ods_user_event\dt=20260902\hour=13\part-00000-4791b34b-c662-491e-a5ea-52cb62882f2c.c000.snappy.parquet	4680	02F04753652B5028FCEE0663B86CD0B0093315A90BBC957C709CB220A158FC35
dw_ods.db	ods_user_event	dt=20260902	spark-warehouse\dw_ods.db\ods_user_event\dt=20260902\hour=15\part-00000-4791b34b-c662-491e-a5ea-52cb62882f2c.c000.snappy.parquet	4694	6EF221686683D9952B715AA12CC5077D0185504DA62141A49B3389D613295877
dw_ods.db	ods_user_event	dt=20260902	spark-warehouse\dw_ods.db\ods_user_event\dt=20260902\hour=17\part-00000-4791b34b-c662-491e-a5ea-52cb62882f2c.c000.snappy.parquet	4709	21B7B6DD71578918101B3B7FEB99C5114399BE500D56D2550B10844C403D6B23
dw_ods.db	ods_user_event	dt=20260902	spark-warehouse\dw_ods.db\ods_user_event\dt=20260902\hour=19\part-00000-4791b34b-c662-491e-a5ea-52cb62882f2c.c000.snappy.parquet	4695	22DA8FA1E824A9DCFB82D794D595C0BB39C4C46FE771E16DC457D96600F25987
dw_ods.db	ods_user_event	dt=20260902	spark-warehouse\dw_ods.db\ods_user_event\dt=20260902\hour=22\part-00000-4791b34b-c662-491e-a5ea-52cb62882f2c.c000.snappy.parquet	4694	40E857AB37694DD351E537EDA88169E52B13083C05A308BCA0BD4244AD6CD492
dw_ods.db	ods_user_event	dt=20260903	spark-warehouse\dw_ods.db\ods_user_event\dt=20260903\hour=02\part-00000-4791b34b-c662-491e-a5ea-52cb62882f2c.c000.snappy.parquet	4695	A8710DF440AAE8FF2A3873FF680FC00C992302846B077B2CE38D2CA80F7B5D36
dw_ods.db	ods_user_event	dt=20260903	spark-warehouse\dw_ods.db\ods_user_event\dt=20260903\hour=04\part-00000-4791b34b-c662-491e-a5ea-52cb62882f2c.c000.snappy.parquet	4694	B3A8C2C56F8324C3533688A4E480D627863D07C7ACA1E2644B85F1CB40B233B0
dw_ods.db	ods_user_event	dt=20260903	spark-warehouse\dw_ods.db\ods_user_event\dt=20260903\hour=06\part-00000-4791b34b-c662-491e-a5ea-52cb62882f2c.c000.snappy.parquet	4680	15975638B2EB7162D7497D88C2670E3149B39E7E3EF7E8AE3F1DC8869983787B
dw_ods.db	ods_user_event	dt=20260903	spark-warehouse\dw_ods.db\ods_user_event\dt=20260903\hour=09\part-00000-4791b34b-c662-491e-a5ea-52cb62882f2c.c000.snappy.parquet	4695	09F1B4F719AE7E618D04210CB999DBFBE651D96A0DC24D30DE0B8D23D324B459
dw_ods.db	ods_user_event	dt=20260903	spark-warehouse\dw_ods.db\ods_user_event\dt=20260903\hour=11\part-00000-4791b34b-c662-491e-a5ea-52cb62882f2c.c000.snappy.parquet	4695	DE4E45834EF67A0D2B7CDBE7F599B36B15881CA5F8E5364FAD6A8CDF21CB1C36
dw_ods.db	ods_user_event	dt=20260903	spark-warehouse\dw_ods.db\ods_user_event\dt=20260903\hour=12\part-00000-4791b34b-c662-491e-a5ea-52cb62882f2c.c000.snappy.parquet	4681	3618063E3E94F0D5599CBDBFCBF053631B43C5DAFB98DB238DD544EDAD2B9DA2
dw_ods.db	ods_user_event	dt=20260903	spark-warehouse\dw_ods.db\ods_user_event\dt=20260903\hour=13\part-00000-4791b34b-c662-491e-a5ea-52cb62882f2c.c000.snappy.parquet	4681	6BFA4022716C156FEEBD1E9E0D875E614F43581CA0BB40E1F78B9C45D36E2ECF
dw_ods.db	ods_user_event	dt=20260903	spark-warehouse\dw_ods.db\ods_user_event\dt=20260903\hour=15\part-00000-4791b34b-c662-491e-a5ea-52cb62882f2c.c000.snappy.parquet	4691	D7587AF7C9A8C50C142371A75AE20EA0E0B812104907A1E4A8D4CD3E8BE674D2
dw_ods.db	ods_user_event	dt=20260903	spark-warehouse\dw_ods.db\ods_user_event\dt=20260903\hour=17\part-00000-4791b34b-c662-491e-a5ea-52cb62882f2c.c000.snappy.parquet	4681	BD30983B9B9E8CFC5C6FD7058F12881923819FCD792E5A6D6BAF81DF7D30A23C
dw_ods.db	ods_user_event	dt=20260903	spark-warehouse\dw_ods.db\ods_user_event\dt=20260903\hour=22\part-00000-4791b34b-c662-491e-a5ea-52cb62882f2c.c000.snappy.parquet	4695	BC7DD5883744B2F1B840FC61D6E0305C805F32FBEA9575224E83D529C52F8800
dw_ods.db	ods_user_event	dt=20260904	spark-warehouse\dw_ods.db\ods_user_event\dt=20260904\hour=00\part-00000-4791b34b-c662-491e-a5ea-52cb62882f2c.c000.snappy.parquet	4692	E4A485C0B09FD16DBE561427C270BE66470F3DFD82C5087CEC556D66FB3FF8A1
dw_ods.db	ods_user_event	dt=20260904	spark-warehouse\dw_ods.db\ods_user_event\dt=20260904\hour=02\part-00000-4791b34b-c662-491e-a5ea-52cb62882f2c.c000.snappy.parquet	4695	EC8E37E5EEB4A776BD818FB122603999D2A261401A4E16F58F066C28DAA13F24
dw_ods.db	ods_user_event	dt=20260904	spark-warehouse\dw_ods.db\ods_user_event\dt=20260904\hour=04\part-00000-4791b34b-c662-491e-a5ea-52cb62882f2c.c000.snappy.parquet	4695	1350C7E257443CCF3D829E18E98C165611F7D560F2F84591D32DEB08F62F3B08
dw_ods.db	ods_user_event	dt=20260904	spark-warehouse\dw_ods.db\ods_user_event\dt=20260904\hour=09\part-00000-4791b34b-c662-491e-a5ea-52cb62882f2c.c000.snappy.parquet	4694	6266F0DC57C51E93ACFBC8D8581E6C424424A4F4BBEC7AE98ED5C0BA946C25DE
dw_ods.db	ods_user_event	dt=20260904	spark-warehouse\dw_ods.db\ods_user_event\dt=20260904\hour=11\part-00000-4791b34b-c662-491e-a5ea-52cb62882f2c.c000.snappy.parquet	4695	1C85C4B78563D6C7B46F96EFEC8897889EDC35E719A62FE73EF2AEE9313FAC05
dw_ods.db	ods_user_event	dt=20260904	spark-warehouse\dw_ods.db\ods_user_event\dt=20260904\hour=13\part-00000-4791b34b-c662-491e-a5ea-52cb62882f2c.c000.snappy.parquet	4695	155602B35C7C64306F17DCB873D362C996207ACD64969247E7FB2EB1F0AC7558
dw_ods.db	ods_user_event	dt=20260904	spark-warehouse\dw_ods.db\ods_user_event\dt=20260904\hour=15\part-00000-4791b34b-c662-491e-a5ea-52cb62882f2c.c000.snappy.parquet	4695	77C1F3C9C36C5EA3E441668294F6F9DDDBC7677F352CB37494C91B40E5EEB00C
dw_ods.db	ods_user_event	dt=20260904	spark-warehouse\dw_ods.db\ods_user_event\dt=20260904\hour=18\part-00000-4791b34b-c662-491e-a5ea-52cb62882f2c.c000.snappy.parquet	4684	19843AE14352CD61DC25682188E9A20E42F155106B080A1E7C51ECEDE1C7676A
dw_ods.db	ods_user_event	dt=20260904	spark-warehouse\dw_ods.db\ods_user_event\dt=20260904\hour=22\part-00000-4791b34b-c662-491e-a5ea-52cb62882f2c.c000.snappy.parquet	4708	17C00F33B8FCF2F681A02C7444A7B7395E3CF36047CE5CFE498142190388BC29
dw_ods.db	ods_user_event	dt=20260905	spark-warehouse\dw_ods.db\ods_user_event\dt=20260905\hour=00\part-00000-4791b34b-c662-491e-a5ea-52cb62882f2c.c000.snappy.parquet	4695	3DA9B7B0C2F652C836AACACCDDB6D51A02112C52ADFABAFBDB0E7DF488898B51
dw_ods.db	ods_user_event	dt=20260905	spark-warehouse\dw_ods.db\ods_user_event\dt=20260905\hour=02\part-00000-4791b34b-c662-491e-a5ea-52cb62882f2c.c000.snappy.parquet	4695	3B3FADC3984B1707EE806404F53F6DF64235732CBDD8A54796BB6AFDC3DCA52F
dw_ods.db	ods_user_event	dt=20260905	spark-warehouse\dw_ods.db\ods_user_event\dt=20260905\hour=05\part-00000-4791b34b-c662-491e-a5ea-52cb62882f2c.c000.snappy.parquet	4695	76BD7D4E52CCFE9FDAF2F064581CFBF2E9DB42592108E045D23C37C9F321813C
dw_ods.db	ods_user_event	dt=20260905	spark-warehouse\dw_ods.db\ods_user_event\dt=20260905\hour=11\part-00000-4791b34b-c662-491e-a5ea-52cb62882f2c.c000.snappy.parquet	4694	C9E63AB3010BD5E9447DDF13791DBFCC936CBF6D422FD2CF72B031E211C5F88D
dw_ods.db	ods_user_event	dt=20260905	spark-warehouse\dw_ods.db\ods_user_event\dt=20260905\hour=13\part-00000-4791b34b-c662-491e-a5ea-52cb62882f2c.c000.snappy.parquet	4694	60DE6CCDA2A7EE8C3BEEBFD1F167EA46748A717E25E009BD5E7C2485E682FE5C
dw_ods.db	ods_user_event	dt=20260905	spark-warehouse\dw_ods.db\ods_user_event\dt=20260905\hour=15\part-00000-4791b34b-c662-491e-a5ea-52cb62882f2c.c000.snappy.parquet	4695	5985C4A5DA12C681D8E2AAEA62C68C5F21FC7AE30C02625C066BD736B5363BF5
dw_ods.db	ods_user_event	dt=20260905	spark-warehouse\dw_ods.db\ods_user_event\dt=20260905\hour=18\part-00000-4791b34b-c662-491e-a5ea-52cb62882f2c.c000.snappy.parquet	4680	8AD59DD275A5F4946B816E04A0A58FC1EFCFB684D9066BA62A9150134911D489
dw_ods.db	ods_user_event	dt=20260905	spark-warehouse\dw_ods.db\ods_user_event\dt=20260905\hour=20\part-00000-4791b34b-c662-491e-a5ea-52cb62882f2c.c000.snappy.parquet	4681	F9A1100F2CEED8F6E45929B18F1FBF075B0853FC903FC46F868D25B41C3889AC
dw_ods.db	ods_user_event	dt=20260906	spark-warehouse\dw_ods.db\ods_user_event\dt=20260906\hour=00\part-00000-4791b34b-c662-491e-a5ea-52cb62882f2c.c000.snappy.parquet	4694	7BCAFDE97D40007AF8A0E2941BD470A01C17EF0242D8E59A5A89190C4962A579
dw_ods.db	ods_user_event	dt=20260906	spark-warehouse\dw_ods.db\ods_user_event\dt=20260906\hour=09\part-00000-4791b34b-c662-491e-a5ea-52cb62882f2c.c000.snappy.parquet	4667	AEFEEC91377A949C2E8E96ABAF6A9C604790475B435872BC40630B925D770075
dw_ods.db	ods_user_event	dt=20260906	spark-warehouse\dw_ods.db\ods_user_event\dt=20260906\hour=14\part-00000-4791b34b-c662-491e-a5ea-52cb62882f2c.c000.snappy.parquet	4705	EFC1FF8ABFCAED784C0E607428554550E2AAC3E9B9051998BEA55DA7D9F5F3D2
dw_ods.db	ods_user_event	dt=20260906	spark-warehouse\dw_ods.db\ods_user_event\dt=20260906\hour=18\part-00000-4791b34b-c662-491e-a5ea-52cb62882f2c.c000.snappy.parquet	4681	8E9C1355FFF9BF0F154D23D51B86ED747B5572316C5CBCFA4E2EB043A9D62191
dw_ods.db	ods_user_event	dt=20260906	spark-warehouse\dw_ods.db\ods_user_event\dt=20260906\hour=22\part-00000-4791b34b-c662-491e-a5ea-52cb62882f2c.c000.snappy.parquet	4695	B4AC0785BFF15E3058769366E74E90AA6BE7DEF1D8C64FDEAE0318079703E61F
dw_ods.db	ods_user_event	dt=20260907	spark-warehouse\dw_ods.db\ods_user_event\dt=20260907\hour=03\part-00000-4791b34b-c662-491e-a5ea-52cb62882f2c.c000.snappy.parquet	4695	CC06E47EA1CB53EB5C69F5FB004F002B02BF47A668FDB07E3E6098197CB7A5BB
dw_ods.db	ods_user_event	dt=20260907	spark-warehouse\dw_ods.db\ods_user_event\dt=20260907\hour=07\part-00000-4791b34b-c662-491e-a5ea-52cb62882f2c.c000.snappy.parquet	4692	6240BB0EA9FA24F61CB3D711EA0E3366F2C5CDC8BCC084FB738900BB0138E6EC
dw_ods.db	ods_user_event	dt=20260907	spark-warehouse\dw_ods.db\ods_user_event\dt=20260907\hour=09\part-00000-4791b34b-c662-491e-a5ea-52cb62882f2c.c000.snappy.parquet	4695	F024368BD1AD333DDCF78A869535CEA3533E2C2D6698771BDBFB0CEC0FE911ED
dw_ods.db	ods_user_event	dt=20260907	spark-warehouse\dw_ods.db\ods_user_event\dt=20260907\hour=12\part-00000-4791b34b-c662-491e-a5ea-52cb62882f2c.c000.snappy.parquet	4691	87351359B6DD0AF3A4AF0C5C0AC94E2F5BE4A175A8FF5C5473AEC8C1619FCC3F
dw_ods.db	ods_user_event	dt=20260907	spark-warehouse\dw_ods.db\ods_user_event\dt=20260907\hour=14\part-00000-4791b34b-c662-491e-a5ea-52cb62882f2c.c000.snappy.parquet	4695	3F5ECFA26CEDF121FA89F4332FECB9987B7041F151192A021EF1C0545BDCC6B9
dw_ods.db	ods_user_event	dt=20260907	spark-warehouse\dw_ods.db\ods_user_event\dt=20260907\hour=16\part-00000-4791b34b-c662-491e-a5ea-52cb62882f2c.c000.snappy.parquet	4695	9102A48B5AC93F9CD2582A1C39C948EDF6CE3745922BEB0927DA1A65AD028B35
dw_ods.db	ods_user_event	dt=20260907	spark-warehouse\dw_ods.db\ods_user_event\dt=20260907\hour=18\part-00000-4791b34b-c662-491e-a5ea-52cb62882f2c.c000.snappy.parquet	4695	911F08F0EF4361E6B63177179E3F520C7F5E6364B4FEBC7BAEBA9B6642E18066
dw_ods.db	ods_user_event	dt=20260907	spark-warehouse\dw_ods.db\ods_user_event\dt=20260907\hour=23\part-00000-4791b34b-c662-491e-a5ea-52cb62882f2c.c000.snappy.parquet	4695	87FE17077CAD81A8535F7481F788E6A45EFBAEADF85F9DC8DA1D1EC147276F55
dw_ods.db	ods_user_event	dt=20260908	spark-warehouse\dw_ods.db\ods_user_event\dt=20260908\hour=01\part-00000-4791b34b-c662-491e-a5ea-52cb62882f2c.c000.snappy.parquet	4695	4EC015001C437C2E8E6FE2D5550DB3A36B710C33AA7FAC87243E1C7AEFD332D7
dw_ods.db	ods_user_event	dt=20260908	spark-warehouse\dw_ods.db\ods_user_event\dt=20260908\hour=03\part-00000-4791b34b-c662-491e-a5ea-52cb62882f2c.c000.snappy.parquet	4695	A50814A2AD950CE5319A0E24A120135F20D9A0A504D59508D982A06600CCC449
dw_ods.db	ods_user_event	dt=20260908	spark-warehouse\dw_ods.db\ods_user_event\dt=20260908\hour=05\part-00000-4791b34b-c662-491e-a5ea-52cb62882f2c.c000.snappy.parquet	4695	BDBDFDF61629D504A6C16FA29A25F6D4A5A584937F2679E42E08F14E14ABF31E
dw_ods.db	ods_user_event	dt=20260908	spark-warehouse\dw_ods.db\ods_user_event\dt=20260908\hour=07\part-00000-4791b34b-c662-491e-a5ea-52cb62882f2c.c000.snappy.parquet	4695	9A9C73E2807FE5A9EE68BB4FA4C25B619962A726F8290EB0EEA30175642A19DF
dw_ods.db	ods_user_event	dt=20260908	spark-warehouse\dw_ods.db\ods_user_event\dt=20260908\hour=10\part-00000-4791b34b-c662-491e-a5ea-52cb62882f2c.c000.snappy.parquet	4694	884AF436FB005006F58F8F80BA1EA788BBA50886F70B793D37C5B065A1A4699E
dw_ods.db	ods_user_event	dt=20260908	spark-warehouse\dw_ods.db\ods_user_event\dt=20260908\hour=12\part-00000-4791b34b-c662-491e-a5ea-52cb62882f2c.c000.snappy.parquet	4695	220532DA92BDD9D4299A1E9DAFD0084C18A004547B152600E5A3B4D06AA10A77
dw_ods.db	ods_user_event	dt=20260909	spark-warehouse\dw_ods.db\ods_user_event\dt=20260909\hour=13\part-00000-4791b34b-c662-491e-a5ea-52cb62882f2c.c000.snappy.parquet	4695	35A14D410FACFB5E9FCFFA0A0467788318A58173172A293F5420C6BFCFDB24BF
dw_ods.db	ods_user_event	dt=20260909	spark-warehouse\dw_ods.db\ods_user_event\dt=20260909\hour=23\part-00000-4791b34b-c662-491e-a5ea-52cb62882f2c.c000.snappy.parquet	4694	4BCE946C957520B4C0E679ED85A55DA17919B77782A5017B3A9D98C390220EEF
dw_ods.db	ods_user_event	dt=20260910	spark-warehouse\dw_ods.db\ods_user_event\dt=20260910\hour=03\part-00000-4791b34b-c662-491e-a5ea-52cb62882f2c.c000.snappy.parquet	4681	B54848AB20B67F936E6537297C398E1FCC585ADF1F5A501FF93524FFCBBEFC72
dw_ods.db	ods_user_event	dt=20260911	spark-warehouse\dw_ods.db\ods_user_event\dt=20260911\hour=10\part-00000-4791b34b-c662-491e-a5ea-52cb62882f2c.c000.snappy.parquet	4695	EA0B7B233B6EE3E1FD4A7333240391DF5E25EDED6214C18194AD29689C264992
dw_ods.db	ods_user_event	dt=20260911	spark-warehouse\dw_ods.db\ods_user_event\dt=20260911\hour=19\part-00000-4791b34b-c662-491e-a5ea-52cb62882f2c.c000.snappy.parquet	4694	FAF7FE1260EF5DB7B2CD2DF2711CB1E6BF7B0F2596B35C2E4F8EE5812A29B77C
dw_ods.db	ods_user_event	dt=20260912	spark-warehouse\dw_ods.db\ods_user_event\dt=20260912\hour=16\part-00000-4791b34b-c662-491e-a5ea-52cb62882f2c.c000.snappy.parquet	4709	1C28A3257C4576425C4A54061DB543075FD8F0708EFF61A79CD85940557A0C8D
dw_ods.db	ods_user_event	dt=20260916	spark-warehouse\dw_ods.db\ods_user_event\dt=20260916\hour=08\part-00000-4791b34b-c662-491e-a5ea-52cb62882f2c.c000.snappy.parquet	4695	CA1112A7E84D79F3C2E04154C199236A1E06969F7193874140E25C21D1468FFB
dw_ods.db	ods_user_event	dt=20260916	spark-warehouse\dw_ods.db\ods_user_event\dt=20260916\hour=10\part-00000-4791b34b-c662-491e-a5ea-52cb62882f2c.c000.snappy.parquet	4695	112B6AC597CA40CC7432DA194530DC8FCE062DF573289287DD79341288C41E12
dw_ods.db	ods_user_event	dt=20260918	spark-warehouse\dw_ods.db\ods_user_event\dt=20260918\hour=17\part-00000-4791b34b-c662-491e-a5ea-52cb62882f2c.c000.snappy.parquet	4695	B9197BD8F7B0500F825B571E94E9F512E2EA6CAB7B0D972E87328DA3FD925DD7
dw_ods.db	ods_user_event	dt=20260919	spark-warehouse\dw_ods.db\ods_user_event\dt=20260919\hour=12\part-00000-4791b34b-c662-491e-a5ea-52cb62882f2c.c000.snappy.parquet	4694	DAAC52AADE5D492DC4F3A791428D66C37B5998E10AD051CAE6E9A661E60C6AA8
dw_ods.db	ods_user_event	dt=20260920	spark-warehouse\dw_ods.db\ods_user_event\dt=20260920\hour=08\part-00000-4791b34b-c662-491e-a5ea-52cb62882f2c.c000.snappy.parquet	4694	2F3F6C88666F3AA17435D5A5A6008C2035E53672B4A9C2343D53406BB828E5B8
dw_ods.db	ods_user_event	dt=20260920	spark-warehouse\dw_ods.db\ods_user_event\dt=20260920\hour=15\part-00000-4791b34b-c662-491e-a5ea-52cb62882f2c.c000.snappy.parquet	4694	81C3B75DF22A80FC06C138583B5E855D6AD701EC739F18A987FA4F33E9AC366D
dw_ods.db	ods_user_event	dt=20260920	spark-warehouse\dw_ods.db\ods_user_event\dt=20260920\hour=22\part-00000-4791b34b-c662-491e-a5ea-52cb62882f2c.c000.snappy.parquet	4695	65727678E5ABAB203F267EFD440432F60098BFDEB4C74E7CA6753B108590686E
dw_ods.db	ods_user_event	dt=20260922	spark-warehouse\dw_ods.db\ods_user_event\dt=20260922\hour=12\part-00000-4791b34b-c662-491e-a5ea-52cb62882f2c.c000.snappy.parquet	4695	1FAB1AB649CDEF7D3BFB52C42D8ECC5BB77589DA33E3621B2B14B8E344D2D588
dw_ods.db	ods_user_event	dt=20260924	spark-warehouse\dw_ods.db\ods_user_event\dt=20260924\hour=20\part-00000-4791b34b-c662-491e-a5ea-52cb62882f2c.c000.snappy.parquet	4694	EA4F13DA9F14CC11E057D3517ECE3FFC2164CD9937980F184FFAB68C62299A6B
dw_ods.db	ods_user_event	dt=20260925	spark-warehouse\dw_ods.db\ods_user_event\dt=20260925\hour=16\part-00000-4791b34b-c662-491e-a5ea-52cb62882f2c.c000.snappy.parquet	4708	BAA7484AF8715C3530A8644C0FFBA49B1EC4450189B97239988387A0DA110DC3
dw_ods.db	ods_user_event	dt=20260926	spark-warehouse\dw_ods.db\ods_user_event\dt=20260926\hour=11\part-00000-4791b34b-c662-491e-a5ea-52cb62882f2c.c000.snappy.parquet	4680	A033CAD21B3B54181F30E18FEBBA4D063EC29A945D69EEA90B88945C0F718EC8
dw_ods.db	ods_user_event	dt=20260926	spark-warehouse\dw_ods.db\ods_user_event\dt=20260926\hour=17\part-00000-4791b34b-c662-491e-a5ea-52cb62882f2c.c000.snappy.parquet	4694	BA3928005EA2DEF0E4DE600675BBC6690328C023DEEEC7B15CF32FDE2F33A94B
dw_ods.db	ods_user_event	dt=20260930	spark-warehouse\dw_ods.db\ods_user_event\dt=20260930\hour=10\part-00000-4791b34b-c662-491e-a5ea-52cb62882f2c.c000.snappy.parquet	4708	EBBB2BC0BC4907A117FF31DDA8C9743D34FDC28A251CC0578C05A64010DBE67D
probe_r613.db	t_stg	snapshot_id=S1	spark-warehouse\probe_r613.db\t_stg\snapshot_id=S1\dt=20260901\part-00000-42065dde-ae30-489e-9d55-bae30f4db8e2.c000.snappy.parquet	639	7D84DC8247E12535C116CED9F2779A3F84AE3CD94236E451AC1E113AFC650B7F
probe_r613.db	t_stg	snapshot_id=S2	spark-warehouse\probe_r613.db\t_stg\snapshot_id=S2\dt=20260901\part-00000-23d0e850-1371-4623-9f7e-9a20d828de1f.c000.snappy.parquet	639	B6C269BEDB4ABFF90105579AED7DE4EDE1822A6AD8C33165FD09CD81F6C2F561