### 命令: mvn.cmd -o -Dmaven.repo.local=D:\maven_repository -f analytics-server/pom.xml -Dmaven.test.failure.ignore=true test
### 开始: 2026-09-14 12:31:34   HEAD=bcc20450addf175347a7d5e38caddf798155fbd5
Picked up JAVA_TOOL_OPTIONS: -Dfile.encoding=UTF-8
[INFO] Scanning for projects...
[INFO] ------------------------------------------------------------------------
[INFO] Reactor Build Order:
[INFO] 
[INFO] analytics-server                                                   [pom]
[INFO] platform-common                                                    [jar]
[INFO] connection-ingestion                                               [jar]
[INFO] warehouse-pipeline                                                 [jar]
[INFO] metric-analysis                                                    [jar]
[INFO] ai-decision                                                        [jar]
[INFO] platform-app                                                       [jar]
[INFO] 
[INFO] -------------< com.graduation.analytics:analytics-server >--------------
[INFO] Building analytics-server 0.1.0-SNAPSHOT                           [1/7]
[INFO]   from pom.xml
[INFO] --------------------------------[ pom ]---------------------------------
[INFO] 
[INFO] --------------< com.graduation.analytics:platform-common >--------------
[INFO] Building platform-common 0.1.0-SNAPSHOT                            [2/7]
[INFO]   from platform-common\pom.xml
[INFO] --------------------------------[ jar ]---------------------------------
[INFO] 
[INFO] --- resources:3.3.1:resources (default-resources) @ platform-common ---
[INFO] skip non existing resourceDirectory D:\Develop_code\GraduationProject\analytics-server\platform-common\src\main\resources
[INFO] skip non existing resourceDirectory D:\Develop_code\GraduationProject\analytics-server\platform-common\src\main\resources
[INFO] 
[INFO] --- compiler:3.11.0:compile (default-compile) @ platform-common ---
[INFO] Nothing to compile - all classes are up to date
[INFO] 
[INFO] --- resources:3.3.1:testResources (default-testResources) @ platform-common ---
[INFO] skip non existing resourceDirectory D:\Develop_code\GraduationProject\analytics-server\platform-common\src\test\resources
[INFO] 
[INFO] --- compiler:3.11.0:testCompile (default-testCompile) @ platform-common ---
[INFO] Nothing to compile - all classes are up to date
[INFO] 
[INFO] --- surefire:3.1.2:test (default-test) @ platform-common ---
[INFO] Using auto detected provider org.apache.maven.surefire.junitplatform.JUnitPlatformProvider
[INFO] 
[INFO] -------------------------------------------------------
[INFO]  T E S T S
[INFO] -------------------------------------------------------
Picked up JAVA_TOOL_OPTIONS: -Dfile.encoding=UTF-8
[INFO] Running com.graduation.analytics.common.GlobalExceptionHandlerSourceStatusTest
[INFO] Tests run: 5, Failures: 0, Errors: 0, Skipped: 0, Time elapsed: 0.176 s -- in com.graduation.analytics.common.GlobalExceptionHandlerSourceStatusTest
[INFO] Running com.graduation.analytics.common.LandingUriTest
[INFO] Tests run: 4, Failures: 0, Errors: 0, Skipped: 0, Time elapsed: 0.025 s -- in com.graduation.analytics.common.LandingUriTest
[INFO] Running com.graduation.analytics.contracts.CanonicalEventSchemaParityTest
[INFO] Tests run: 5, Failures: 0, Errors: 0, Skipped: 0, Time elapsed: 0.166 s -- in com.graduation.analytics.contracts.CanonicalEventSchemaParityTest
[INFO] Running com.graduation.analytics.metric.RuleSeverityTest
[INFO] Tests run: 14, Failures: 0, Errors: 0, Skipped: 0, Time elapsed: 0.055 s -- in com.graduation.analytics.metric.RuleSeverityTest
[INFO] Running com.graduation.analytics.testsupport.TestIsolationGuardTest
[isolation-guard] cleanup 目标清单（删除前核对）count=2
[isolation-guard]   - snapshot_id=v25it-20260914-120000-a1b2-ok runtime_profile_id=999101 status=ACTIVE active_flag=1
[isolation-guard]   - snapshot_id=v25it-20260914-120000-a1b2-bad runtime_profile_id=999101 status=FAILED active_flag=null
[isolation-guard] cleanup 目标清单核对通过 testRunId=v25it-20260914-120000-a1b2
[isolation-guard] cleanup 目标清单（删除前核对）count=1
[isolation-guard]   - snapshot_id=v25it-20260914-120000-a1b2-ok runtime_profile_id=1 status=ACTIVE active_flag=1
[isolation-guard] cleanup 目标清单（删除前核对）count=1
[isolation-guard]   - snapshot_id=S20260901_47 runtime_profile_id=999101 status=ACTIVE active_flag=1
[isolation-guard] cleanup 目标清单（删除前核对）count=1
[isolation-guard]   - snapshot_id=v25it-20260914-120000-a1b2-ghost runtime_profile_id=999101 status=ACTIVE active_flag=1
[INFO] Tests run: 20, Failures: 0, Errors: 0, Skipped: 0, Time elapsed: 0.172 s -- in com.graduation.analytics.testsupport.TestIsolationGuardTest
[INFO] Running com.graduation.analytics.warehouse.WarehouseNameLiteralGateTest
[V25-T01 见证] 原文命中（注释内，已按词法排除）: spark-jobs/src/main/scala/com/graduation/analytics/job/TradeDwdJob.scala:145 → * 建后即删，未碰 `dw_dwd.dwd_order_detail`）：
[V25-T01 见证] 原文命中（注释内，已按词法排除）: spark-jobs/src/main/scala/com/graduation/analytics/sql/SurrogateKey.scala:160 → *    table spark_catalog.dw_dwd.dwd_order_detail: Cannot safely cast user_key "STRING" to "BIGINT".`
[INFO] Tests run: 9, Failures: 0, Errors: 0, Skipped: 0, Time elapsed: 0.773 s -- in com.graduation.analytics.warehouse.WarehouseNameLiteralGateTest
[INFO] Running com.graduation.analytics.warehouse.WarehouseNamespaceContractTest
[INFO] Tests run: 24, Failures: 0, Errors: 0, Skipped: 0, Time elapsed: 0.098 s -- in com.graduation.analytics.warehouse.WarehouseNamespaceContractTest
[INFO] 
[INFO] Results:
[INFO] 
[INFO] Tests run: 81, Failures: 0, Errors: 0, Skipped: 0
[INFO] 
[INFO] 
[INFO] -----------< com.graduation.analytics:connection-ingestion >------------
[INFO] Building connection-ingestion 0.1.0-SNAPSHOT                       [3/7]
[INFO]   from connection-ingestion\pom.xml
[INFO] --------------------------------[ jar ]---------------------------------
[WARNING] 2 problems were encountered while building the effective model for org.apache.yetus:audience-annotations:jar:0.5.0 during dependency collection step for project (use -X to see details)
[INFO] 
[INFO] --- resources:3.3.1:resources (default-resources) @ connection-ingestion ---
[INFO] skip non existing resourceDirectory D:\Develop_code\GraduationProject\analytics-server\connection-ingestion\src\main\resources
[INFO] skip non existing resourceDirectory D:\Develop_code\GraduationProject\analytics-server\connection-ingestion\src\main\resources
[INFO] 
[INFO] --- compiler:3.11.0:compile (default-compile) @ connection-ingestion ---
[INFO] Nothing to compile - all classes are up to date
[INFO] 
[INFO] --- resources:3.3.1:testResources (default-testResources) @ connection-ingestion ---
[INFO] skip non existing resourceDirectory D:\Develop_code\GraduationProject\analytics-server\connection-ingestion\src\test\resources
[INFO] 
[INFO] --- compiler:3.11.0:testCompile (default-testCompile) @ connection-ingestion ---
[INFO] Nothing to compile - all classes are up to date
[INFO] 
[INFO] --- surefire:3.1.2:test (default-test) @ connection-ingestion ---
[INFO] Using auto detected provider org.apache.maven.surefire.junitplatform.JUnitPlatformProvider
[INFO] 
[INFO] -------------------------------------------------------
[INFO]  T E S T S
[INFO] -------------------------------------------------------
Picked up JAVA_TOOL_OPTIONS: -Dfile.encoding=UTF-8
[INFO] Running com.graduation.analytics.auth.AuthInterceptorTest
Java HotSpot(TM) 64-Bit Server VM warning: Sharing is only supported for boot loader classes because bootstrap classpath has been appended
Standard Commons Logging discovery in action with spring-jcl: please remove commons-logging.jar from classpath in order to avoid potential conflicts
SLF4J(W): Class path contains multiple SLF4J providers.
SLF4J(W): Found provider [ch.qos.logback.classic.spi.LogbackServiceProvider@7144655b]
SLF4J(W): Found provider [org.slf4j.reload4j.Reload4jServiceProvider@5c82cd4f]
SLF4J(W): See https://www.slf4j.org/codes.html#multiple_bindings for an explanation.
SLF4J(I): Actual provider is of type [ch.qos.logback.classic.spi.LogbackServiceProvider@7144655b]
[INFO] Tests run: 13, Failures: 0, Errors: 0, Skipped: 0, Time elapsed: 2.391 s -- in com.graduation.analytics.auth.AuthInterceptorTest
[INFO] Running com.graduation.analytics.auth.AuthServiceRoleWhitelistTest
[INFO] Tests run: 5, Failures: 0, Errors: 0, Skipped: 0, Time elapsed: 0.807 s -- in com.graduation.analytics.auth.AuthServiceRoleWhitelistTest
[INFO] Running com.graduation.analytics.auth.RolePermissionsTest
[INFO] Tests run: 11, Failures: 0, Errors: 0, Skipped: 0, Time elapsed: 0.016 s -- in com.graduation.analytics.auth.RolePermissionsTest
[INFO] Running com.graduation.analytics.ingestion.IngestionRunNoNewDataTest
12:31:48.829 [main] INFO com.graduation.analytics.ingestion.IngestionService -- ingestion run ing-20260912100000-dfce13d3: status=QUARANTINED records=0 quarantine=4 errors=0 files=1 bytes=0 noNewData=false
12:31:48.995 [main] INFO com.graduation.analytics.ingestion.IngestionService -- ingestion run ing-20260912100000-929ac8d3: status=SUCCESS records=0 quarantine=0 errors=0 files=0 bytes=0 noNewData=true
12:31:49.018 [main] INFO com.graduation.analytics.ingestion.IngestionService -- ingestion run ing-20260912100000-7cff6e31: status=SUCCESS records=3 quarantine=0 errors=0 files=1 bytes=64 noNewData=false
12:31:49.036 [main] INFO com.graduation.analytics.ingestion.IngestionService -- ingestion run ing-20260912100000-67739f86: status=SUCCESS records=0 quarantine=0 errors=0 files=0 bytes=0 noNewData=true
[INFO] Tests run: 4, Failures: 0, Errors: 0, Skipped: 0, Time elapsed: 0.587 s -- in com.graduation.analytics.ingestion.IngestionRunNoNewDataTest
[INFO] Running com.graduation.analytics.ingestion.IngestionServiceStatusTest
12:31:49.275 [main] WARN com.graduation.analytics.ingestion.IngestionService -- landingUri 不可解析（profile 1）：暂不支持的 landingUri 协议：hdfs://（当前仅支持本地 file:// 与裸路径）
[INFO] Tests run: 11, Failures: 0, Errors: 0, Skipped: 0, Time elapsed: 0.262 s -- in com.graduation.analytics.ingestion.IngestionServiceStatusTest
[INFO] Running com.graduation.analytics.ingestion.IngestionSourceManifestTest
12:31:49.325 [main] INFO com.graduation.analytics.ingestion.IngestionService -- ingestion run ing-20260912100000-12e61bbf: status=SUCCESS records=1 quarantine=0 errors=0 files=1 bytes=16 noNewData=false
12:31:49.358 [main] INFO com.graduation.analytics.ingestion.IngestionService -- ingestion run ing-20260912100000-84368434: status=SUCCESS records=1 quarantine=0 errors=0 files=1 bytes=16 noNewData=false
12:31:49.382 [main] INFO com.graduation.analytics.ingestion.IngestionService -- ingestion run ing-20260912100000-7f52fb62: status=SUCCESS records=1 quarantine=0 errors=0 files=1 bytes=16 noNewData=false
12:31:49.394 [main] INFO com.graduation.analytics.ingestion.IngestionService -- ingestion run ing-20260912100000-437ef08f: status=SUCCESS records=1 quarantine=0 errors=0 files=1 bytes=16 noNewData=false
12:31:49.453 [main] INFO com.graduation.analytics.ingestion.IngestionService -- ingestion run ing-20260912100000-c0cc57da: status=SUCCESS records=1 quarantine=0 errors=0 files=1 bytes=16 noNewData=false
[INFO] Tests run: 5, Failures: 0, Errors: 0, Skipped: 0, Time elapsed: 0.156 s -- in com.graduation.analytics.ingestion.IngestionSourceManifestTest
[INFO] Running com.graduation.analytics.ingestion.IngestionSourceNotBoundTest
12:31:49.535 [main] INFO com.graduation.analytics.ingestion.IngestionService -- ingestion run ing-20260912100000-44d76eec: status=SUCCESS records=1 quarantine=0 errors=0 files=1 bytes=16 noNewData=false
[INFO] Tests run: 4, Failures: 0, Errors: 0, Skipped: 0, Time elapsed: 0.076 s -- in com.graduation.analytics.ingestion.IngestionSourceNotBoundTest
[INFO] Running com.graduation.analytics.ingestion.LocalFileIngestorCheckpointKeyTest
12:31:49.862 [main] INFO com.graduation.analytics.ingestion.LocalFileIngestor -- ingest a.jsonl: collected=2 quarantined=0 acceptedBytes=16 offset 0→16 identity=1789360309855
[INFO] Tests run: 4, Failures: 0, Errors: 0, Skipped: 0, Time elapsed: 0.337 s -- in com.graduation.analytics.ingestion.LocalFileIngestorCheckpointKeyTest
[INFO] Running com.graduation.analytics.ingestion.LocalFileIngestorConsumableDataTest
[INFO] Tests run: 11, Failures: 0, Errors: 0, Skipped: 0, Time elapsed: 0.067 s -- in com.graduation.analytics.ingestion.LocalFileIngestorConsumableDataTest
[INFO] Running com.graduation.analytics.ingestion.LocalFileIngestorSourceIsolationTest
12:31:49.987 [main] INFO com.graduation.analytics.ingestion.LocalFileIngestor -- ingest a.jsonl: collected=1 quarantined=0 acceptedBytes=8 offset 0→8 identity=1789360309976
12:31:50.005 [main] INFO com.graduation.analytics.ingestion.LocalFileIngestor -- ingest a.jsonl: collected=1 quarantined=0 acceptedBytes=8 offset 0→8 identity=1789360310001
12:31:50.007 [main] INFO com.graduation.analytics.ingestion.LocalFileIngestor -- ingest a.jsonl: collected=1 quarantined=0 acceptedBytes=8 offset 0→8 identity=1789360310001
12:31:50.026 [main] INFO com.graduation.analytics.ingestion.LocalFileIngestor -- ingest a.jsonl: collected=1 quarantined=0 acceptedBytes=8 offset 0→8 identity=1789360310019
12:31:50.029 [main] INFO com.graduation.analytics.ingestion.LocalFileIngestor -- ingest a.jsonl: collected=1 quarantined=0 acceptedBytes=8 offset 0→8 identity=1789360310019
12:31:50.041 [main] INFO com.graduation.analytics.ingestion.LocalFileIngestor -- ingest a.jsonl: 尾部残行 7 字节留待文件增长
12:31:50.042 [main] INFO com.graduation.analytics.ingestion.LocalFileIngestor -- ingest a.jsonl: collected=1 quarantined=0 acceptedBytes=8 offset 0→8 identity=1789360310036
12:31:50.043 [main] INFO com.graduation.analytics.ingestion.LocalFileIngestor -- ingest a.jsonl: 尾部残行 7 字节留待文件增长
12:31:50.044 [main] INFO com.graduation.analytics.ingestion.LocalFileIngestor -- ingest a.jsonl: collected=1 quarantined=0 acceptedBytes=8 offset 0→8 identity=1789360310036
12:31:50.054 [main] INFO com.graduation.analytics.ingestion.LocalFileIngestor -- ingest a.jsonl: collected=2 quarantined=0 acceptedBytes=16 offset 0→16 identity=1789360310048
12:31:50.056 [main] INFO com.graduation.analytics.ingestion.LocalFileIngestor -- ingest a.jsonl: collected=2 quarantined=0 acceptedBytes=16 offset 0→16 identity=1789360310048
12:31:50.065 [main] INFO com.graduation.analytics.ingestion.LocalFileIngestor -- ingest a.jsonl: collected=1 quarantined=0 acceptedBytes=8 offset 0→8 identity=1789360310060
12:31:50.069 [main] INFO com.graduation.analytics.ingestion.LocalFileIngestor -- ingest a.jsonl: collected=1 quarantined=0 acceptedBytes=8 offset 8→16 identity=1789360310060
12:31:50.083 [main] INFO com.graduation.analytics.ingestion.LocalFileIngestor -- ingest a.jsonl: collected=1 quarantined=0 acceptedBytes=8 offset 0→8 identity=1789360310075
12:31:50.093 [main] INFO com.graduation.analytics.ingestion.LocalFileIngestor -- ingest a.jsonl: collected=1 quarantined=0 acceptedBytes=8 offset 0→8 identity=1789360310088
12:31:50.096 [main] INFO com.graduation.analytics.ingestion.LocalFileIngestor -- ingest a.jsonl: collected=1 quarantined=0 acceptedBytes=8 offset 0→8 identity=1789360310088
12:31:50.111 [main] INFO com.graduation.analytics.ingestion.LocalFileIngestor -- ingest a.jsonl: collected=1 quarantined=0 acceptedBytes=8 offset 0→8 identity=1789360310105
12:31:50.114 [main] INFO com.graduation.analytics.ingestion.LocalFileIngestor -- ingest a.jsonl: collected=2 quarantined=0 acceptedBytes=16 offset 0→16 identity=1789360310105
12:31:50.116 [main] INFO com.graduation.analytics.ingestion.LocalFileIngestor -- ingest a.jsonl: collected=1 quarantined=0 acceptedBytes=8 offset 8→16 identity=1789360310105
[INFO] Tests run: 10, Failures: 0, Errors: 0, Skipped: 0, Time elapsed: 0.158 s -- in com.graduation.analytics.ingestion.LocalFileIngestorSourceIsolationTest
[INFO] Running com.graduation.analytics.runtime.ActiveProfileWarehouseNamespaceProviderTest
[INFO] Tests run: 8, Failures: 0, Errors: 0, Skipped: 0, Time elapsed: 0.083 s -- in com.graduation.analytics.runtime.ActiveProfileWarehouseNamespaceProviderTest
[INFO] Running com.graduation.analytics.runtime.submit.LocalProcessSparkSubmitterLogTest
[INFO] Tests run: 5, Failures: 0, Errors: 0, Skipped: 0, Time elapsed: 0.068 s -- in com.graduation.analytics.runtime.submit.LocalProcessSparkSubmitterLogTest
[INFO] Running com.graduation.analytics.runtime.submit.LocalProcessSparkSubmitterProcessTest
12:31:50.326 [main] INFO com.graduation.analytics.runtime.submit.LocalProcessSparkSubmitter -- spark-submit lp-1789360310284-432270 -> pid=62320 log=C:\Users\ASUS\AppData\Local\Temp\junit8321782118968345193\m1-11-ok__lp-1789360310284-432270.log
12:31:50.455 [main] INFO com.graduation.analytics.runtime.submit.LocalProcessSparkSubmitter -- spark-submit lp-1789360310443-d6416d -> pid=63288 log=C:\Users\ASUS\AppData\Local\Temp\junit8321782118968345193\m1-11-bad__lp-1789360310443-d6416d.log
12:31:50.580 [main] INFO com.graduation.analytics.runtime.submit.LocalProcessSparkSubmitter -- spark-submit lp-1789360310570-d9c8f1 -> pid=57960 log=C:\Users\ASUS\AppData\Local\Temp\junit882988642692550837\m1-11-cancel__lp-1789360310570-d9c8f1.log
12:31:50.606 [main] WARN com.graduation.analytics.runtime.submit.LocalProcessSparkSubmitter -- 本地进程任务已终止: lp-1789360310570-d9c8f1 pid=57960 子进程=1
12:31:50.610 [spark-log-lp-1789360310570-d9c8f1] WARN com.graduation.analytics.runtime.submit.LocalProcessSparkSubmitter -- capture spark-submit log failed: C:\Users\ASUS\AppData\Local\Temp\junit882988642692550837\m1-11-cancel__lp-1789360310570-d9c8f1.log
[INFO] Tests run: 4, Failures: 0, Errors: 0, Skipped: 0, Time elapsed: 0.336 s -- in com.graduation.analytics.runtime.submit.LocalProcessSparkSubmitterProcessTest
[INFO] Running com.graduation.analytics.source.SourceProfileValidatorTest
12:31:50.654 [main] WARN com.graduation.analytics.source.SourceProfileValidator -- 源画像解析失败 path=analytics-server/source-profiles/p1-03-probe-1.v1.json: Unrecognized token 'not': was expecting (JSON String, Number, Array, Object or token 'null', 'true' or 'false')
 at [Source: (String)"not json at all"; line: 1, column: 4]
[INFO] Tests run: 8, Failures: 0, Errors: 0, Skipped: 0, Time elapsed: 0.055 s -- in com.graduation.analytics.source.SourceProfileValidatorTest
[INFO] Running com.graduation.analytics.source.SourceRegistryConcurrencyTest
12:31:50.749 [main] INFO com.graduation.analytics.source.SourceRegistryServiceImpl -- 源登记创建 sourceCode=p1-03-probe-1 id=1 status=DRAFT
12:31:50.750 [main] INFO com.graduation.analytics.source.SourceRegistryServiceImpl -- 源登记创建 sourceCode=p1-03-probe-2 id=2 status=DRAFT
12:31:50.761 [pool-2-thread-1] INFO com.graduation.analytics.source.SourceRegistryServiceImpl -- 源激活 sourceCode=p1-03-probe-1 id=1 绑定 runtime_profile.id=1
12:31:50.763 [pool-2-thread-8] INFO com.graduation.analytics.source.SourceRegistryServiceImpl -- 源激活 sourceCode=p1-03-probe-2 id=2 绑定 runtime_profile.id=1
12:31:50.764 [pool-2-thread-3] INFO com.graduation.analytics.source.SourceRegistryServiceImpl -- 源激活 sourceCode=p1-03-probe-1 id=1 绑定 runtime_profile.id=1
12:31:50.765 [pool-2-thread-4] INFO com.graduation.analytics.source.SourceRegistryServiceImpl -- 源激活 sourceCode=p1-03-probe-2 id=2 绑定 runtime_profile.id=1
12:31:50.766 [pool-2-thread-5] INFO com.graduation.analytics.source.SourceRegistryServiceImpl -- 源激活 sourceCode=p1-03-probe-1 id=1 绑定 runtime_profile.id=1
12:31:50.767 [pool-2-thread-6] INFO com.graduation.analytics.source.SourceRegistryServiceImpl -- 源激活 sourceCode=p1-03-probe-2 id=2 绑定 runtime_profile.id=1
12:31:50.778 [pool-3-thread-7] INFO com.graduation.analytics.source.SourceRegistryServiceImpl -- 源激活 sourceCode=p1-03-probe-1 id=1 绑定 runtime_profile.id=1
12:31:50.778 [pool-3-thread-6] INFO com.graduation.analytics.source.SourceRegistryServiceImpl -- 源激活 sourceCode=p1-03-probe-2 id=2 绑定 runtime_profile.id=1
12:31:50.779 [pool-3-thread-5] INFO com.graduation.analytics.source.SourceRegistryServiceImpl -- 源激活 sourceCode=p1-03-probe-1 id=1 绑定 runtime_profile.id=1
12:31:50.780 [pool-3-thread-8] INFO com.graduation.analytics.source.SourceRegistryServiceImpl -- 源激活 sourceCode=p1-03-probe-2 id=2 绑定 runtime_profile.id=1
12:31:50.785 [pool-4-thread-1] INFO com.graduation.analytics.source.SourceRegistryServiceImpl -- 源激活 sourceCode=p1-03-probe-1 id=1 绑定 runtime_profile.id=1
12:31:50.786 [pool-4-thread-6] INFO com.graduation.analytics.source.SourceRegistryServiceImpl -- 源激活 sourceCode=p1-03-probe-2 id=2 绑定 runtime_profile.id=1
12:31:50.787 [pool-4-thread-5] INFO com.graduation.analytics.source.SourceRegistryServiceImpl -- 源激活 sourceCode=p1-03-probe-1 id=1 绑定 runtime_profile.id=1
12:31:50.788 [pool-4-thread-4] INFO com.graduation.analytics.source.SourceRegistryServiceImpl -- 源激活 sourceCode=p1-03-probe-2 id=2 绑定 runtime_profile.id=1
12:31:50.789 [pool-4-thread-3] INFO com.graduation.analytics.source.SourceRegistryServiceImpl -- 源激活 sourceCode=p1-03-probe-1 id=1 绑定 runtime_profile.id=1
12:31:50.790 [pool-4-thread-8] INFO com.graduation.analytics.source.SourceRegistryServiceImpl -- 源激活 sourceCode=p1-03-probe-2 id=2 绑定 runtime_profile.id=1
12:31:50.795 [pool-5-thread-1] INFO com.graduation.analytics.source.SourceRegistryServiceImpl -- 源激活 sourceCode=p1-03-probe-1 id=1 绑定 runtime_profile.id=1
12:31:50.796 [pool-5-thread-6] INFO com.graduation.analytics.source.SourceRegistryServiceImpl -- 源激活 sourceCode=p1-03-probe-2 id=2 绑定 runtime_profile.id=1
12:31:50.796 [pool-5-thread-7] INFO com.graduation.analytics.source.SourceRegistryServiceImpl -- 源激活 sourceCode=p1-03-probe-1 id=1 绑定 runtime_profile.id=1
12:31:50.797 [pool-5-thread-4] INFO com.graduation.analytics.source.SourceRegistryServiceImpl -- 源激活 sourceCode=p1-03-probe-2 id=2 绑定 runtime_profile.id=1
12:31:50.797 [pool-5-thread-5] INFO com.graduation.analytics.source.SourceRegistryServiceImpl -- 源激活 sourceCode=p1-03-probe-1 id=1 绑定 runtime_profile.id=1
12:31:50.799 [pool-5-thread-2] INFO com.graduation.analytics.source.SourceRegistryServiceImpl -- 源激活 sourceCode=p1-03-probe-2 id=2 绑定 runtime_profile.id=1
12:31:50.805 [pool-6-thread-7] INFO com.graduation.analytics.source.SourceRegistryServiceImpl -- 源激活 sourceCode=p1-03-probe-1 id=1 绑定 runtime_profile.id=1
12:31:50.806 [pool-6-thread-6] INFO com.graduation.analytics.source.SourceRegistryServiceImpl -- 源激活 sourceCode=p1-03-probe-2 id=2 绑定 runtime_profile.id=1
12:31:50.807 [pool-6-thread-5] INFO com.graduation.analytics.source.SourceRegistryServiceImpl -- 源激活 sourceCode=p1-03-probe-1 id=1 绑定 runtime_profile.id=1
12:31:50.808 [pool-6-thread-4] INFO com.graduation.analytics.source.SourceRegistryServiceImpl -- 源激活 sourceCode=p1-03-probe-2 id=2 绑定 runtime_profile.id=1
12:31:50.809 [pool-6-thread-1] INFO com.graduation.analytics.source.SourceRegistryServiceImpl -- 源激活 sourceCode=p1-03-probe-1 id=1 绑定 runtime_profile.id=1
12:31:50.814 [pool-7-thread-8] INFO com.graduation.analytics.source.SourceRegistryServiceImpl -- 源激活 sourceCode=p1-03-probe-2 id=2 绑定 runtime_profile.id=1
12:31:50.814 [pool-7-thread-7] INFO com.graduation.analytics.source.SourceRegistryServiceImpl -- 源激活 sourceCode=p1-03-probe-1 id=1 绑定 runtime_profile.id=1
12:31:50.815 [pool-7-thread-4] INFO com.graduation.analytics.source.SourceRegistryServiceImpl -- 源激活 sourceCode=p1-03-probe-2 id=2 绑定 runtime_profile.id=1
12:31:50.816 [pool-7-thread-5] INFO com.graduation.analytics.source.SourceRegistryServiceImpl -- 源激活 sourceCode=p1-03-probe-1 id=1 绑定 runtime_profile.id=1
12:31:50.816 [pool-7-thread-2] INFO com.graduation.analytics.source.SourceRegistryServiceImpl -- 源激活 sourceCode=p1-03-probe-2 id=2 绑定 runtime_profile.id=1
12:31:50.817 [pool-7-thread-1] INFO com.graduation.analytics.source.SourceRegistryServiceImpl -- 源激活 sourceCode=p1-03-probe-1 id=1 绑定 runtime_profile.id=1
12:31:50.822 [pool-8-thread-8] INFO com.graduation.analytics.source.SourceRegistryServiceImpl -- 源激活 sourceCode=p1-03-probe-2 id=2 绑定 runtime_profile.id=1
12:31:50.823 [pool-8-thread-5] INFO com.graduation.analytics.source.SourceRegistryServiceImpl -- 源激活 sourceCode=p1-03-probe-1 id=1 绑定 runtime_profile.id=1
12:31:50.824 [pool-8-thread-4] INFO com.graduation.analytics.source.SourceRegistryServiceImpl -- 源激活 sourceCode=p1-03-probe-2 id=2 绑定 runtime_profile.id=1
12:31:50.825 [pool-8-thread-1] INFO com.graduation.analytics.source.SourceRegistryServiceImpl -- 源激活 sourceCode=p1-03-probe-1 id=1 绑定 runtime_profile.id=1
12:31:50.825 [pool-8-thread-2] INFO com.graduation.analytics.source.SourceRegistryServiceImpl -- 源激活 sourceCode=p1-03-probe-2 id=2 绑定 runtime_profile.id=1
12:31:50.826 [pool-8-thread-3] INFO com.graduation.analytics.source.SourceRegistryServiceImpl -- 源激活 sourceCode=p1-03-probe-1 id=1 绑定 runtime_profile.id=1
12:31:50.830 [pool-9-thread-8] INFO com.graduation.analytics.source.SourceRegistryServiceImpl -- 源激活 sourceCode=p1-03-probe-2 id=2 绑定 runtime_profile.id=1
12:31:50.831 [pool-9-thread-5] INFO com.graduation.analytics.source.SourceRegistryServiceImpl -- 源激活 sourceCode=p1-03-probe-1 id=1 绑定 runtime_profile.id=1
12:31:50.831 [pool-9-thread-4] INFO com.graduation.analytics.source.SourceRegistryServiceImpl -- 源激活 sourceCode=p1-03-probe-2 id=2 绑定 runtime_profile.id=1
12:31:50.832 [pool-9-thread-7] INFO com.graduation.analytics.source.SourceRegistryServiceImpl -- 源激活 sourceCode=p1-03-probe-1 id=1 绑定 runtime_profile.id=1
12:31:50.832 [pool-9-thread-2] INFO com.graduation.analytics.source.SourceRegistryServiceImpl -- 源激活 sourceCode=p1-03-probe-2 id=2 绑定 runtime_profile.id=1
12:31:50.833 [pool-9-thread-1] INFO com.graduation.analytics.source.SourceRegistryServiceImpl -- 源激活 sourceCode=p1-03-probe-1 id=1 绑定 runtime_profile.id=1
12:31:50.837 [pool-10-thread-8] INFO com.graduation.analytics.source.SourceRegistryServiceImpl -- 源激活 sourceCode=p1-03-probe-2 id=2 绑定 runtime_profile.id=1
12:31:50.838 [pool-10-thread-5] INFO com.graduation.analytics.source.SourceRegistryServiceImpl -- 源激活 sourceCode=p1-03-probe-1 id=1 绑定 runtime_profile.id=1
12:31:50.839 [pool-10-thread-6] INFO com.graduation.analytics.source.SourceRegistryServiceImpl -- 源激活 sourceCode=p1-03-probe-2 id=2 绑定 runtime_profile.id=1
12:31:50.839 [pool-10-thread-7] INFO com.graduation.analytics.source.SourceRegistryServiceImpl -- 源激活 sourceCode=p1-03-probe-1 id=1 绑定 runtime_profile.id=1
12:31:50.840 [pool-10-thread-4] INFO com.graduation.analytics.source.SourceRegistryServiceImpl -- 源激活 sourceCode=p1-03-probe-2 id=2 绑定 runtime_profile.id=1
12:31:50.840 [pool-10-thread-3] INFO com.graduation.analytics.source.SourceRegistryServiceImpl -- 源激活 sourceCode=p1-03-probe-1 id=1 绑定 runtime_profile.id=1
12:31:50.845 [pool-11-thread-8] INFO com.graduation.analytics.source.SourceRegistryServiceImpl -- 源激活 sourceCode=p1-03-probe-2 id=2 绑定 runtime_profile.id=1
12:31:50.845 [pool-11-thread-7] INFO com.graduation.analytics.source.SourceRegistryServiceImpl -- 源激活 sourceCode=p1-03-probe-1 id=1 绑定 runtime_profile.id=1
12:31:50.846 [pool-11-thread-6] INFO com.graduation.analytics.source.SourceRegistryServiceImpl -- 源激活 sourceCode=p1-03-probe-2 id=2 绑定 runtime_profile.id=1
12:31:50.846 [pool-11-thread-5] INFO com.graduation.analytics.source.SourceRegistryServiceImpl -- 源激活 sourceCode=p1-03-probe-1 id=1 绑定 runtime_profile.id=1
12:31:50.847 [pool-11-thread-2] INFO com.graduation.analytics.source.SourceRegistryServiceImpl -- 源激活 sourceCode=p1-03-probe-2 id=2 绑定 runtime_profile.id=1
12:31:50.847 [pool-11-thread-3] INFO com.graduation.analytics.source.SourceRegistryServiceImpl -- 源激活 sourceCode=p1-03-probe-1 id=1 绑定 runtime_profile.id=1
12:31:50.848 [pool-11-thread-4] INFO com.graduation.analytics.source.SourceRegistryServiceImpl -- 源激活 sourceCode=p1-03-probe-2 id=2 绑定 runtime_profile.id=1
12:31:50.848 [pool-11-thread-1] INFO com.graduation.analytics.source.SourceRegistryServiceImpl -- 源激活 sourceCode=p1-03-probe-1 id=1 绑定 runtime_profile.id=1
12:31:50.853 [pool-12-thread-4] INFO com.graduation.analytics.source.SourceRegistryServiceImpl -- 源激活 sourceCode=p1-03-probe-2 id=2 绑定 runtime_profile.id=1
12:31:50.854 [pool-12-thread-7] INFO com.graduation.analytics.source.SourceRegistryServiceImpl -- 源激活 sourceCode=p1-03-probe-1 id=1 绑定 runtime_profile.id=1
12:31:50.854 [pool-12-thread-6] INFO com.graduation.analytics.source.SourceRegistryServiceImpl -- 源激活 sourceCode=p1-03-probe-2 id=2 绑定 runtime_profile.id=1
12:31:50.856 [pool-12-thread-5] INFO com.graduation.analytics.source.SourceRegistryServiceImpl -- 源激活 sourceCode=p1-03-probe-1 id=1 绑定 runtime_profile.id=1
12:31:50.856 [pool-12-thread-2] INFO com.graduation.analytics.source.SourceRegistryServiceImpl -- 源激活 sourceCode=p1-03-probe-2 id=2 绑定 runtime_profile.id=1
12:31:50.862 [pool-13-thread-5] INFO com.graduation.analytics.source.SourceRegistryServiceImpl -- 源激活 sourceCode=p1-03-probe-1 id=1 绑定 runtime_profile.id=1
12:31:50.863 [pool-13-thread-4] INFO com.graduation.analytics.source.SourceRegistryServiceImpl -- 源激活 sourceCode=p1-03-probe-2 id=2 绑定 runtime_profile.id=1
12:31:50.864 [pool-13-thread-1] INFO com.graduation.analytics.source.SourceRegistryServiceImpl -- 源激活 sourceCode=p1-03-probe-1 id=1 绑定 runtime_profile.id=1
12:31:50.864 [pool-13-thread-8] INFO com.graduation.analytics.source.SourceRegistryServiceImpl -- 源激活 sourceCode=p1-03-probe-2 id=2 绑定 runtime_profile.id=1
12:31:50.871 [main] INFO com.graduation.analytics.source.SourceRegistryServiceImpl -- 源登记创建 sourceCode=p1-03-probe-1 id=1 status=DRAFT
12:31:50.871 [main] INFO com.graduation.analytics.source.SourceRegistryServiceImpl -- 源登记创建 sourceCode=p1-03-probe-2 id=2 status=DRAFT
12:31:50.874 [main] INFO com.graduation.analytics.source.SourceRegistryServiceImpl -- 源激活 sourceCode=p1-03-probe-1 id=1 绑定 runtime_profile.id=1
12:31:50.889 [main] INFO com.graduation.analytics.source.SourceRegistryServiceImpl -- 源登记创建 sourceCode=p1-03-probe-1 id=1 status=DRAFT
12:31:50.889 [main] INFO com.graduation.analytics.source.SourceRegistryServiceImpl -- 源登记创建 sourceCode=p1-03-probe-2 id=2 status=DRAFT
12:31:50.893 [main] INFO com.graduation.analytics.source.SourceRegistryServiceImpl -- 源激活 sourceCode=p1-03-probe-1 id=1 绑定 runtime_profile.id=1
12:31:50.900 [pool-15-thread-8] INFO com.graduation.analytics.source.SourceRegistryServiceImpl -- 源激活 sourceCode=p1-03-probe-2 id=2 绑定 runtime_profile.id=1
12:31:50.900 [pool-15-thread-7] INFO com.graduation.analytics.source.SourceRegistryServiceImpl -- 源激活 sourceCode=p1-03-probe-1 id=1 绑定 runtime_profile.id=1
12:31:50.901 [pool-15-thread-6] INFO com.graduation.analytics.source.SourceRegistryServiceImpl -- 源激活 sourceCode=p1-03-probe-2 id=2 绑定 runtime_profile.id=1
12:31:50.901 [pool-15-thread-5] INFO com.graduation.analytics.source.SourceRegistryServiceImpl -- 源激活 sourceCode=p1-03-probe-1 id=1 绑定 runtime_profile.id=1
12:31:50.901 [pool-15-thread-4] INFO com.graduation.analytics.source.SourceRegistryServiceImpl -- 源激活 sourceCode=p1-03-probe-2 id=2 绑定 runtime_profile.id=1
12:31:50.902 [pool-15-thread-1] INFO com.graduation.analytics.source.SourceRegistryServiceImpl -- 源激活 sourceCode=p1-03-probe-1 id=1 绑定 runtime_profile.id=1
12:31:50.903 [pool-15-thread-2] INFO com.graduation.analytics.source.SourceRegistryServiceImpl -- 源激活 sourceCode=p1-03-probe-2 id=2 绑定 runtime_profile.id=1
12:31:50.913 [main] INFO com.graduation.analytics.source.SourceRegistryServiceImpl -- 源登记创建 sourceCode=p1-03-probe-1 id=1 status=DRAFT
12:31:50.913 [main] INFO com.graduation.analytics.source.SourceRegistryServiceImpl -- 源登记创建 sourceCode=p1-03-probe-2 id=2 status=DRAFT
12:31:50.922 [pool-16-thread-8] INFO com.graduation.analytics.source.SourceRegistryServiceImpl -- 源激活 sourceCode=p1-03-probe-2 id=2 绑定 runtime_profile.id=1
12:31:50.924 [pool-16-thread-5] INFO com.graduation.analytics.source.SourceRegistryServiceImpl -- 源激活 sourceCode=p1-03-probe-1 id=1 绑定 runtime_profile.id=1
12:31:50.924 [pool-16-thread-6] INFO com.graduation.analytics.source.SourceRegistryServiceImpl -- 源激活 sourceCode=p1-03-probe-2 id=2 绑定 runtime_profile.id=1
12:31:50.924 [pool-16-thread-7] INFO com.graduation.analytics.source.SourceRegistryServiceImpl -- 源暂停 sourceCode=p1-03-probe-1 id=1
12:31:50.925 [pool-16-thread-3] INFO com.graduation.analytics.source.SourceRegistryServiceImpl -- 源激活 sourceCode=p1-03-probe-1 id=1 绑定 runtime_profile.id=1
12:31:50.926 [pool-16-thread-2] INFO com.graduation.analytics.source.SourceRegistryServiceImpl -- 源激活 sourceCode=p1-03-probe-2 id=2 绑定 runtime_profile.id=1
12:31:50.933 [pool-17-thread-1] INFO com.graduation.analytics.source.SourceRegistryServiceImpl -- 源暂停 sourceCode=p1-03-probe-1 id=1
12:31:50.934 [pool-17-thread-5] INFO com.graduation.analytics.source.SourceRegistryServiceImpl -- 源激活 sourceCode=p1-03-probe-1 id=1 绑定 runtime_profile.id=1
12:31:50.935 [pool-17-thread-6] INFO com.graduation.analytics.source.SourceRegistryServiceImpl -- 源激活 sourceCode=p1-03-probe-2 id=2 绑定 runtime_profile.id=1
12:31:50.935 [pool-17-thread-3] INFO com.graduation.analytics.source.SourceRegistryServiceImpl -- 源激活 sourceCode=p1-03-probe-1 id=1 绑定 runtime_profile.id=1
12:31:50.935 [pool-17-thread-8] INFO com.graduation.analytics.source.SourceRegistryServiceImpl -- 源激活 sourceCode=p1-03-probe-2 id=2 绑定 runtime_profile.id=1
12:31:50.940 [pool-18-thread-5] INFO com.graduation.analytics.source.SourceRegistryServiceImpl -- 源激活 sourceCode=p1-03-probe-1 id=1 绑定 runtime_profile.id=1
12:31:50.940 [pool-18-thread-4] INFO com.graduation.analytics.source.SourceRegistryServiceImpl -- 源暂停 sourceCode=p1-03-probe-2 id=2
12:31:50.941 [pool-18-thread-6] INFO com.graduation.analytics.source.SourceRegistryServiceImpl -- 源激活 sourceCode=p1-03-probe-2 id=2 绑定 runtime_profile.id=1
12:31:50.941 [pool-18-thread-1] INFO com.graduation.analytics.source.SourceRegistryServiceImpl -- 源暂停 sourceCode=p1-03-probe-1 id=1
12:31:50.942 [pool-18-thread-3] INFO com.graduation.analytics.source.SourceRegistryServiceImpl -- 源激活 sourceCode=p1-03-probe-1 id=1 绑定 runtime_profile.id=1
12:31:50.942 [pool-18-thread-2] INFO com.graduation.analytics.source.SourceRegistryServiceImpl -- 源激活 sourceCode=p1-03-probe-2 id=2 绑定 runtime_profile.id=1
12:31:50.947 [pool-19-thread-7] INFO com.graduation.analytics.source.SourceRegistryServiceImpl -- 源暂停 sourceCode=p1-03-probe-1 id=1
12:31:50.948 [pool-19-thread-5] INFO com.graduation.analytics.source.SourceRegistryServiceImpl -- 源激活 sourceCode=p1-03-probe-1 id=1 绑定 runtime_profile.id=1
12:31:50.948 [pool-19-thread-4] INFO com.graduation.analytics.source.SourceRegistryServiceImpl -- 源暂停 sourceCode=p1-03-probe-2 id=2
12:31:50.949 [pool-19-thread-2] INFO com.graduation.analytics.source.SourceRegistryServiceImpl -- 源激活 sourceCode=p1-03-probe-2 id=2 绑定 runtime_profile.id=1
12:31:50.950 [pool-19-thread-1] INFO com.graduation.analytics.source.SourceRegistryServiceImpl -- 源暂停 sourceCode=p1-03-probe-1 id=1
12:31:50.955 [pool-20-thread-5] INFO com.graduation.analytics.source.SourceRegistryServiceImpl -- 源激活 sourceCode=p1-03-probe-1 id=1 绑定 runtime_profile.id=1
12:31:50.955 [pool-20-thread-4] INFO com.graduation.analytics.source.SourceRegistryServiceImpl -- 源暂停 sourceCode=p1-03-probe-2 id=2
12:31:50.956 [pool-20-thread-2] INFO com.graduation.analytics.source.SourceRegistryServiceImpl -- 源激活 sourceCode=p1-03-probe-2 id=2 绑定 runtime_profile.id=1
12:31:50.960 [pool-21-thread-7] INFO com.graduation.analytics.source.SourceRegistryServiceImpl -- 源暂停 sourceCode=p1-03-probe-1 id=1
12:31:50.960 [pool-21-thread-5] INFO com.graduation.analytics.source.SourceRegistryServiceImpl -- 源激活 sourceCode=p1-03-probe-1 id=1 绑定 runtime_profile.id=1
12:31:50.961 [pool-21-thread-4] INFO com.graduation.analytics.source.SourceRegistryServiceImpl -- 源暂停 sourceCode=p1-03-probe-2 id=2
12:31:50.962 [pool-21-thread-2] INFO com.graduation.analytics.source.SourceRegistryServiceImpl -- 源激活 sourceCode=p1-03-probe-2 id=2 绑定 runtime_profile.id=1
12:31:50.962 [pool-21-thread-1] INFO com.graduation.analytics.source.SourceRegistryServiceImpl -- 源暂停 sourceCode=p1-03-probe-1 id=1
12:31:50.967 [pool-22-thread-5] INFO com.graduation.analytics.source.SourceRegistryServiceImpl -- 源激活 sourceCode=p1-03-probe-1 id=1 绑定 runtime_profile.id=1
12:31:50.967 [pool-22-thread-8] INFO com.graduation.analytics.source.SourceRegistryServiceImpl -- 源激活 sourceCode=p1-03-probe-2 id=2 绑定 runtime_profile.id=1
12:31:50.971 [pool-23-thread-7] INFO com.graduation.analytics.source.SourceRegistryServiceImpl -- 源暂停 sourceCode=p1-03-probe-1 id=1
12:31:50.973 [pool-23-thread-5] INFO com.graduation.analytics.source.SourceRegistryServiceImpl -- 源激活 sourceCode=p1-03-probe-1 id=1 绑定 runtime_profile.id=1
12:31:50.973 [pool-23-thread-4] INFO com.graduation.analytics.source.SourceRegistryServiceImpl -- 源暂停 sourceCode=p1-03-probe-2 id=2
12:31:50.976 [pool-24-thread-8] INFO com.graduation.analytics.source.SourceRegistryServiceImpl -- 源激活 sourceCode=p1-03-probe-2 id=2 绑定 runtime_profile.id=1
12:31:50.977 [pool-24-thread-7] INFO com.graduation.analytics.source.SourceRegistryServiceImpl -- 源暂停 sourceCode=p1-03-probe-1 id=1
12:31:50.977 [pool-24-thread-5] INFO com.graduation.analytics.source.SourceRegistryServiceImpl -- 源激活 sourceCode=p1-03-probe-1 id=1 绑定 runtime_profile.id=1
12:31:50.978 [pool-24-thread-2] INFO com.graduation.analytics.source.SourceRegistryServiceImpl -- 源激活 sourceCode=p1-03-probe-2 id=2 绑定 runtime_profile.id=1
12:31:50.981 [pool-25-thread-7] INFO com.graduation.analytics.source.SourceRegistryServiceImpl -- 源暂停 sourceCode=p1-03-probe-1 id=1
12:31:50.982 [pool-25-thread-5] INFO com.graduation.analytics.source.SourceRegistryServiceImpl -- 源激活 sourceCode=p1-03-probe-1 id=1 绑定 runtime_profile.id=1
12:31:50.982 [pool-25-thread-4] INFO com.graduation.analytics.source.SourceRegistryServiceImpl -- 源暂停 sourceCode=p1-03-probe-2 id=2
12:31:50.984 [pool-25-thread-6] INFO com.graduation.analytics.source.SourceRegistryServiceImpl -- 源激活 sourceCode=p1-03-probe-2 id=2 绑定 runtime_profile.id=1
12:31:50.984 [pool-25-thread-1] INFO com.graduation.analytics.source.SourceRegistryServiceImpl -- 源暂停 sourceCode=p1-03-probe-1 id=1
12:31:50.991 [pool-26-thread-5] INFO com.graduation.analytics.source.SourceRegistryServiceImpl -- 源激活 sourceCode=p1-03-probe-1 id=1 绑定 runtime_profile.id=1
12:31:50.992 [pool-26-thread-6] INFO com.graduation.analytics.source.SourceRegistryServiceImpl -- 源激活 sourceCode=p1-03-probe-2 id=2 绑定 runtime_profile.id=1
12:31:50.993 [pool-26-thread-3] INFO com.graduation.analytics.source.SourceRegistryServiceImpl -- 源激活 sourceCode=p1-03-probe-1 id=1 绑定 runtime_profile.id=1
12:31:50.993 [pool-26-thread-4] INFO com.graduation.analytics.source.SourceRegistryServiceImpl -- 源暂停 sourceCode=p1-03-probe-2 id=2
12:31:50.993 [pool-26-thread-2] INFO com.graduation.analytics.source.SourceRegistryServiceImpl -- 源激活 sourceCode=p1-03-probe-2 id=2 绑定 runtime_profile.id=1
12:31:50.998 [pool-27-thread-7] INFO com.graduation.analytics.source.SourceRegistryServiceImpl -- 源暂停 sourceCode=p1-03-probe-1 id=1
12:31:50.999 [pool-27-thread-5] INFO com.graduation.analytics.source.SourceRegistryServiceImpl -- 源激活 sourceCode=p1-03-probe-1 id=1 绑定 runtime_profile.id=1
12:31:50.999 [pool-27-thread-4] INFO com.graduation.analytics.source.SourceRegistryServiceImpl -- 源暂停 sourceCode=p1-03-probe-2 id=2
12:31:51.000 [pool-27-thread-8] INFO com.graduation.analytics.source.SourceRegistryServiceImpl -- 源激活 sourceCode=p1-03-probe-2 id=2 绑定 runtime_profile.id=1
12:31:51.000 [pool-27-thread-1] INFO com.graduation.analytics.source.SourceRegistryServiceImpl -- 源暂停 sourceCode=p1-03-probe-1 id=1
12:31:51.007 [main] INFO com.graduation.analytics.source.SourceRegistryServiceImpl -- 源登记创建 sourceCode=p1-03-probe-1 id=1 status=DRAFT
12:31:51.008 [main] INFO com.graduation.analytics.source.SourceRegistryServiceImpl -- 源登记创建 sourceCode=p1-03-probe-2 id=2 status=DRAFT
12:31:51.013 [pool-28-thread-8] INFO com.graduation.analytics.source.SourceRegistryServiceImpl -- 源激活 sourceCode=p1-03-probe-1 id=1 绑定 runtime_profile.id=1
[INFO] Tests run: 7, Failures: 0, Errors: 0, Skipped: 0, Time elapsed: 0.353 s -- in com.graduation.analytics.source.SourceRegistryConcurrencyTest
[INFO] Running com.graduation.analytics.source.SourceRegistryServiceTest
12:31:51.035 [main] INFO com.graduation.analytics.source.SourceRegistryServiceImpl -- 源激活 sourceCode=p1-03-probe-1 id=1 绑定 runtime_profile.id=1
12:31:51.162 [main] INFO com.graduation.analytics.source.SourceRegistryServiceImpl -- 源暂停 sourceCode=p1-03-probe-1 id=2
12:31:51.177 [main] INFO com.graduation.analytics.source.SourceRegistryServiceImpl -- 源登记创建 sourceCode=p1-03-probe-1 id=1 status=DRAFT
12:31:51.201 [main] INFO com.graduation.analytics.source.SourceRegistryServiceImpl -- 源激活 sourceCode=p1-03-probe-1 id=2 绑定 runtime_profile.id=1
12:31:51.233 [main] INFO com.graduation.analytics.source.SourceRegistryServiceImpl -- 源登记创建 sourceCode=p1-03-probe-1 id=1 status=PAUSED
12:31:51.240 [main] INFO com.graduation.analytics.source.SourceRegistryServiceImpl -- 源登记修改 id=1 sourceCode=mock-mall
[INFO] Tests run: 32, Failures: 0, Errors: 0, Skipped: 0, Time elapsed: 0.219 s -- in com.graduation.analytics.source.SourceRegistryServiceTest
[INFO] Running com.graduation.analytics.source.SourceWarehousePrefixGateTest
12:31:51.315 [main] INFO com.graduation.analytics.source.SourceRegistryServiceImpl -- 源登记创建 sourceCode=p2-07-probe-1 id=1 status=DRAFT
12:31:51.322 [main] INFO com.graduation.analytics.source.SourceRegistryServiceImpl -- 源登记创建 sourceCode=p2-07-probe-1 id=1 status=DRAFT
12:31:51.325 [main] INFO com.graduation.analytics.source.SourceRegistryServiceImpl -- 源登记创建 sourceCode=p2-07-probe-1 id=1 status=DRAFT
12:31:51.328 [main] INFO com.graduation.analytics.source.SourceRegistryServiceImpl -- 源登记创建 sourceCode=p2-07-probe-1 id=1 status=DRAFT
12:31:51.330 [main] INFO com.graduation.analytics.source.SourceRegistryServiceImpl -- 源登记创建 sourceCode=p2-07-probe-1 id=1 status=DRAFT
12:31:51.331 [main] INFO com.graduation.analytics.source.SourceRegistryServiceImpl -- 源登记创建 sourceCode=p2-07-probe-1 id=1 status=DRAFT
12:31:51.351 [main] INFO com.graduation.analytics.source.SourceRegistryServiceImpl -- 源登记修改 id=1 sourceCode=mock-mall
[INFO] Tests run: 14, Failures: 0, Errors: 0, Skipped: 0, Time elapsed: 0.105 s -- in com.graduation.analytics.source.SourceWarehousePrefixGateTest
[INFO] 
[INFO] Results:
[INFO] 
[INFO] Tests run: 156, Failures: 0, Errors: 0, Skipped: 0
[INFO] 
[INFO] 
[INFO] ------------< com.graduation.analytics:warehouse-pipeline >-------------
[INFO] Building warehouse-pipeline 0.1.0-SNAPSHOT                         [4/7]
[INFO]   from warehouse-pipeline\pom.xml
[INFO] --------------------------------[ jar ]---------------------------------
[INFO] 
[INFO] --- resources:3.3.1:resources (default-resources) @ warehouse-pipeline ---
[INFO] skip non existing resourceDirectory D:\Develop_code\GraduationProject\analytics-server\warehouse-pipeline\src\main\resources
[INFO] skip non existing resourceDirectory D:\Develop_code\GraduationProject\analytics-server\warehouse-pipeline\src\main\resources
[INFO] 
[INFO] --- compiler:3.11.0:compile (default-compile) @ warehouse-pipeline ---
[INFO] Nothing to compile - all classes are up to date
[INFO] 
[INFO] --- resources:3.3.1:testResources (default-testResources) @ warehouse-pipeline ---
[INFO] skip non existing resourceDirectory D:\Develop_code\GraduationProject\analytics-server\warehouse-pipeline\src\test\resources
[INFO] 
[INFO] --- compiler:3.11.0:testCompile (default-testCompile) @ warehouse-pipeline ---
[INFO] Nothing to compile - all classes are up to date
[INFO] 
[INFO] --- surefire:3.1.2:test (default-test) @ warehouse-pipeline ---
[INFO] Using auto detected provider org.apache.maven.surefire.junitplatform.JUnitPlatformProvider
[INFO] 
[INFO] -------------------------------------------------------
[INFO]  T E S T S
[INFO] -------------------------------------------------------
Picked up JAVA_TOOL_OPTIONS: -Dfile.encoding=UTF-8
[INFO] Running com.graduation.analytics.contracts.EventContractTest
[INFO] Tests run: 28, Failures: 0, Errors: 0, Skipped: 0, Time elapsed: 0.288 s -- in com.graduation.analytics.contracts.EventContractTest
[INFO] Running com.graduation.analytics.pipeline.DataQualityGateTest
Java HotSpot(TM) 64-Bit Server VM warning: Sharing is only supported for boot loader classes because bootstrap classpath has been appended
[INFO] Tests run: 19, Failures: 0, Errors: 0, Skipped: 0, Time elapsed: 1.383 s -- in com.graduation.analytics.pipeline.DataQualityGateTest
[INFO] Running com.graduation.analytics.pipeline.PipelineRecoveryServiceTest
[INFO] Tests run: 3, Failures: 0, Errors: 0, Skipped: 0, Time elapsed: 0.607 s -- in com.graduation.analytics.pipeline.PipelineRecoveryServiceTest
[INFO] Running com.graduation.analytics.pipeline.PipelineServiceTest
12:31:55.568 [main] INFO com.graduation.analytics.pipeline.PipelineService -- pipeline 1: 规则冻结 ruleFingerprint=6bc272d7324b435d2a3c7d1afabfb5f9ca18310bad03970219b0ef132f4f3ac6 catalog=qrc-1 compatPolicy=compat-v1
12:31:55.931 [main] WARN com.graduation.analytics.pipeline.PipelineService -- pipeline 1 failed: 阶段 QUALITY_CHECK 内部错误: Cannot invoke "com.graduation.analytics.pipeline.QualityChecker$QualitySummary.results()" because "quality" is null
12:31:55.999 [main] INFO com.graduation.analytics.pipeline.PipelineService -- pipeline 1: 规则冻结 ruleFingerprint=6bc272d7324b435d2a3c7d1afabfb5f9ca18310bad03970219b0ef132f4f3ac6 catalog=qrc-1 compatPolicy=compat-v1
12:31:56.017 [main] WARN com.graduation.analytics.pipeline.PipelineService -- pipeline 1 failed: 阶段 QUALITY_CHECK 内部错误: Cannot invoke "com.graduation.analytics.pipeline.QualityChecker$QualitySummary.results()" because "quality" is null
12:31:56.028 [main] INFO com.graduation.analytics.pipeline.PipelineService -- pipeline 1: 规则冻结 ruleFingerprint=6bc272d7324b435d2a3c7d1afabfb5f9ca18310bad03970219b0ef132f4f3ac6 catalog=qrc-1 compatPolicy=compat-v1
12:31:56.040 [main] WARN com.graduation.analytics.pipeline.PipelineService -- pipeline 1 failed: 阶段 QUALITY_CHECK 内部错误: Cannot invoke "com.graduation.analytics.pipeline.QualityChecker$QualitySummary.results()" because "quality" is null
12:31:56.058 [main] INFO com.graduation.analytics.pipeline.PipelineService -- pipeline 1: 规则冻结 ruleFingerprint=6bc272d7324b435d2a3c7d1afabfb5f9ca18310bad03970219b0ef132f4f3ac6 catalog=qrc-1 compatPolicy=compat-v1
12:31:56.073 [main] WARN com.graduation.analytics.pipeline.PipelineService -- pipeline 1 failed: 阶段 QUALITY_CHECK 内部错误: Cannot invoke "com.graduation.analytics.pipeline.QualityChecker$QualitySummary.results()" because "quality" is null
12:31:56.100 [main] INFO com.graduation.analytics.pipeline.PipelineService -- pipeline 1: 规则冻结 ruleFingerprint=6bc272d7324b435d2a3c7d1afabfb5f9ca18310bad03970219b0ef132f4f3ac6 catalog=qrc-1 compatPolicy=compat-v1
12:31:56.109 [main] WARN com.graduation.analytics.pipeline.PipelineService -- pipeline 1 failed: 阶段 QUALITY_CHECK 内部错误: Cannot invoke "com.graduation.analytics.pipeline.QualityChecker$QualitySummary.results()" because "quality" is null
12:31:56.133 [main] INFO com.graduation.analytics.pipeline.PipelineService -- pipeline 1: 规则冻结 ruleFingerprint=6bc272d7324b435d2a3c7d1afabfb5f9ca18310bad03970219b0ef132f4f3ac6 catalog=qrc-1 compatPolicy=compat-v1
12:31:56.142 [main] WARN com.graduation.analytics.pipeline.PipelineService -- pipeline 1 failed: 阶段 QUALITY_CHECK 内部错误: Cannot invoke "com.graduation.analytics.pipeline.QualityChecker$QualitySummary.results()" because "quality" is null
12:31:56.152 [main] INFO com.graduation.analytics.pipeline.PipelineService -- pipeline 1: 规则冻结 ruleFingerprint=6bc272d7324b435d2a3c7d1afabfb5f9ca18310bad03970219b0ef132f4f3ac6 catalog=qrc-1 compatPolicy=compat-v1
12:31:56.168 [main] WARN com.graduation.analytics.pipeline.PipelineService -- pipeline 1 failed: 阶段 QUALITY_CHECK 内部错误: Cannot invoke "com.graduation.analytics.pipeline.QualityChecker$QualitySummary.results()" because "quality" is null
12:31:56.180 [main] INFO com.graduation.analytics.pipeline.PipelineService -- pipeline 1: 规则冻结 ruleFingerprint=6bc272d7324b435d2a3c7d1afabfb5f9ca18310bad03970219b0ef132f4f3ac6 catalog=qrc-1 compatPolicy=compat-v1
12:31:56.184 [main] WARN com.graduation.analytics.pipeline.PipelineService -- pipeline 1 failed: accepted 无归属业务日事件
12:31:56.249 [main] INFO com.graduation.analytics.pipeline.PipelineService -- pipeline 1: 规则冻结 ruleFingerprint=6bc272d7324b435d2a3c7d1afabfb5f9ca18310bad03970219b0ef132f4f3ac6 catalog=qrc-1 compatPolicy=compat-v1
12:31:56.265 [main] WARN com.graduation.analytics.pipeline.PipelineService -- pipeline 1 failed: 阶段 QUALITY_CHECK 内部错误: Cannot invoke "com.graduation.analytics.pipeline.QualityChecker$QualitySummary.results()" because "quality" is null
12:31:56.278 [main] INFO com.graduation.analytics.pipeline.PipelineService -- pipeline 1: 规则冻结 ruleFingerprint=6bc272d7324b435d2a3c7d1afabfb5f9ca18310bad03970219b0ef132f4f3ac6 catalog=qrc-1 compatPolicy=compat-v1
12:31:56.283 [main] WARN com.graduation.analytics.pipeline.PipelineService -- pipeline 1 failed: accepted 无归属业务日事件
12:31:56.291 [main] INFO com.graduation.analytics.pipeline.PipelineService -- pipeline 1: 规则冻结 ruleFingerprint=6bc272d7324b435d2a3c7d1afabfb5f9ca18310bad03970219b0ef132f4f3ac6 catalog=qrc-1 compatPolicy=compat-v1
12:31:56.300 [main] WARN com.graduation.analytics.pipeline.PipelineService -- pipeline 1 failed: 阶段 QUALITY_CHECK 内部错误: Cannot invoke "com.graduation.analytics.pipeline.QualityChecker$QualitySummary.results()" because "quality" is null
12:31:56.311 [main] INFO com.graduation.analytics.pipeline.PipelineService -- pipeline 1: 规则冻结 ruleFingerprint=6bc272d7324b435d2a3c7d1afabfb5f9ca18310bad03970219b0ef132f4f3ac6 catalog=qrc-1 compatPolicy=compat-v1
12:31:56.318 [main] WARN com.graduation.analytics.pipeline.PipelineService -- pipeline 1 failed: BUILD_DWD 作业失败: bdw: 作业失败
12:31:56.325 [main] INFO com.graduation.analytics.pipeline.PipelineService -- pipeline 1: 规则冻结 ruleFingerprint=6bc272d7324b435d2a3c7d1afabfb5f9ca18310bad03970219b0ef132f4f3ac6 catalog=qrc-1 compatPolicy=compat-v1
12:31:56.330 [main] WARN com.graduation.analytics.pipeline.PipelineService -- pipeline 1 failed: accepted 无归属业务日事件
12:31:56.332 [main] INFO com.graduation.analytics.pipeline.PipelineService -- pipeline 1: 规则冻结 ruleFingerprint=6bc272d7324b435d2a3c7d1afabfb5f9ca18310bad03970219b0ef132f4f3ac6 catalog=qrc-1 compatPolicy=compat-v1
12:31:56.339 [main] INFO com.graduation.analytics.pipeline.PipelineService -- pipeline 1: stage WAIT_LANDING 已成功，重试跳过（不重复执行）
12:31:56.341 [main] WARN com.graduation.analytics.pipeline.PipelineService -- pipeline 1 failed: 阶段 QUALITY_CHECK 内部错误: Cannot invoke "com.graduation.analytics.pipeline.QualityChecker$QualitySummary.results()" because "quality" is null
[ERROR] Tests run: 15, Failures: 10, Errors: 0, Skipped: 0, Time elapsed: 1.166 s <<< FAILURE! -- in com.graduation.analytics.pipeline.PipelineServiceTest
[ERROR] com.graduation.analytics.pipeline.PipelineServiceTest.adsQualityGateFailureBlocksFormalPartitionPublish -- Time elapsed: 0.762 s <<< FAILURE!
org.opentest4j.AssertionFailedError: 

expected: "PIPELINE_QUALITY_FAILED"
 but was: "STAGE_INTERNAL"
	at java.base/jdk.internal.reflect.NativeConstructorAccessorImpl.newInstance0(Native Method)
	at java.base/jdk.internal.reflect.NativeConstructorAccessorImpl.newInstance(NativeConstructorAccessorImpl.java:77)
	at java.base/jdk.internal.reflect.DelegatingConstructorAccessorImpl.newInstance(DelegatingConstructorAccessorImpl.java:45)
	at java.base/java.lang.reflect.Constructor.newInstanceWithCaller(Constructor.java:499)
	at com.graduation.analytics.pipeline.PipelineServiceTest.adsQualityGateFailureBlocksFormalPartitionPublish(PipelineServiceTest.java:400)
	at java.base/java.lang.reflect.Method.invoke(Method.java:568)
	at java.base/java.util.ArrayList.forEach(ArrayList.java:1511)
	at java.base/java.util.ArrayList.forEach(ArrayList.java:1511)

[ERROR] com.graduation.analytics.pipeline.PipelineServiceTest.waitLandingSuccessThenLoadOdsInStageOrder -- Time elapsed: 0.029 s <<< FAILURE!
org.opentest4j.AssertionFailedError: 

expected: "SUCCESS"
 but was: "FAILED"
	at java.base/jdk.internal.reflect.NativeConstructorAccessorImpl.newInstance0(Native Method)
	at java.base/jdk.internal.reflect.NativeConstructorAccessorImpl.newInstance(NativeConstructorAccessorImpl.java:77)
	at java.base/jdk.internal.reflect.DelegatingConstructorAccessorImpl.newInstance(DelegatingConstructorAccessorImpl.java:45)
	at java.base/java.lang.reflect.Constructor.newInstanceWithCaller(Constructor.java:499)
	at com.graduation.analytics.pipeline.PipelineServiceTest.waitLandingSuccessThenLoadOdsInStageOrder(PipelineServiceTest.java:299)
	at java.base/java.lang.reflect.Method.invoke(Method.java:568)
	at java.base/java.util.ArrayList.forEach(ArrayList.java:1511)
	at java.base/java.util.ArrayList.forEach(ArrayList.java:1511)

[ERROR] com.graduation.analytics.pipeline.PipelineServiceTest.sameIdempotencyKeyReturnsOriginalTask -- Time elapsed: 0.028 s <<< FAILURE!
org.opentest4j.AssertionFailedError: 

expected: "SUCCESS"
 but was: "FAILED"
	at java.base/jdk.internal.reflect.NativeConstructorAccessorImpl.newInstance0(Native Method)
	at java.base/jdk.internal.reflect.NativeConstructorAccessorImpl.newInstance(NativeConstructorAccessorImpl.java:77)
	at java.base/jdk.internal.reflect.DelegatingConstructorAccessorImpl.newInstance(DelegatingConstructorAccessorImpl.java:45)
	at java.base/java.lang.reflect.Constructor.newInstanceWithCaller(Constructor.java:499)
	at com.graduation.analytics.pipeline.PipelineServiceTest.sameIdempotencyKeyReturnsOriginalTask(PipelineServiceTest.java:279)
	at java.base/java.lang.reflect.Method.invoke(Method.java:568)
	at java.base/java.util.ArrayList.forEach(ArrayList.java:1511)
	at java.base/java.util.ArrayList.forEach(ArrayList.java:1511)

[ERROR] com.graduation.analytics.pipeline.PipelineServiceTest.errorSeverityFailureBlocksPublishAndLeavesActiveUntouched -- Time elapsed: 0.025 s <<< FAILURE!
org.opentest4j.AssertionFailedError: 

expected: "PIPELINE_QUALITY_FAILED"
 but was: "STAGE_INTERNAL"
	at java.base/jdk.internal.reflect.NativeConstructorAccessorImpl.newInstance0(Native Method)
	at java.base/jdk.internal.reflect.NativeConstructorAccessorImpl.newInstance(NativeConstructorAccessorImpl.java:77)
	at java.base/jdk.internal.reflect.DelegatingConstructorAccessorImpl.newInstance(DelegatingConstructorAccessorImpl.java:45)
	at java.base/java.lang.reflect.Constructor.newInstanceWithCaller(Constructor.java:499)
	at com.graduation.analytics.pipeline.PipelineServiceTest.errorSeverityFailureBlocksPublishAndLeavesActiveUntouched(PipelineServiceTest.java:436)
	at java.base/java.lang.reflect.Method.invoke(Method.java:568)
	at java.base/java.util.ArrayList.forEach(ArrayList.java:1511)
	at java.base/java.util.ArrayList.forEach(ArrayList.java:1511)

[ERROR] com.graduation.analytics.pipeline.PipelineServiceTest.duplicateRateBeyondThresholdBlocksPublish -- Time elapsed: 0.030 s <<< FAILURE!
java.lang.AssertionError: 

Expecting any element of:
  []
to satisfy the given assertions requirements but none did:


	at com.graduation.analytics.pipeline.PipelineServiceTest.duplicateRateBeyondThresholdBlocksPublish(PipelineServiceTest.java:490)
	at java.base/java.lang.reflect.Method.invoke(Method.java:568)
	at java.base/java.util.ArrayList.forEach(ArrayList.java:1511)
	at java.base/java.util.ArrayList.forEach(ArrayList.java:1511)

[ERROR] com.graduation.analytics.pipeline.PipelineServiceTest.stageRecordsComeFromJobResultNotJavaEstimate -- Time elapsed: 0.020 s <<< FAILURE!
org.opentest4j.AssertionFailedError: 

expected: "SUCCESS"
 but was: "FAILED"
	at java.base/jdk.internal.reflect.NativeConstructorAccessorImpl.newInstance0(Native Method)
	at java.base/jdk.internal.reflect.NativeConstructorAccessorImpl.newInstance(NativeConstructorAccessorImpl.java:77)
	at java.base/jdk.internal.reflect.DelegatingConstructorAccessorImpl.newInstance(DelegatingConstructorAccessorImpl.java:45)
	at java.base/java.lang.reflect.Constructor.newInstanceWithCaller(Constructor.java:499)
	at com.graduation.analytics.pipeline.PipelineServiceTest.stageRecordsComeFromJobResultNotJavaEstimate(PipelineServiceTest.java:627)
	at java.base/java.lang.reflect.Method.invoke(Method.java:568)
	at java.base/java.util.ArrayList.forEach(ArrayList.java:1511)
	at java.base/java.util.ArrayList.forEach(ArrayList.java:1511)

[ERROR] com.graduation.analytics.pipeline.PipelineServiceTest.qualityFailureBlocksPublish -- Time elapsed: 0.027 s <<< FAILURE!
org.opentest4j.AssertionFailedError: 

expected: "PIPELINE_QUALITY_FAILED"
 but was: "STAGE_INTERNAL"
	at java.base/jdk.internal.reflect.NativeConstructorAccessorImpl.newInstance0(Native Method)
	at java.base/jdk.internal.reflect.NativeConstructorAccessorImpl.newInstance(NativeConstructorAccessorImpl.java:77)
	at java.base/jdk.internal.reflect.DelegatingConstructorAccessorImpl.newInstance(DelegatingConstructorAccessorImpl.java:45)
	at java.base/java.lang.reflect.Constructor.newInstanceWithCaller(Constructor.java:499)
	at com.graduation.analytics.pipeline.PipelineServiceTest.qualityFailureBlocksPublish(PipelineServiceTest.java:377)
	at java.base/java.lang.reflect.Method.invoke(Method.java:568)
	at java.base/java.util.ArrayList.forEach(ArrayList.java:1511)
	at java.base/java.util.ArrayList.forEach(ArrayList.java:1511)

[ERROR] com.graduation.analytics.pipeline.PipelineServiceTest.duplicateRateWithinThresholdIsObservationAndStillPublishes -- Time elapsed: 0.030 s <<< FAILURE!
org.opentest4j.AssertionFailedError: 

expected: "SUCCESS"
 but was: "FAILED"
	at java.base/jdk.internal.reflect.NativeConstructorAccessorImpl.newInstance0(Native Method)
	at java.base/jdk.internal.reflect.NativeConstructorAccessorImpl.newInstance(NativeConstructorAccessorImpl.java:77)
	at java.base/jdk.internal.reflect.DelegatingConstructorAccessorImpl.newInstance(DelegatingConstructorAccessorImpl.java:45)
	at java.base/java.lang.reflect.Constructor.newInstanceWithCaller(Constructor.java:499)
	at com.graduation.analytics.pipeline.PipelineServiceTest.duplicateRateWithinThresholdIsObservationAndStillPublishes(PipelineServiceTest.java:462)
	at java.base/java.lang.reflect.Method.invoke(Method.java:568)
	at java.base/java.util.ArrayList.forEach(ArrayList.java:1511)
	at java.base/java.util.ArrayList.forEach(ArrayList.java:1511)

[ERROR] com.graduation.analytics.pipeline.PipelineServiceTest.submitReturnsPendingTaskIdImmediatelyWithoutBlocking -- Time elapsed: 0.018 s <<< FAILURE!
org.opentest4j.AssertionFailedError: 

expected: "SUCCESS"
 but was: "FAILED"
	at java.base/jdk.internal.reflect.NativeConstructorAccessorImpl.newInstance0(Native Method)
	at java.base/jdk.internal.reflect.NativeConstructorAccessorImpl.newInstance(NativeConstructorAccessorImpl.java:77)
	at java.base/jdk.internal.reflect.DelegatingConstructorAccessorImpl.newInstance(DelegatingConstructorAccessorImpl.java:45)
	at java.base/java.lang.reflect.Constructor.newInstanceWithCaller(Constructor.java:499)
	at com.graduation.analytics.pipeline.PipelineServiceTest.submitReturnsPendingTaskIdImmediatelyWithoutBlocking(PipelineServiceTest.java:258)
	at java.base/java.lang.reflect.Method.invoke(Method.java:568)
	at java.base/java.util.ArrayList.forEach(ArrayList.java:1511)
	at java.base/java.util.ArrayList.forEach(ArrayList.java:1511)

[ERROR] com.graduation.analytics.pipeline.PipelineServiceTest.retryReexecutesOnlyFailedStage -- Time elapsed: 0.023 s <<< FAILURE!
org.opentest4j.AssertionFailedError: 

expected: "SUCCESS"
 but was: "FAILED"
	at java.base/jdk.internal.reflect.NativeConstructorAccessorImpl.newInstance0(Native Method)
	at java.base/jdk.internal.reflect.NativeConstructorAccessorImpl.newInstance(NativeConstructorAccessorImpl.java:77)
	at java.base/jdk.internal.reflect.DelegatingConstructorAccessorImpl.newInstance(DelegatingConstructorAccessorImpl.java:45)
	at java.base/java.lang.reflect.Constructor.newInstanceWithCaller(Constructor.java:499)
	at com.graduation.analytics.pipeline.PipelineServiceTest.retryReexecutesOnlyFailedStage(PipelineServiceTest.java:350)
	at java.base/java.lang.reflect.Method.invoke(Method.java:568)
	at java.base/java.util.ArrayList.forEach(ArrayList.java:1511)
	at java.base/java.util.ArrayList.forEach(ArrayList.java:1511)

[INFO] Running com.graduation.analytics.pipeline.QualityCheckerAmountReconcileTest
12:31:56.367 [main] INFO com.graduation.analytics.pipeline.QualityChecker -- quality check: rules=4 corePassed=true ruleFingerprint=6bc272d7324b435d2a3c7d1afabfb5f9ca18310bad03970219b0ef132f4f3ac6
12:31:56.371 [main] INFO com.graduation.analytics.pipeline.QualityChecker -- quality check: rules=4 corePassed=false ruleFingerprint=6bc272d7324b435d2a3c7d1afabfb5f9ca18310bad03970219b0ef132f4f3ac6
12:31:56.373 [main] INFO com.graduation.analytics.pipeline.QualityChecker -- quality check: rules=4 corePassed=true ruleFingerprint=6bc272d7324b435d2a3c7d1afabfb5f9ca18310bad03970219b0ef132f4f3ac6
12:31:56.374 [main] INFO com.graduation.analytics.pipeline.QualityChecker -- quality check: rules=4 corePassed=false ruleFingerprint=6bc272d7324b435d2a3c7d1afabfb5f9ca18310bad03970219b0ef132f4f3ac6
12:31:56.376 [main] INFO com.graduation.analytics.pipeline.QualityChecker -- quality check: rules=4 corePassed=false ruleFingerprint=6bc272d7324b435d2a3c7d1afabfb5f9ca18310bad03970219b0ef132f4f3ac6
[INFO] Tests run: 4, Failures: 0, Errors: 0, Skipped: 0, Time elapsed: 0.029 s -- in com.graduation.analytics.pipeline.QualityCheckerAmountReconcileTest
[INFO] Running com.graduation.analytics.pipeline.QualityCheckerSeverityTest
12:31:56.381 [main] INFO com.graduation.analytics.pipeline.QualityChecker -- quality check: rules=4 corePassed=true ruleFingerprint=6bc272d7324b435d2a3c7d1afabfb5f9ca18310bad03970219b0ef132f4f3ac6
12:31:56.392 [main] INFO com.graduation.analytics.pipeline.QualityChecker -- quality check: rules=4 corePassed=false ruleFingerprint=6bc272d7324b435d2a3c7d1afabfb5f9ca18310bad03970219b0ef132f4f3ac6
12:31:56.393 [main] INFO com.graduation.analytics.pipeline.QualityChecker -- quality check: rules=4 corePassed=false ruleFingerprint=6bc272d7324b435d2a3c7d1afabfb5f9ca18310bad03970219b0ef132f4f3ac6
12:31:56.397 [main] INFO com.graduation.analytics.pipeline.QualityChecker -- quality check: rules=4 corePassed=true ruleFingerprint=6bc272d7324b435d2a3c7d1afabfb5f9ca18310bad03970219b0ef132f4f3ac6
12:31:56.398 [main] INFO com.graduation.analytics.pipeline.QualityChecker -- quality check: rules=4 corePassed=false ruleFingerprint=6bc272d7324b435d2a3c7d1afabfb5f9ca18310bad03970219b0ef132f4f3ac6
[INFO] Tests run: 5, Failures: 0, Errors: 0, Skipped: 0, Time elapsed: 0.020 s -- in com.graduation.analytics.pipeline.QualityCheckerSeverityTest
[INFO] Running com.graduation.analytics.pipeline.spark.JobCommandBuilderTest
[INFO] Tests run: 13, Failures: 0, Errors: 0, Skipped: 0, Time elapsed: 0.048 s -- in com.graduation.analytics.pipeline.spark.JobCommandBuilderTest
[INFO] Running com.graduation.analytics.pipeline.spark.JobResultParserTest
[INFO] Tests run: 12, Failures: 0, Errors: 0, Skipped: 0, Time elapsed: 0.038 s -- in com.graduation.analytics.pipeline.spark.JobResultParserTest
[INFO] Running com.graduation.analytics.pipeline.spark.SparkStageExecutorFactoryTest
[INFO] Tests run: 4, Failures: 0, Errors: 0, Skipped: 0, Time elapsed: 0.127 s -- in com.graduation.analytics.pipeline.spark.SparkStageExecutorFactoryTest
[INFO] Running com.graduation.analytics.pipeline.spark.SparkStageExecutorSmokeTest
12:31:56.716 [main] INFO com.graduation.analytics.runtime.submit.LocalProcessSparkSubmitter -- spark-submit lp-1789360316672-aa6a64 -> pid=46380 log=D:\Develop_code\GraduationProject\analytics-server\warehouse-pipeline\tests\r6-smoke-warehouse\logs\smoke-sci__lp-1789360316672-aa6a64.log
12:32:11.919 [main] INFO com.graduation.analytics.runtime.submit.LocalProcessSparkSubmitter -- spark-submit lp-1789360331905-2ae72d -> pid=50672 log=D:\Develop_code\GraduationProject\analytics-server\warehouse-pipeline\tests\r6-smoke-warehouse\logs\pipeline-1-LOAD_ODS-odl-a1__lp-1789360331905-2ae72d.log
[smoke] warehouse=D:\Develop_code\GraduationProject\analytics-server\warehouse-pipeline\tests\r6-smoke-warehouse\warehouse
[INFO] Tests run: 1, Failures: 0, Errors: 0, Skipped: 0, Time elapsed: 42.15 s -- in com.graduation.analytics.pipeline.spark.SparkStageExecutorSmokeTest
[INFO] Running com.graduation.analytics.pipeline.spark.SparkStageExecutorTest
12:32:38.770 [main] WARN com.graduation.analytics.pipeline.spark.SparkStageExecutor -- stage LOAD_ODS fail-fast: job odl 失败（外部任务被取消），不再提交剩余作业 []
12:32:38.781 [main] WARN com.graduation.analytics.pipeline.spark.SparkStageExecutor -- stage LOAD_ODS fail-fast: job odl 失败（进程退出码非0(exit=1): schema mismatch），不再提交剩余作业 []
12:32:40.794 [main] WARN com.graduation.analytics.pipeline.spark.SparkStageExecutor -- stage LOAD_ODS fail-fast: job odl 失败（未找到 JobResult 结果行），不再提交剩余作业 []
12:32:40.797 [main] WARN com.graduation.analytics.pipeline.spark.SparkStageExecutor -- stage LOAD_ODS fail-fast: job odl 失败（进程退出码非0(exit=1): ok），不再提交剩余作业 []
12:32:40.799 [main] WARN com.graduation.analytics.pipeline.spark.SparkStageExecutor -- stage BUILD_DWD fail-fast: job dim 失败（进程退出码非0(exit=1): 维度构建失败），不再提交剩余作业 [tdw]
[INFO] Tests run: 11, Failures: 0, Errors: 0, Skipped: 0, Time elapsed: 2.035 s -- in com.graduation.analytics.pipeline.spark.SparkStageExecutorTest
[INFO] Running com.graduation.analytics.runtime.submit.FakeJobSubmitterTest
[INFO] Tests run: 5, Failures: 0, Errors: 0, Skipped: 0, Time elapsed: 0.002 s -- in com.graduation.analytics.runtime.submit.FakeJobSubmitterTest
[INFO] Running com.graduation.analytics.runtime.submit.JobSubmitterFactoryTest
[INFO] Tests run: 8, Failures: 0, Errors: 0, Skipped: 0, Time elapsed: 0.010 s -- in com.graduation.analytics.runtime.submit.JobSubmitterFactoryTest
[INFO] Running com.graduation.analytics.runtime.submit.LocalProcessSparkSubmitterLogTest
12:32:40.833 [main] INFO com.graduation.analytics.runtime.submit.LocalProcessSparkSubmitter -- spark-submit lp-1789360360820-a9f881 -> pid=67536 log=C:\Users\ASUS\AppData\Local\Temp\junit8710621316330330083\prefix-1789360360820__lp-1789360360820-a9f881.log
12:32:40.950 [main] INFO com.graduation.analytics.runtime.submit.LocalProcessSparkSubmitter -- spark-submit lp-1789360360940-0098c7 -> pid=63920 log=C:\Users\ASUS\AppData\Local\Temp\junit12847235282948493703\pipeline-9-LOAD_ODS__lp-1789360360940-0098c7.log
[INFO] Tests run: 4, Failures: 0, Errors: 0, Skipped: 0, Time elapsed: 0.246 s -- in com.graduation.analytics.runtime.submit.LocalProcessSparkSubmitterLogTest
[INFO] 
[INFO] Results:
[INFO] 
[ERROR] Failures: 
[ERROR]   PipelineServiceTest.adsQualityGateFailureBlocksFormalPartitionPublish:400 
expected: "PIPELINE_QUALITY_FAILED"
 but was: "STAGE_INTERNAL"
[ERROR]   PipelineServiceTest.duplicateRateBeyondThresholdBlocksPublish:490 
Expecting any element of:
  []
to satisfy the given assertions requirements but none did:


[ERROR]   PipelineServiceTest.duplicateRateWithinThresholdIsObservationAndStillPublishes:462 
expected: "SUCCESS"
 but was: "FAILED"
[ERROR]   PipelineServiceTest.errorSeverityFailureBlocksPublishAndLeavesActiveUntouched:436 
expected: "PIPELINE_QUALITY_FAILED"
 but was: "STAGE_INTERNAL"
[ERROR]   PipelineServiceTest.qualityFailureBlocksPublish:377 
expected: "PIPELINE_QUALITY_FAILED"
 but was: "STAGE_INTERNAL"
[ERROR]   PipelineServiceTest.retryReexecutesOnlyFailedStage:350 
expected: "SUCCESS"
 but was: "FAILED"
[ERROR]   PipelineServiceTest.sameIdempotencyKeyReturnsOriginalTask:279 
expected: "SUCCESS"
 but was: "FAILED"
[ERROR]   PipelineServiceTest.stageRecordsComeFromJobResultNotJavaEstimate:627 
expected: "SUCCESS"
 but was: "FAILED"
[ERROR]   PipelineServiceTest.submitReturnsPendingTaskIdImmediatelyWithoutBlocking:258 
expected: "SUCCESS"
 but was: "FAILED"
[ERROR]   PipelineServiceTest.waitLandingSuccessThenLoadOdsInStageOrder:299 
expected: "SUCCESS"
 but was: "FAILED"
[INFO] 
[ERROR] Tests run: 132, Failures: 10, Errors: 0, Skipped: 0
[INFO] 
[ERROR] There are test failures.

Please refer to D:\Develop_code\GraduationProject\analytics-server\warehouse-pipeline\target\surefire-reports for the individual test results.
Please refer to dump files (if any exist) [date].dump, [date]-jvmRun[N].dump and [date].dumpstream.
[INFO] 
[INFO] --------------< com.graduation.analytics:metric-analysis >--------------
[INFO] Building metric-analysis 0.1.0-SNAPSHOT                            [5/7]
[INFO]   from metric-analysis\pom.xml
[INFO] --------------------------------[ jar ]---------------------------------
[INFO] 
[INFO] --- resources:3.3.1:resources (default-resources) @ metric-analysis ---
[INFO] skip non existing resourceDirectory D:\Develop_code\GraduationProject\analytics-server\metric-analysis\src\main\resources
[INFO] skip non existing resourceDirectory D:\Develop_code\GraduationProject\analytics-server\metric-analysis\src\main\resources
[INFO] 
[INFO] --- compiler:3.11.0:compile (default-compile) @ metric-analysis ---
[INFO] Nothing to compile - all classes are up to date
[INFO] 
[INFO] --- resources:3.3.1:testResources (default-testResources) @ metric-analysis ---
[INFO] skip non existing resourceDirectory D:\Develop_code\GraduationProject\analytics-server\metric-analysis\src\test\resources
[INFO] 
[INFO] --- compiler:3.11.0:testCompile (default-testCompile) @ metric-analysis ---
[INFO] Nothing to compile - all classes are up to date
[INFO] 
[INFO] --- surefire:3.1.2:test (default-test) @ metric-analysis ---
[INFO] Using auto detected provider org.apache.maven.surefire.junitplatform.JUnitPlatformProvider
[INFO] 
[INFO] -------------------------------------------------------
[INFO]  T E S T S
[INFO] -------------------------------------------------------
Picked up JAVA_TOOL_OPTIONS: -Dfile.encoding=UTF-8
[INFO] Running com.graduation.analytics.analysis.AnalysisServiceTest
Java HotSpot(TM) 64-Bit Server VM warning: Sharing is only supported for boot loader classes because bootstrap classpath has been appended
12:32:45.372 [main] WARN com.graduation.analytics.analysis.AnalysisService -- quality gate unavailable for run 24: meta 库不可用
[INFO] Tests run: 9, Failures: 0, Errors: 0, Skipped: 0, Time elapsed: 1.784 s -- in com.graduation.analytics.analysis.AnalysisServiceTest
[INFO] Running com.graduation.analytics.analysis.AnalysisSourcePolicyTest
[INFO] Tests run: 3, Failures: 0, Errors: 0, Skipped: 0, Time elapsed: 0.031 s -- in com.graduation.analytics.analysis.AnalysisSourcePolicyTest
[INFO] Running com.graduation.analytics.analysis.AnalysisViewModelTest
[INFO] Tests run: 3, Failures: 0, Errors: 0, Skipped: 0, Time elapsed: 0.004 s -- in com.graduation.analytics.analysis.AnalysisViewModelTest
[INFO] Running com.graduation.analytics.analysis.RfmServiceTest
[INFO] Tests run: 5, Failures: 0, Errors: 0, Skipped: 0, Time elapsed: 0.044 s -- in com.graduation.analytics.analysis.RfmServiceTest
[INFO] Running com.graduation.analytics.metric.MetricAdsDaoTest
12:32:45.685 [main] INFO com.graduation.analytics.metric.MetricAdsWriter -- metric ads delete snapshot snap-r7: 共删除 16 行（8 张表）
12:32:45.760 [main] INFO com.graduation.analytics.metric.MetricAdsWriter -- metric ads insert ads_operation_overview_m (snapshot=snap-r7, dt=2026-09-04): 2 行 / 3 列
[INFO] Tests run: 9, Failures: 0, Errors: 0, Skipped: 0, Time elapsed: 0.253 s -- in com.graduation.analytics.metric.MetricAdsDaoTest
[INFO] Running com.graduation.analytics.metric.publish.MetricPublishValidatorSeverityTest
[INFO] Tests run: 10, Failures: 0, Errors: 0, Skipped: 0, Time elapsed: 0.161 s -- in com.graduation.analytics.metric.publish.MetricPublishValidatorSeverityTest
[INFO] Running com.graduation.analytics.metric.publish.MetricPublishValidatorTest
[INFO] Tests run: 9, Failures: 0, Errors: 0, Skipped: 0, Time elapsed: 0.519 s -- in com.graduation.analytics.metric.publish.MetricPublishValidatorTest
[INFO] 
[INFO] Results:
[INFO] 
[INFO] Tests run: 48, Failures: 0, Errors: 0, Skipped: 0
[INFO] 
[INFO] 
[INFO] ----------------< com.graduation.analytics:ai-decision >----------------
[INFO] Building ai-decision 0.1.0-SNAPSHOT                                [6/7]
[INFO]   from ai-decision\pom.xml
[INFO] --------------------------------[ jar ]---------------------------------
[INFO] 
[INFO] --- resources:3.3.1:resources (default-resources) @ ai-decision ---
[INFO] skip non existing resourceDirectory D:\Develop_code\GraduationProject\analytics-server\ai-decision\src\main\resources
[INFO] skip non existing resourceDirectory D:\Develop_code\GraduationProject\analytics-server\ai-decision\src\main\resources
[INFO] 
[INFO] --- compiler:3.11.0:compile (default-compile) @ ai-decision ---
[INFO] Nothing to compile - all classes are up to date
[INFO] 
[INFO] --- resources:3.3.1:testResources (default-testResources) @ ai-decision ---
[INFO] skip non existing resourceDirectory D:\Develop_code\GraduationProject\analytics-server\ai-decision\src\test\resources
[INFO] 
[INFO] --- compiler:3.11.0:testCompile (default-testCompile) @ ai-decision ---
[INFO] Nothing to compile - all classes are up to date
[INFO] 
[INFO] --- surefire:3.1.2:test (default-test) @ ai-decision ---
[INFO] Using auto detected provider org.apache.maven.surefire.junitplatform.JUnitPlatformProvider
[INFO] 
[INFO] -------------------------------------------------------
[INFO]  T E S T S
[INFO] -------------------------------------------------------
Picked up JAVA_TOOL_OPTIONS: -Dfile.encoding=UTF-8
[INFO] Running com.graduation.analytics.ai.AiSqlDriftTest
[INFO] Tests run: 6, Failures: 0, Errors: 0, Skipped: 0, Time elapsed: 0.093 s -- in com.graduation.analytics.ai.AiSqlDriftTest
[INFO] Running com.graduation.analytics.ai.AiSqlSecurityTest
Java HotSpot(TM) 64-Bit Server VM warning: Sharing is only supported for boot loader classes because bootstrap classpath has been appended
[INFO] Tests run: 33, Failures: 0, Errors: 0, Skipped: 0, Time elapsed: 2.482 s -- in com.graduation.analytics.ai.AiSqlSecurityTest
[INFO] Running com.graduation.analytics.ai.evidence.EvidenceBuilderTest
12:32:51.634 [main] WARN com.graduation.analytics.ai.evidence.EvidenceBuilder -- 证据包商品维度读取失败（降级为空维度）: metricReadDataSource 未配置
[INFO] Tests run: 7, Failures: 0, Errors: 0, Skipped: 0, Time elapsed: 0.793 s -- in com.graduation.analytics.ai.evidence.EvidenceBuilderTest
[INFO] Running com.graduation.analytics.ai.ExplanationEvidenceTest
12:32:52.031 [main] WARN com.graduation.analytics.ai.ExplanationService -- evidence explanation rewrite failed, fallback to template: timeout
[INFO] Tests run: 5, Failures: 0, Errors: 0, Skipped: 0, Time elapsed: 0.377 s -- in com.graduation.analytics.ai.ExplanationEvidenceTest
[INFO] Running com.graduation.analytics.ai.QuestionSafetyScreenTest
[INFO] Tests run: 3, Failures: 0, Errors: 0, Skipped: 0, Time elapsed: 0.015 s -- in com.graduation.analytics.ai.QuestionSafetyScreenTest
[INFO] Running com.graduation.analytics.ai.sql.ComponentWiringContractTest
[INFO] Tests run: 2, Failures: 0, Errors: 0, Skipped: 0, Time elapsed: 0.140 s -- in com.graduation.analytics.ai.sql.ComponentWiringContractTest
[INFO] Running com.graduation.analytics.ai.TextToSqlAuditTest
12:32:52.319 [main] WARN com.graduation.analytics.ai.TextToSqlService -- text-to-sql rejected at stage SCOPE_RESOLVE: [NO_ACTIVE_SNAPSHOT] metric_snapshot 中没有 status='ACTIVE'
12:32:52.913 [main] WARN com.graduation.analytics.ai.TextToSqlService -- text-to-sql rejected at stage REPAIR: [SQL_JOIN] 修复后仍未通过安全校验: 禁止 JOIN（第一阶段强制单表查询）
[INFO] Tests run: 4, Failures: 0, Errors: 0, Skipped: 0, Time elapsed: 0.720 s -- in com.graduation.analytics.ai.TextToSqlAuditTest
[INFO] Running com.graduation.analytics.decision.AuditActorTest
[INFO] Tests run: 2, Failures: 0, Errors: 0, Skipped: 0, Time elapsed: 0.007 s -- in com.graduation.analytics.decision.AuditActorTest
[INFO] Running com.graduation.analytics.decision.DecisionServiceTest
12:32:53.137 [main] INFO com.graduation.analytics.decision.DecisionService -- 决策 DC-20260901120000-abcd 批准 by=alice 基线=100.0000（快照 S20260901_24）窗口 3 天
12:32:53.143 [main] INFO com.graduation.analytics.decision.DecisionService -- 决策 DC-20260901120000-abcd 评价结果=EFFECTIVE 基线=100.0000 实际=80.0000 改善率=0.2000（窗口 2026-09-05~2026-09-07，口径 r8-window-v1）
12:32:53.156 [main] INFO com.graduation.analytics.decision.DecisionService -- 决策草稿创建 id=null no=DC-20260914123253-bf27 source=ai by=alice
12:32:53.166 [main] INFO com.graduation.analytics.decision.DecisionService -- 决策 DC-20260901120000-abcd 评价结果=EFFECTIVE 基线=100.0000 实际=120.0000 改善率=0.2000（窗口 2026-09-05~2026-09-07，口径 r8-window-v1）
12:32:53.177 [main] INFO com.graduation.analytics.decision.DecisionService -- 决策 DC-20260901120000-abcd 评价结果=INSUFFICIENT_DATA 基线=0.0000 实际=null 改善率=null（窗口 2026-09-05~2026-09-07，口径 r8-window-v1）
12:32:53.188 [main] INFO com.graduation.analytics.decision.DecisionService -- 决策 DC-20260901120000-abcd 评价结果=INSUFFICIENT_DATA 基线=100 实际=null 改善率=null（窗口 2026-09-05~2026-09-07，口径 r8-window-v1）
12:32:53.194 [main] INFO com.graduation.analytics.decision.DecisionService -- 决策 DC-20260901120000-abcd 评价结果=INSUFFICIENT_DATA 基线=100.0000 实际=null 改善率=null（窗口 2026-09-05~2026-09-07，口径 r8-window-v1）
12:32:53.197 [main] INFO com.graduation.analytics.decision.DecisionService -- 决策 DC-20260901120000-abcd 评价结果=EFFECTIVE 基线=100.0000 实际=110.0000 改善率=0.1000（窗口 2026-09-05~2026-09-07，口径 r8-window-v1）
12:32:53.210 [main] INFO com.graduation.analytics.decision.DecisionService -- 决策 DC-20260901120000-abcd 评价结果=PARTIAL 基线=100.0000 实际=102.0000 改善率=0.0200（窗口 2026-09-05~2026-09-07，口径 r8-window-v1）
12:32:53.216 [main] INFO com.graduation.analytics.decision.DecisionService -- 决策 DC-20260901120000-abcd 评价结果=INSUFFICIENT_DATA 基线=100.0000 实际=null 改善率=null（窗口 2026-09-05~2026-09-07，口径 r8-window-v1）
12:32:53.221 [main] INFO com.graduation.analytics.decision.DecisionService -- 决策 DC-20260901120000-abcd 评价结果=INEFFECTIVE 基线=100.0000 实际=90.0000 改善率=-0.1000（窗口 2026-09-05~2026-09-07，口径 r8-window-v1）
[INFO] Tests run: 22, Failures: 0, Errors: 0, Skipped: 0, Time elapsed: 0.291 s -- in com.graduation.analytics.decision.DecisionServiceTest
[INFO] Running com.graduation.analytics.decision.DecisionStateMachineTest
[INFO] Tests run: 7, Failures: 0, Errors: 0, Skipped: 0, Time elapsed: 0.009 s -- in com.graduation.analytics.decision.DecisionStateMachineTest
[INFO] 
[INFO] Results:
[INFO] 
[INFO] Tests run: 91, Failures: 0, Errors: 0, Skipped: 0
[INFO] 
[INFO] 
[INFO] ---------------< com.graduation.analytics:platform-app >----------------
[INFO] Building platform-app 0.1.0-SNAPSHOT                               [7/7]
[INFO]   from platform-app\pom.xml
[INFO] --------------------------------[ jar ]---------------------------------
[INFO] 
[INFO] --- resources:3.3.1:resources (default-resources) @ platform-app ---
[INFO] Copying 1 resource from src\main\resources to target\classes
[INFO] Copying 45 resources from src\main\resources to target\classes
[INFO] 
[INFO] --- compiler:3.11.0:compile (default-compile) @ platform-app ---
[INFO] Changes detected - recompiling the module! :source
[INFO] Compiling 20 source files with javac [debug release 17] to target\classes
[INFO] 
[INFO] --- resources:3.3.1:testResources (default-testResources) @ platform-app ---
[INFO] Copying 44 resources from src\test\resources to target\test-classes
[INFO] 
[INFO] --- compiler:3.11.0:testCompile (default-testCompile) @ platform-app ---
[INFO] Changes detected - recompiling the module! :dependency
[INFO] Compiling 20 source files with javac [debug release 17] to target\test-classes
[INFO] 
[INFO] --- surefire:3.1.2:test (default-test) @ platform-app ---
[INFO] Using auto detected provider org.apache.maven.surefire.junitplatform.JUnitPlatformProvider
[INFO] 
[INFO] -------------------------------------------------------
[INFO]  T E S T S
[INFO] -------------------------------------------------------
Picked up JAVA_TOOL_OPTIONS: -Dfile.encoding=UTF-8
[INFO] Running com.graduation.analytics.auth.UserAdminControllerAuditTest
Java HotSpot(TM) 64-Bit Server VM warning: Sharing is only supported for boot loader classes because bootstrap classpath has been appended
[INFO] Tests run: 7, Failures: 0, Errors: 0, Skipped: 0, Time elapsed: 1.631 s -- in com.graduation.analytics.auth.UserAdminControllerAuditTest
[INFO] Running com.graduation.analytics.boundary.PlatformMallBoundarySourcePolicyTest
[INFO] Tests run: 3, Failures: 0, Errors: 0, Skipped: 0, Time elapsed: 0.234 s -- in com.graduation.analytics.boundary.PlatformMallBoundarySourcePolicyTest
[INFO] Running com.graduation.analytics.controller.AiControllerIdentityTest
12:33:03.144 [main] WARN com.graduation.analytics.controller.AiController -- AI 问数未取到快照锚点（证据包=构建失败，结果行=null）：按 null 记录，不使用占位值
12:33:03.322 [main] WARN com.graduation.analytics.controller.AiController -- AI 问数未取到快照锚点（证据包=构建失败，结果行=null）：按 null 记录，不使用占位值
[INFO] Tests run: 7, Failures: 0, Errors: 0, Skipped: 0, Time elapsed: 0.718 s -- in com.graduation.analytics.controller.AiControllerIdentityTest
[INFO] Running com.graduation.analytics.controller.AiExplanationEndpointTest
12:33:03.500 [main] WARN com.graduation.analytics.controller.AiController -- 证据解释审计写入失败（operation_audit_log 是否已随 V14 建表？）: Table 'analytics_meta.operation_audit_log' doesn't exist
[INFO] Tests run: 7, Failures: 0, Errors: 0, Skipped: 0, Time elapsed: 0.192 s -- in com.graduation.analytics.controller.AiExplanationEndpointTest
[INFO] Running com.graduation.analytics.controller.AuthResponseMeasurementTest
12:33:04.306 [main] INFO org.hibernate.validator.internal.util.Version -- HV000001: Hibernate Validator 8.0.1.Final
12:33:04.923 [main] INFO org.springframework.mock.web.MockServletContext -- Initializing Spring TestDispatcherServlet ''
12:33:04.923 [main] INFO org.springframework.test.web.servlet.TestDispatcherServlet -- Initializing Servlet ''
12:33:04.930 [main] INFO org.springframework.test.web.servlet.TestDispatcherServlet -- Completed initialization in 6 ms
12:33:05.228 [main] INFO org.springframework.mock.web.MockServletContext -- Initializing Spring TestDispatcherServlet ''
12:33:05.228 [main] INFO org.springframework.test.web.servlet.TestDispatcherServlet -- Initializing Servlet ''
12:33:05.228 [main] INFO org.springframework.test.web.servlet.TestDispatcherServlet -- Completed initialization in 0 ms
12:33:05.271 [main] INFO org.springframework.mock.web.MockServletContext -- Initializing Spring TestDispatcherServlet ''
12:33:05.271 [main] INFO org.springframework.test.web.servlet.TestDispatcherServlet -- Initializing Servlet ''
12:33:05.271 [main] INFO org.springframework.test.web.servlet.TestDispatcherServlet -- Completed initialization in 0 ms
12:33:05.297 [main] INFO org.springframework.mock.web.MockServletContext -- Initializing Spring TestDispatcherServlet ''
12:33:05.297 [main] INFO org.springframework.test.web.servlet.TestDispatcherServlet -- Initializing Servlet ''
12:33:05.298 [main] INFO org.springframework.test.web.servlet.TestDispatcherServlet -- Completed initialization in 0 ms
12:33:05.324 [main] INFO org.springframework.mock.web.MockServletContext -- Initializing Spring TestDispatcherServlet ''
12:33:05.324 [main] INFO org.springframework.test.web.servlet.TestDispatcherServlet -- Initializing Servlet ''
12:33:05.324 [main] INFO org.springframework.test.web.servlet.TestDispatcherServlet -- Completed initialization in 0 ms
12:33:05.342 [main] INFO org.springframework.mock.web.MockServletContext -- Initializing Spring TestDispatcherServlet ''
12:33:05.342 [main] INFO org.springframework.test.web.servlet.TestDispatcherServlet -- Initializing Servlet ''
12:33:05.342 [main] INFO org.springframework.test.web.servlet.TestDispatcherServlet -- Completed initialization in 0 ms
[INFO] Tests run: 6, Failures: 0, Errors: 0, Skipped: 0, Time elapsed: 1.821 s -- in com.graduation.analytics.controller.AuthResponseMeasurementTest
[INFO] Running com.graduation.analytics.controller.CallerContextTest
[INFO] Tests run: 6, Failures: 0, Errors: 0, Skipped: 0, Time elapsed: 0.009 s -- in com.graduation.analytics.controller.CallerContextTest
[INFO] Running com.graduation.analytics.controller.ControllerPermissionCoverageTest
[INFO] Tests run: 5, Failures: 0, Errors: 0, Skipped: 0, Time elapsed: 0.729 s -- in com.graduation.analytics.controller.ControllerPermissionCoverageTest
[INFO] Running com.graduation.analytics.controller.DecisionControllerAuditTest
12:33:06.120 [main] ERROR com.graduation.analytics.controller.DecisionController -- 决策失败审计写入失败: action=DECISION_REJECT, id=3
java.lang.RuntimeException: audit db down
	at com.graduation.analytics.decision.OperationAuditService.failure(OperationAuditService.java:61)
	at com.graduation.analytics.controller.DecisionController.action(DecisionController.java:151)
	at com.graduation.analytics.controller.DecisionController.reject(DecisionController.java:88)
	at com.graduation.analytics.controller.DecisionControllerAuditTest.lambda$auditFailureDoesNotMaskBusinessError$2(DecisionControllerAuditTest.java:97)
	at org.junit.jupiter.api.AssertThrows.assertThrows(AssertThrows.java:53)
	at org.junit.jupiter.api.AssertThrows.assertThrows(AssertThrows.java:35)
	at org.junit.jupiter.api.Assertions.assertThrows(Assertions.java:3115)
	at com.graduation.analytics.controller.DecisionControllerAuditTest.auditFailureDoesNotMaskBusinessError(DecisionControllerAuditTest.java:96)
	at java.base/jdk.internal.reflect.NativeMethodAccessorImpl.invoke0(Native Method)
	at java.base/jdk.internal.reflect.NativeMethodAccessorImpl.invoke(NativeMethodAccessorImpl.java:77)
	at java.base/jdk.internal.reflect.DelegatingMethodAccessorImpl.invoke(DelegatingMethodAccessorImpl.java:43)
	at java.base/java.lang.reflect.Method.invoke(Method.java:568)
	at org.junit.platform.commons.util.ReflectionUtils.invokeMethod(ReflectionUtils.java:728)
	at org.junit.jupiter.engine.execution.MethodInvocation.proceed(MethodInvocation.java:60)
	at org.junit.jupiter.engine.execution.InvocationInterceptorChain$ValidatingInvocation.proceed(InvocationInterceptorChain.java:131)
	at org.junit.jupiter.engine.extension.TimeoutExtension.intercept(TimeoutExtension.java:156)
	at org.junit.jupiter.engine.extension.TimeoutExtension.interceptTestableMethod(TimeoutExtension.java:147)
	at org.junit.jupiter.engine.extension.TimeoutExtension.interceptTestMethod(TimeoutExtension.java:86)
	at org.junit.jupiter.engine.execution.InterceptingExecutableInvoker$ReflectiveInterceptorCall.lambda$ofVoidMethod$0(InterceptingExecutableInvoker.java:103)
	at org.junit.jupiter.engine.execution.InterceptingExecutableInvoker.lambda$invoke$0(InterceptingExecutableInvoker.java:93)
	at org.junit.jupiter.engine.execution.InvocationInterceptorChain$InterceptedInvocation.proceed(InvocationInterceptorChain.java:106)
	at org.junit.jupiter.engine.execution.InvocationInterceptorChain.proceed(InvocationInterceptorChain.java:64)
	at org.junit.jupiter.engine.execution.InvocationInterceptorChain.chainAndInvoke(InvocationInterceptorChain.java:45)
	at org.junit.jupiter.engine.execution.InvocationInterceptorChain.invoke(InvocationInterceptorChain.java:37)
	at org.junit.jupiter.engine.execution.InterceptingExecutableInvoker.invoke(InterceptingExecutableInvoker.java:92)
	at org.junit.jupiter.engine.execution.InterceptingExecutableInvoker.invoke(InterceptingExecutableInvoker.java:86)
	at org.junit.jupiter.engine.descriptor.TestMethodTestDescriptor.lambda$invokeTestMethod$7(TestMethodTestDescriptor.java:218)
	at org.junit.platform.engine.support.hierarchical.ThrowableCollector.execute(ThrowableCollector.java:73)
	at org.junit.jupiter.engine.descriptor.TestMethodTestDescriptor.invokeTestMethod(TestMethodTestDescriptor.java:214)
	at org.junit.jupiter.engine.descriptor.TestMethodTestDescriptor.execute(TestMethodTestDescriptor.java:139)
	at org.junit.jupiter.engine.descriptor.TestMethodTestDescriptor.execute(TestMethodTestDescriptor.java:69)
	at org.junit.platform.engine.support.hierarchical.NodeTestTask.lambda$executeRecursively$6(NodeTestTask.java:151)
	at org.junit.platform.engine.support.hierarchical.ThrowableCollector.execute(ThrowableCollector.java:73)
	at org.junit.platform.engine.support.hierarchical.NodeTestTask.lambda$executeRecursively$8(NodeTestTask.java:141)
	at org.junit.platform.engine.support.hierarchical.Node.around(Node.java:137)
	at org.junit.platform.engine.support.hierarchical.NodeTestTask.lambda$executeRecursively$9(NodeTestTask.java:139)
	at org.junit.platform.engine.support.hierarchical.ThrowableCollector.execute(ThrowableCollector.java:73)
	at org.junit.platform.engine.support.hierarchical.NodeTestTask.executeRecursively(NodeTestTask.java:138)
	at org.junit.platform.engine.support.hierarchical.NodeTestTask.execute(NodeTestTask.java:95)
	at java.base/java.util.ArrayList.forEach(ArrayList.java:1511)
	at org.junit.platform.engine.support.hierarchical.SameThreadHierarchicalTestExecutorService.invokeAll(SameThreadHierarchicalTestExecutorService.java:41)
	at org.junit.platform.engine.support.hierarchical.NodeTestTask.lambda$executeRecursively$6(NodeTestTask.java:155)
	at org.junit.platform.engine.support.hierarchical.ThrowableCollector.execute(ThrowableCollector.java:73)
	at org.junit.platform.engine.support.hierarchical.NodeTestTask.lambda$executeRecursively$8(NodeTestTask.java:141)
	at org.junit.platform.engine.support.hierarchical.Node.around(Node.java:137)
	at org.junit.platform.engine.support.hierarchical.NodeTestTask.lambda$executeRecursively$9(NodeTestTask.java:139)
	at org.junit.platform.engine.support.hierarchical.ThrowableCollector.execute(ThrowableCollector.java:73)
	at org.junit.platform.engine.support.hierarchical.NodeTestTask.executeRecursively(NodeTestTask.java:138)
	at org.junit.platform.engine.support.hierarchical.NodeTestTask.execute(NodeTestTask.java:95)
	at java.base/java.util.ArrayList.forEach(ArrayList.java:1511)
	at org.junit.platform.engine.support.hierarchical.SameThreadHierarchicalTestExecutorService.invokeAll(SameThreadHierarchicalTestExecutorService.java:41)
	at org.junit.platform.engine.support.hierarchical.NodeTestTask.lambda$executeRecursively$6(NodeTestTask.java:155)
	at org.junit.platform.engine.support.hierarchical.ThrowableCollector.execute(ThrowableCollector.java:73)
	at org.junit.platform.engine.support.hierarchical.NodeTestTask.lambda$executeRecursively$8(NodeTestTask.java:141)
	at org.junit.platform.engine.support.hierarchical.Node.around(Node.java:137)
	at org.junit.platform.engine.support.hierarchical.NodeTestTask.lambda$executeRecursively$9(NodeTestTask.java:139)
	at org.junit.platform.engine.support.hierarchical.ThrowableCollector.execute(ThrowableCollector.java:73)
	at org.junit.platform.engine.support.hierarchical.NodeTestTask.executeRecursively(NodeTestTask.java:138)
	at org.junit.platform.engine.support.hierarchical.NodeTestTask.execute(NodeTestTask.java:95)
	at org.junit.platform.engine.support.hierarchical.SameThreadHierarchicalTestExecutorService.submit(SameThreadHierarchicalTestExecutorService.java:35)
	at org.junit.platform.engine.support.hierarchical.HierarchicalTestExecutor.execute(HierarchicalTestExecutor.java:57)
	at org.junit.platform.engine.support.hierarchical.HierarchicalTestEngine.execute(HierarchicalTestEngine.java:54)
	at org.junit.platform.launcher.core.EngineExecutionOrchestrator.execute(EngineExecutionOrchestrator.java:198)
	at org.junit.platform.launcher.core.EngineExecutionOrchestrator.execute(EngineExecutionOrchestrator.java:169)
	at org.junit.platform.launcher.core.EngineExecutionOrchestrator.execute(EngineExecutionOrchestrator.java:93)
	at org.junit.platform.launcher.core.EngineExecutionOrchestrator.lambda$execute$0(EngineExecutionOrchestrator.java:58)
	at org.junit.platform.launcher.core.EngineExecutionOrchestrator.withInterceptedStreams(EngineExecutionOrchestrator.java:141)
	at org.junit.platform.launcher.core.EngineExecutionOrchestrator.execute(EngineExecutionOrchestrator.java:57)
	at org.junit.platform.launcher.core.DefaultLauncher.execute(DefaultLauncher.java:103)
	at org.junit.platform.launcher.core.DefaultLauncher.execute(DefaultLauncher.java:85)
	at org.junit.platform.launcher.core.DelegatingLauncher.execute(DelegatingLauncher.java:47)
	at org.apache.maven.surefire.junitplatform.LazyLauncher.execute(LazyLauncher.java:56)
	at org.apache.maven.surefire.junitplatform.JUnitPlatformProvider.execute(JUnitPlatformProvider.java:184)
	at org.apache.maven.surefire.junitplatform.JUnitPlatformProvider.invokeAllTests(JUnitPlatformProvider.java:148)
	at org.apache.maven.surefire.junitplatform.JUnitPlatformProvider.invoke(JUnitPlatformProvider.java:122)
	at org.apache.maven.surefire.booter.ForkedBooter.runSuitesInProcess(ForkedBooter.java:385)
	at org.apache.maven.surefire.booter.ForkedBooter.execute(ForkedBooter.java:162)
	at org.apache.maven.surefire.booter.ForkedBooter.run(ForkedBooter.java:507)
	at org.apache.maven.surefire.booter.ForkedBooter.main(ForkedBooter.java:495)
[INFO] Tests run: 6, Failures: 0, Errors: 0, Skipped: 0, Time elapsed: 0.046 s -- in com.graduation.analytics.controller.DecisionControllerAuditTest
[INFO] Running com.graduation.analytics.controller.DecisionControllerIdentityTest
[INFO] Tests run: 5, Failures: 0, Errors: 0, Skipped: 0, Time elapsed: 0.019 s -- in com.graduation.analytics.controller.DecisionControllerIdentityTest
[INFO] Running com.graduation.analytics.controller.SourceRegistryControllerAuditTest
12:33:06.311 [main] ERROR com.graduation.analytics.controller.SourceRegistryController -- 源登记审计写入失败（不掩盖原始异常） action=SOURCE_ACTIVATE id=3 trace=8793c24c-58ca-4cdc-9475-f1ddb89c1555
java.lang.RuntimeException: audit db down
	at com.graduation.analytics.decision.OperationAuditService.failure(OperationAuditService.java:61)
	at com.graduation.analytics.controller.SourceRegistryController.auditFailure(SourceRegistryController.java:146)
	at com.graduation.analytics.controller.SourceRegistryController.mutate(SourceRegistryController.java:128)
	at com.graduation.analytics.controller.SourceRegistryController.activate(SourceRegistryController.java:100)
	at com.graduation.analytics.controller.SourceRegistryControllerAuditTest.lambda$auditFailureDoesNotMaskBusinessError$1(SourceRegistryControllerAuditTest.java:137)
	at org.assertj.core.api.ThrowableAssert.catchThrowable(ThrowableAssert.java:63)
	at org.assertj.core.api.AssertionsForClassTypes.catchThrowable(AssertionsForClassTypes.java:892)
	at org.assertj.core.api.Assertions.catchThrowable(Assertions.java:1366)
	at org.assertj.core.api.Assertions.assertThatThrownBy(Assertions.java:1210)
	at com.graduation.analytics.controller.SourceRegistryControllerAuditTest.auditFailureDoesNotMaskBusinessError(SourceRegistryControllerAuditTest.java:137)
	at java.base/jdk.internal.reflect.NativeMethodAccessorImpl.invoke0(Native Method)
	at java.base/jdk.internal.reflect.NativeMethodAccessorImpl.invoke(NativeMethodAccessorImpl.java:77)
	at java.base/jdk.internal.reflect.DelegatingMethodAccessorImpl.invoke(DelegatingMethodAccessorImpl.java:43)
	at java.base/java.lang.reflect.Method.invoke(Method.java:568)
	at org.junit.platform.commons.util.ReflectionUtils.invokeMethod(ReflectionUtils.java:728)
	at org.junit.jupiter.engine.execution.MethodInvocation.proceed(MethodInvocation.java:60)
	at org.junit.jupiter.engine.execution.InvocationInterceptorChain$ValidatingInvocation.proceed(InvocationInterceptorChain.java:131)
	at org.junit.jupiter.engine.extension.TimeoutExtension.intercept(TimeoutExtension.java:156)
	at org.junit.jupiter.engine.extension.TimeoutExtension.interceptTestableMethod(TimeoutExtension.java:147)
	at org.junit.jupiter.engine.extension.TimeoutExtension.interceptTestMethod(TimeoutExtension.java:86)
	at org.junit.jupiter.engine.execution.InterceptingExecutableInvoker$ReflectiveInterceptorCall.lambda$ofVoidMethod$0(InterceptingExecutableInvoker.java:103)
	at org.junit.jupiter.engine.execution.InterceptingExecutableInvoker.lambda$invoke$0(InterceptingExecutableInvoker.java:93)
	at org.junit.jupiter.engine.execution.InvocationInterceptorChain$InterceptedInvocation.proceed(InvocationInterceptorChain.java:106)
	at org.junit.jupiter.engine.execution.InvocationInterceptorChain.proceed(InvocationInterceptorChain.java:64)
	at org.junit.jupiter.engine.execution.InvocationInterceptorChain.chainAndInvoke(InvocationInterceptorChain.java:45)
	at org.junit.jupiter.engine.execution.InvocationInterceptorChain.invoke(InvocationInterceptorChain.java:37)
	at org.junit.jupiter.engine.execution.InterceptingExecutableInvoker.invoke(InterceptingExecutableInvoker.java:92)
	at org.junit.jupiter.engine.execution.InterceptingExecutableInvoker.invoke(InterceptingExecutableInvoker.java:86)
	at org.junit.jupiter.engine.descriptor.TestMethodTestDescriptor.lambda$invokeTestMethod$7(TestMethodTestDescriptor.java:218)
	at org.junit.platform.engine.support.hierarchical.ThrowableCollector.execute(ThrowableCollector.java:73)
	at org.junit.jupiter.engine.descriptor.TestMethodTestDescriptor.invokeTestMethod(TestMethodTestDescriptor.java:214)
	at org.junit.jupiter.engine.descriptor.TestMethodTestDescriptor.execute(TestMethodTestDescriptor.java:139)
	at org.junit.jupiter.engine.descriptor.TestMethodTestDescriptor.execute(TestMethodTestDescriptor.java:69)
	at org.junit.platform.engine.support.hierarchical.NodeTestTask.lambda$executeRecursively$6(NodeTestTask.java:151)
	at org.junit.platform.engine.support.hierarchical.ThrowableCollector.execute(ThrowableCollector.java:73)
	at org.junit.platform.engine.support.hierarchical.NodeTestTask.lambda$executeRecursively$8(NodeTestTask.java:141)
	at org.junit.platform.engine.support.hierarchical.Node.around(Node.java:137)
	at org.junit.platform.engine.support.hierarchical.NodeTestTask.lambda$executeRecursively$9(NodeTestTask.java:139)
	at org.junit.platform.engine.support.hierarchical.ThrowableCollector.execute(ThrowableCollector.java:73)
	at org.junit.platform.engine.support.hierarchical.NodeTestTask.executeRecursively(NodeTestTask.java:138)
	at org.junit.platform.engine.support.hierarchical.NodeTestTask.execute(NodeTestTask.java:95)
	at java.base/java.util.ArrayList.forEach(ArrayList.java:1511)
	at org.junit.platform.engine.support.hierarchical.SameThreadHierarchicalTestExecutorService.invokeAll(SameThreadHierarchicalTestExecutorService.java:41)
	at org.junit.platform.engine.support.hierarchical.NodeTestTask.lambda$executeRecursively$6(NodeTestTask.java:155)
	at org.junit.platform.engine.support.hierarchical.ThrowableCollector.execute(ThrowableCollector.java:73)
	at org.junit.platform.engine.support.hierarchical.NodeTestTask.lambda$executeRecursively$8(NodeTestTask.java:141)
	at org.junit.platform.engine.support.hierarchical.Node.around(Node.java:137)
	at org.junit.platform.engine.support.hierarchical.NodeTestTask.lambda$executeRecursively$9(NodeTestTask.java:139)
	at org.junit.platform.engine.support.hierarchical.ThrowableCollector.execute(ThrowableCollector.java:73)
	at org.junit.platform.engine.support.hierarchical.NodeTestTask.executeRecursively(NodeTestTask.java:138)
	at org.junit.platform.engine.support.hierarchical.NodeTestTask.execute(NodeTestTask.java:95)
	at java.base/java.util.ArrayList.forEach(ArrayList.java:1511)
	at org.junit.platform.engine.support.hierarchical.SameThreadHierarchicalTestExecutorService.invokeAll(SameThreadHierarchicalTestExecutorService.java:41)
	at org.junit.platform.engine.support.hierarchical.NodeTestTask.lambda$executeRecursively$6(NodeTestTask.java:155)
	at org.junit.platform.engine.support.hierarchical.ThrowableCollector.execute(ThrowableCollector.java:73)
	at org.junit.platform.engine.support.hierarchical.NodeTestTask.lambda$executeRecursively$8(NodeTestTask.java:141)
	at org.junit.platform.engine.support.hierarchical.Node.around(Node.java:137)
	at org.junit.platform.engine.support.hierarchical.NodeTestTask.lambda$executeRecursively$9(NodeTestTask.java:139)
	at org.junit.platform.engine.support.hierarchical.ThrowableCollector.execute(ThrowableCollector.java:73)
	at org.junit.platform.engine.support.hierarchical.NodeTestTask.executeRecursively(NodeTestTask.java:138)
	at org.junit.platform.engine.support.hierarchical.NodeTestTask.execute(NodeTestTask.java:95)
	at org.junit.platform.engine.support.hierarchical.SameThreadHierarchicalTestExecutorService.submit(SameThreadHierarchicalTestExecutorService.java:35)
	at org.junit.platform.engine.support.hierarchical.HierarchicalTestExecutor.execute(HierarchicalTestExecutor.java:57)
	at org.junit.platform.engine.support.hierarchical.HierarchicalTestEngine.execute(HierarchicalTestEngine.java:54)
	at org.junit.platform.launcher.core.EngineExecutionOrchestrator.execute(EngineExecutionOrchestrator.java:198)
	at org.junit.platform.launcher.core.EngineExecutionOrchestrator.execute(EngineExecutionOrchestrator.java:169)
	at org.junit.platform.launcher.core.EngineExecutionOrchestrator.execute(EngineExecutionOrchestrator.java:93)
	at org.junit.platform.launcher.core.EngineExecutionOrchestrator.lambda$execute$0(EngineExecutionOrchestrator.java:58)
	at org.junit.platform.launcher.core.EngineExecutionOrchestrator.withInterceptedStreams(EngineExecutionOrchestrator.java:141)
	at org.junit.platform.launcher.core.EngineExecutionOrchestrator.execute(EngineExecutionOrchestrator.java:57)
	at org.junit.platform.launcher.core.DefaultLauncher.execute(DefaultLauncher.java:103)
	at org.junit.platform.launcher.core.DefaultLauncher.execute(DefaultLauncher.java:85)
	at org.junit.platform.launcher.core.DelegatingLauncher.execute(DelegatingLauncher.java:47)
	at org.apache.maven.surefire.junitplatform.LazyLauncher.execute(LazyLauncher.java:56)
	at org.apache.maven.surefire.junitplatform.JUnitPlatformProvider.execute(JUnitPlatformProvider.java:184)
	at org.apache.maven.surefire.junitplatform.JUnitPlatformProvider.invokeAllTests(JUnitPlatformProvider.java:148)
	at org.apache.maven.surefire.junitplatform.JUnitPlatformProvider.invoke(JUnitPlatformProvider.java:122)
	at org.apache.maven.surefire.booter.ForkedBooter.runSuitesInProcess(ForkedBooter.java:385)
	at org.apache.maven.surefire.booter.ForkedBooter.execute(ForkedBooter.java:162)
	at org.apache.maven.surefire.booter.ForkedBooter.run(ForkedBooter.java:507)
	at org.apache.maven.surefire.booter.ForkedBooter.main(ForkedBooter.java:495)
[INFO] Tests run: 17, Failures: 0, Errors: 0, Skipped: 0, Time elapsed: 0.163 s -- in com.graduation.analytics.controller.SourceRegistryControllerAuditTest
[INFO] Running com.graduation.analytics.ingestion.IngestionManifestRuntimePatrolTest
[V25-T02 巡检] 目录=D:\Develop_code\GraduationProject\landing\manifests
冻结清单核对: 43 个；违规: 0
新到文件（不判红）: 0
[INFO] Tests run: 3, Failures: 0, Errors: 0, Skipped: 0, Time elapsed: 0.174 s -- in com.graduation.analytics.ingestion.IngestionManifestRuntimePatrolTest
[INFO] Running com.graduation.analytics.ingestion.IngestionManifestSourceSchemaTest
[V25-T02 冻结登记] frozenAt=2026-09-14 依据=D-037 裁决 6：历史清单不可变、不许回填。本清单是版本库内唯一的不可变基准；landing/ 本身被 .gitignore:30 排除，属运行期产物。
[INFO] Tests run: 9, Failures: 0, Errors: 0, Skipped: 0, Time elapsed: 0.081 s -- in com.graduation.analytics.ingestion.IngestionManifestSourceSchemaTest
[INFO] Running com.graduation.analytics.source.FileCheckpointSourceMigrationScriptTest
[INFO] Tests run: 7, Failures: 0, Errors: 0, Skipped: 0, Time elapsed: 0.035 s -- in com.graduation.analytics.source.FileCheckpointSourceMigrationScriptTest
[INFO] Running com.graduation.analytics.source.SourceProfileFixtureTest
[INFO] Tests run: 4, Failures: 0, Errors: 0, Skipped: 0, Time elapsed: 0.011 s -- in com.graduation.analytics.source.SourceProfileFixtureTest
[INFO] Running com.graduation.analytics.source.SourceRegistryMigrationScriptTest
[INFO] Tests run: 6, Failures: 0, Errors: 0, Skipped: 0, Time elapsed: 0.011 s -- in com.graduation.analytics.source.SourceRegistryMigrationScriptTest
[INFO] Running com.graduation.analytics.source.SourceWarehousePrefixMigrationScriptTest
[INFO] Tests run: 6, Failures: 0, Errors: 0, Skipped: 0, Time elapsed: 0.017 s -- in com.graduation.analytics.source.SourceWarehousePrefixMigrationScriptTest
[INFO] 
[INFO] Results:
[INFO] 
[INFO] Tests run: 104, Failures: 0, Errors: 0, Skipped: 0
[INFO] 
[INFO] ------------------------------------------------------------------------
[INFO] Reactor Summary for analytics-server 0.1.0-SNAPSHOT:
[INFO] 
[INFO] analytics-server ................................... SUCCESS [  0.007 s]
[INFO] platform-common .................................... SUCCESS [  5.447 s]
[INFO] connection-ingestion ............................... SUCCESS [  9.916 s]
[INFO] warehouse-pipeline ................................. SUCCESS [ 49.636 s]
[INFO] metric-analysis .................................... SUCCESS [  5.434 s]
[INFO] ai-decision ........................................ SUCCESS [  6.856 s]
[INFO] platform-app ....................................... SUCCESS [ 13.335 s]
[INFO] ------------------------------------------------------------------------
[INFO] BUILD SUCCESS
[INFO] ------------------------------------------------------------------------
[INFO] Total time:  01:30 min
[INFO] Finished at: 2026-09-14T12:33:06+08:00
[INFO] ------------------------------------------------------------------------
### EXIT=0
### 结束: 2026-09-14 12:33:06
